pca_x,pca_y,cluster,cluster_name,loan_amount,income,interest_rate,ltv
0.19495419913958,1.0657625408570914,0,Kelas Menengah (Grup 1),865000,208.0,6.75,
-0.2896570382380258,0.6075887684696605,0,Kelas Menengah (Grup 1),515000,,6.0,
-2.18099205693718,0.5449067890933779,0,Kelas Menengah (Grup 1),75000,41.0,,60.8
0.13887709343721638,0.2579888611011138,0,Kelas Menengah (Grup 1),155000,51.0,5.625,101.409
-1.506890584874309,-0.0832729033726501,0,Kelas Menengah (Grup 1),155000,67.0,4.5,96.837
-1.4204349822491988,0.4948712217336347,0,Kelas Menengah (Grup 1),115000,75.0,,
-1.4509091042051585,0.9123366635658918,0,Kelas Menengah (Grup 1),205000,,3.5,
-1.971651167926397,6.24124411547483,0,Kelas Menengah (Grup 1),425000,204.0,6.875,75.0
0.09554168587947495,1.0581757594759078,0,Kelas Menengah (Grup 1),205000,59.0,5.0,96.5
-0.7062315435638848,0.7805755537554218,0,Kelas Menengah (Grup 1),255000,,4.5,
-1.4934471996121113,-1.1192385591424294,0,Kelas Menengah (Grup 1),265000,261.0,6.375,34.788
-0.24861572437710974,1.0815371523737072,0,Kelas Menengah (Grup 1),275000,187.0,,
-0.2923397703576729,0.661745904749445,0,Kelas Menengah (Grup 1),25000,13.0,,
-0.7888205430833807,0.8188956797511271,0,Kelas Menengah (Grup 1),85000,,4.25,
-1.6902322870743343,0.04664262451085814,0,Kelas Menengah (Grup 1),225000,41.0,4.125,101.5
-0.5769672436232115,0.45453608061506523,0,Kelas Menengah (Grup 1),265000,52.0,3.75,100.0
-0.6875102332324584,0.3123792027436394,0,Kelas Menengah (Grup 1),315000,,5.125,
-2.181354085145241,0.29738644648865736,0,Kelas Menengah (Grup 1),35000,60.0,,73.476
-0.49528442878204315,0.12011414701744501,0,Kelas Menengah (Grup 1),125000,,4.625,
0.05581895816481213,0.8062917487320719,0,Kelas Menengah (Grup 1),225000,82.0,,
-2.6236102024975083,10.510538559754947,0,Kelas Menengah (Grup 1),155000,131.0,,
-2.354955370821915,0.44070300622427333,0,Kelas Menengah (Grup 1),65000,10.0,,
-0.8060121628759039,0.6600434819606094,0,Kelas Menengah (Grup 1),375000,93.0,5.99,95.0
-0.4925900511110366,0.4165172423375197,0,Kelas Menengah (Grup 1),95000,67.0,,
-0.47569798258259216,0.5265680436224341,0,Kelas Menengah (Grup 1),135000,73.0,3.625,50.0
-1.3609239409972618,0.35448148869521684,0,Kelas Menengah (Grup 1),235000,64.0,,
-0.8502905323941721,0.2814669530561162,0,Kelas Menengah (Grup 1),115000,31.0,3.5,85.0
-0.41572846540245634,0.8083953121082548,0,Kelas Menengah (Grup 1),55000,10.0,,
-1.1256288879932403,0.5233904472504026,0,Kelas Menengah (Grup 1),245000,57.0,,
-0.9730969850993021,0.4671430397574176,0,Kelas Menengah (Grup 1),415000,123.0,3.5,94.0
-2.49666211491322,0.7752038022777492,0,Kelas Menengah (Grup 1),195000,,3.625,
-0.09491178917903065,0.36554396195110633,0,Kelas Menengah (Grup 1),95000,37.0,3.95,30.2
-0.9738558616497082,0.9165999103563873,0,Kelas Menengah (Grup 1),55000,79.0,,
-1.1723854120478512,-0.0782050983705786,0,Kelas Menengah (Grup 1),35000,141.0,6.0,89.956
-1.0567844501447592,0.9658565194593601,0,Kelas Menengah (Grup 1),345000,,5.0,51.49
-1.0456274196670197,1.0708641390047149,0,Kelas Menengah (Grup 1),145000,111.0,,
-0.8178707501241146,0.1214497373051975,0,Kelas Menengah (Grup 1),215000,,5.25,
-1.5116159161515583,-0.13301675610104186,0,Kelas Menengah (Grup 1),65000,107.0,,
0.1433419103536332,1.0676275631162433,0,Kelas Menengah (Grup 1),805000,151.0,2.0,32.0
-1.7631337221670047,0.26312377763502454,0,Kelas Menengah (Grup 1),155000,82.0,3.0,37.975
-1.155174159749958,0.32324572772026994,0,Kelas Menengah (Grup 1),75000,42.0,5.48,22.59
-1.1914323422837878,1.1251925285164404,0,Kelas Menengah (Grup 1),265000,65.0,,85.0
-1.2780212273907634,0.313325014881603,0,Kelas Menengah (Grup 1),125000,172.0,6.3,61.92
-2.0433923280334496,0.24175645507525065,0,Kelas Menengah (Grup 1),115000,,4.5,93.05
-2.0417398929762753,0.8444135266739977,0,Kelas Menengah (Grup 1),255000,73.0,,
-1.8991109430567341,1.675624800380076,0,Kelas Menengah (Grup 1),85000,,5.125,
-0.9091376247885734,1.3428896972271236,0,Kelas Menengah (Grup 1),145000,,6.25,
-1.228141262222605,0.7456519122691845,0,Kelas Menengah (Grup 1),95000,41.0,,
-1.2457245055835384,0.6840379399913818,0,Kelas Menengah (Grup 1),275000,,3.875,
-1.5316616666639797,0.8919109404742763,0,Kelas Menengah (Grup 1),175000,71.0,3.0,89.0
-1.3719062994134663,0.7583740941644349,0,Kelas Menengah (Grup 1),945000,212.0,,
-0.5506353139048535,0.627880241388451,0,Kelas Menengah (Grup 1),145000,30.0,4.938,96.5
-1.4719446208096145,-0.6007489362630354,0,Kelas Menengah (Grup 1),335000,77.0,,
-0.1437084976172301,1.0656352854118174,0,Kelas Menengah (Grup 1),195000,390.0,,
-0.5713838466324991,1.2462981833580498,0,Kelas Menengah (Grup 1),45000,120.0,,60.0
-0.850800263076004,0.20721823718239976,0,Kelas Menengah (Grup 1),85000,71.0,,
-1.528996384891333,0.22515837180885334,0,Kelas Menengah (Grup 1),335000,140.0,6.25,102.0
-1.6969244344768941,0.5987392768717027,0,Kelas Menengah (Grup 1),425000,158.0,,84.0
-1.1797289584081478,0.15383467668288442,0,Kelas Menengah (Grup 1),215000,,4.0,62.653
-0.6444512639256882,1.0666438318914613,0,Kelas Menengah (Grup 1),475000,,4.125,
-1.663188016506585,0.8180854323338229,0,Kelas Menengah (Grup 1),205000,85.0,,
-0.6370339461116685,1.3691636351000687,0,Kelas Menengah (Grup 1),65000,,,51.0
-0.2043412162780697,0.4603995846683912,0,Kelas Menengah (Grup 1),165000,,4.75,
-0.6295034574446464,1.2128117978621014,0,Kelas Menengah (Grup 1),485000,107.0,,80.0
-2.1487367191438698,-0.8624183050933029,0,Kelas Menengah (Grup 1),175000,24.0,,
-0.3372288432123824,0.03564639806488067,0,Kelas Menengah (Grup 1),665000,120.0,,
-1.03153584955229,0.45652094560564777,0,Kelas Menengah (Grup 1),105000,90.0,6.24,15.57
-1.7915610194736957,0.8412069591616594,0,Kelas Menengah (Grup 1),65000,39.0,2.75,37.5
-2.24982089024263,0.6518189683743034,0,Kelas Menengah (Grup 1),25000,,,41.494
-1.2711044408120262,0.524694716859635,0,Kelas Menengah (Grup 1),35000,,6.875,
-4.224958621739032,-0.207953434151401,0,Kelas Menengah (Grup 1),115000,0.0,,56.061
-1.340203416522382,0.25609479399026724,0,Kelas Menengah (Grup 1),165000,27.0,,
-1.2766583055028904,0.8066205359744261,0,Kelas Menengah (Grup 1),95000,,4.625,
-1.382248734978502,0.662545543904021,0,Kelas Menengah (Grup 1),165000,18.0,,76.526
-0.609912608164499,0.7709565184178819,0,Kelas Menengah (Grup 1),145000,59.0,3.375,57.143
-1.838007683777357,0.8497949826296352,0,Kelas Menengah (Grup 1),345000,,5.625,
-1.2105170111250934,0.7920106623907025,0,Kelas Menengah (Grup 1),205000,63.0,,
-2.631043398637589,-0.20242189758737814,0,Kelas Menengah (Grup 1),75000,21.0,,
-0.030120394151216527,0.25984911074342487,0,Kelas Menengah (Grup 1),55000,21.0,4.5,46.512
-1.882190786427654,0.6758763911933112,0,Kelas Menengah (Grup 1),65000,,9.5,
-1.3138953597157215,-0.23910170960645286,0,Kelas Menengah (Grup 1),145000,41.0,3.125,
-0.951538007864598,1.0721986330982547,0,Kelas Menengah (Grup 1),175000,45.0,6.5,99.757
-4.220897537392909,-0.20641494297239749,0,Kelas Menengah (Grup 1),165000,37.0,4.375,88.0
-1.5427268734435915,0.3719898301192819,0,Kelas Menengah (Grup 1),45000,43.0,3.25,76.22
-1.1561879747976715,0.47949832518805174,0,Kelas Menengah (Grup 1),155000,51.0,4.0,100.0
-1.1361707895911812,0.7167876792535067,0,Kelas Menengah (Grup 1),85000,115.0,,
-0.7608519697558968,0.7557882677061717,0,Kelas Menengah (Grup 1),285000,112.0,4.875,66.88
-0.9135165062448644,0.10889984046773504,0,Kelas Menengah (Grup 1),185000,52.0,,
0.13460481866007054,1.0887840790110095,0,Kelas Menengah (Grup 1),415000,,2.875,
0.3040006346922196,0.7748731846946766,0,Kelas Menengah (Grup 1),725000,211.0,3.0,80.0
-0.05196722038861932,0.8439666143621779,0,Kelas Menengah (Grup 1),215000,65.0,7.625,80.0
-1.1145606271573987,0.5756543230516488,0,Kelas Menengah (Grup 1),155000,35.0,3.499,65.79
-1.123458514437101,0.8417164375656068,0,Kelas Menengah (Grup 1),125000,76.0,7.9,
-0.4488233984885195,1.2955511967943338,0,Kelas Menengah (Grup 1),95000,,4.125,
-0.6219897378556023,1.7280984334862575,0,Kelas Menengah (Grup 1),105000,,3.625,
-0.5512557949746627,0.16773231539771194,0,Kelas Menengah (Grup 1),65000,59.0,,83.1
-0.2792911566308257,0.7955263973868579,0,Kelas Menengah (Grup 1),325000,64.0,5.0,80.0
-0.5964463455469604,0.913836654156742,0,Kelas Menengah (Grup 1),85000,75.0,,
0.0557785364745334,1.1616272522244184,0,Kelas Menengah (Grup 1),325000,84.0,3.25,
-2.1354385307962054,-0.03303594883328677,0,Kelas Menengah (Grup 1),125000,58.0,6.5,95.0
-1.3245886457430986,0.37719809161998274,0,Kelas Menengah (Grup 1),115000,54.0,,
-0.4314561202337368,0.9130758218200653,0,Kelas Menengah (Grup 1),165000,73.0,,95.0
0.8123524274201458,1.4018560553729495,0,Kelas Menengah (Grup 1),415000,111.0,,
0.07440770473926495,0.641007668678136,0,Kelas Menengah (Grup 1),315000,77.0,4.5,96.5
-0.9383754572814217,0.3611325878299449,0,Kelas Menengah (Grup 1),165000,62.0,4.625,98.18
-2.005358445736632,0.08431077664741266,0,Kelas Menengah (Grup 1),275000,55.0,4.99,95.0
-0.18091891441176663,0.8469735313248257,0,Kelas Menengah (Grup 1),435000,0.0,,80.0
-2.0293278698951553,0.4914159602074772,0,Kelas Menengah (Grup 1),305000,95.0,4.4,100.0
-0.32969967598250327,1.0768063111043797,0,Kelas Menengah (Grup 1),25000,52.0,,
-1.02582506164308,0.37898370624191774,0,Kelas Menengah (Grup 1),345000,,4.75,
-1.3715165064250665,-0.033725963030161864,0,Kelas Menengah (Grup 1),125000,84.0,,95.0
0.2732582258919569,1.0521600447387949,0,Kelas Menengah (Grup 1),355000,76.0,,87.509
-1.6920723953158145,1.3801450876639354,0,Kelas Menengah (Grup 1),135000,85.0,,
-0.5803132466362093,1.0603666159718077,0,Kelas Menengah (Grup 1),25000,68.0,,
0.22948252933616078,0.8559500398828938,0,Kelas Menengah (Grup 1),195000,75.0,5.625,96.5
-0.9657022680273918,0.018451146153418092,0,Kelas Menengah (Grup 1),285000,70.0,5.125,90.0
-0.6227697241869184,0.5624909120781809,0,Kelas Menengah (Grup 1),405000,179.0,4.75,80.0
-0.8516040106866644,0.267235757782474,0,Kelas Menengah (Grup 1),205000,225.0,5.45,56.338
-0.02243472291385809,0.6096992226200646,0,Kelas Menengah (Grup 1),205000,83.0,,
-1.6660221186578472,-0.40786972684884615,0,Kelas Menengah (Grup 1),135000,,5.75,75.0
0.09439727992358941,0.09746678946125159,0,Kelas Menengah (Grup 1),45000,39.0,0.0,47.348
-0.1455508796717361,0.900450368615519,0,Kelas Menengah (Grup 1),105000,,4.25,
0.1130252067213775,0.6072475681488745,0,Kelas Menengah (Grup 1),55000,153.0,3.0,53.337
-0.5844410215247694,0.5133548715662891,0,Kelas Menengah (Grup 1),375000,120.0,5.75,75.0
-1.6808849154605947,0.8778734650949159,0,Kelas Menengah (Grup 1),365000,160.0,,
-1.8050144914270114,1.2451784059282769,0,Kelas Menengah (Grup 1),215000,59.0,3.55,53.885
-0.5881864986196559,0.8704635746873126,0,Kelas Menengah (Grup 1),205000,104.0,,
-0.04489332185500228,-0.08400842764634354,0,Kelas Menengah (Grup 1),65000,15.0,7.75,43.0
-0.8123557452803211,0.616730445421616,0,Kelas Menengah (Grup 1),35000,54.0,3.49,20.3
-0.47994208486495415,0.1741437245715539,0,Kelas Menengah (Grup 1),105000,285.0,5.25,8.0
-0.7912249928708049,0.301820418701093,0,Kelas Menengah (Grup 1),225000,77.0,7.5,100.0
-4.15071711283442,-0.7581192570520994,0,Kelas Menengah (Grup 1),445000,147.0,3.25,80.0
-0.26606215759638063,0.3490108212840615,0,Kelas Menengah (Grup 1),105000,175.0,,
-0.7954441914691397,0.5153193268986646,0,Kelas Menengah (Grup 1),65000,22.0,5.25,43.0
-0.7682261139293376,3.670335947630287,0,Kelas Menengah (Grup 1),505000,135.0,4.5,46.51
-1.114312888482799,0.5842861558081984,0,Kelas Menengah (Grup 1),105000,50.0,,
-1.8866958277303176,0.13228471093820454,0,Kelas Menengah (Grup 1),15000,32.0,,
-4.18164581446758,-0.5201906552336981,0,Kelas Menengah (Grup 1),215000,48.0,3.625,84.0
0.1446342088930934,0.9347557310934984,0,Kelas Menengah (Grup 1),105000,68.0,,
-0.6448567869117342,0.4472372948013507,0,Kelas Menengah (Grup 1),15000,94.0,,101.5
-0.4074350720103243,0.49197965962095097,0,Kelas Menengah (Grup 1),495000,,4.0,
-1.5392403070682095,0.06334977602452352,0,Kelas Menengah (Grup 1),305000,64.0,4.375,97.0
-0.2541109996918658,1.5225324343347642,0,Kelas Menengah (Grup 1),355000,91.0,,90.0
0.18231641125417428,1.3268953512251014,0,Kelas Menengah (Grup 1),1685000,360.0,6.99,66.892
-2.330943146201814,-1.2561025103935655,0,Kelas Menengah (Grup 1),165000,1651.0,,
-1.1076812925124868,-0.06915939391816323,0,Kelas Menengah (Grup 1),105000,36.0,,72.78
-1.211135777627228,0.5139362466101773,0,Kelas Menengah (Grup 1),155000,31.0,4.75,
-1.4698647909019213,-0.8261178111901855,0,Kelas Menengah (Grup 1),55000,203.0,9.99,51.425
-0.8261251768391609,0.27450950040114197,0,Kelas Menengah (Grup 1),105000,150.0,,42.553
0.08289308448106478,0.6755926984461591,0,Kelas Menengah (Grup 1),1505000,4994.0,,
-4.174253918112615,-0.517494350488456,0,Kelas Menengah (Grup 1),305000,167.0,,
-0.15665398637172195,0.7001741114873511,0,Kelas Menengah (Grup 1),35000,83.0,,51.529
-0.004022117468258849,0.8227237949392244,0,Kelas Menengah (Grup 1),565000,150.0,5.125,100.0
0.01956224641433003,0.6251935499610644,0,Kelas Menengah (Grup 1),255000,741.0,9.0,71.715
-4.17198803740739,-0.5164191689878382,0,Kelas Menengah (Grup 1),335000,80.0,3.375,95.0
-0.8650195239466443,0.2279807083937983,0,Kelas Menengah (Grup 1),275000,71.0,4.0,50.0
-1.6557219459826213,1.7569112105973146,0,Kelas Menengah (Grup 1),715000,,,
0.27358976312285327,1.2371302446900725,0,Kelas Menengah (Grup 1),415000,305.0,3.25,95.814
-0.807422558994454,0.5591413958987992,0,Kelas Menengah (Grup 1),155000,47.0,4.5,100.422
-1.9734801574018506,0.40403453609642676,0,Kelas Menengah (Grup 1),385000,83.0,,100.0
-3.2998887671585053,-0.259800719882284,0,Kelas Menengah (Grup 1),185000,118.0,,
-0.13935102732417307,0.6947193586742406,0,Kelas Menengah (Grup 1),255000,46.0,,73.3
-1.9222013006636094,-0.21659432372851267,0,Kelas Menengah (Grup 1),125000,92.0,5.25,72.09
-1.1278113013967275,0.7730346130509507,0,Kelas Menengah (Grup 1),275000,70.0,6.625,60.0
-0.21077363236080163,0.2836159425540063,0,Kelas Menengah (Grup 1),445000,234.0,2.875,49.333
-0.5813993110132953,0.1424327535063309,0,Kelas Menengah (Grup 1),255000,78.0,4.625,96.5
-1.1170921069263229,1.027264492651316,0,Kelas Menengah (Grup 1),185000,58.0,5.5,101.41
-0.0017666081089167866,0.7857703202357832,0,Kelas Menengah (Grup 1),65000,150.0,,
-2.0333003571454262,0.3069973976288539,0,Kelas Menengah (Grup 1),175000,65.0,5.375,98.372
-1.663623787214746,0.674810963226001,0,Kelas Menengah (Grup 1),155000,110.0,,57.988
-0.3583291589878162,0.38420933293768716,0,Kelas Menengah (Grup 1),235000,83.0,3.75,95.0
-1.0622261473784056,0.3568569588043817,0,Kelas Menengah (Grup 1),205000,71.0,2.75,54.64
-0.6883500371837473,0.19250299934178006,0,Kelas Menengah (Grup 1),155000,55.0,,96.5
-0.18050803805726715,0.746040475213237,0,Kelas Menengah (Grup 1),185000,48.0,5.375,97.0
-0.05747553732730035,0.4665322453942373,0,Kelas Menengah (Grup 1),185000,67.0,,76.45
-0.9192931125777476,1.4207289498858493,0,Kelas Menengah (Grup 1),455000,,3.25,
-0.8810998437240793,1.2072101501847063,0,Kelas Menengah (Grup 1),255000,160.0,4.99,75.0
-1.5255677766736049,0.4655864383823649,0,Kelas Menengah (Grup 1),35000,38.0,6.68,14.852
-1.095316821637655,0.8418651729870332,0,Kelas Menengah (Grup 1),395000,42.0,,93.24
-0.8944009544967018,1.0226096829298552,0,Kelas Menengah (Grup 1),155000,110.0,4.25,66.957
-0.6211805676248725,0.5853405178295067,0,Kelas Menengah (Grup 1),105000,49.0,,
-2.344161066284576,0.571472561225933,0,Kelas Menengah (Grup 1),615000,81.0,,106.04
-1.2724116579471312,0.2429436670034993,0,Kelas Menengah (Grup 1),225000,69.0,,103.484
-1.5539117439887689,0.9671384369780317,0,Kelas Menengah (Grup 1),285000,97.0,5.99,66.36
-0.8095469088136041,0.8215688826052385,0,Kelas Menengah (Grup 1),55000,85.0,,
-0.8968269021301737,0.57816157877981,0,Kelas Menengah (Grup 1),225000,96.0,4.0,54.726
-0.26295681097427703,3.376451307215382,0,Kelas Menengah (Grup 1),55000,110.0,,37.27
-1.8605016579868394,-0.3627671569805105,0,Kelas Menengah (Grup 1),215000,,6.0,
-0.6020046982388647,0.7002040830422198,0,Kelas Menengah (Grup 1),265000,72.0,5.75,96.5
-1.3711123376828296,0.44529000763349935,0,Kelas Menengah (Grup 1),25000,56.0,,79.43
0.11304315427467908,0.501483693535083,0,Kelas Menengah (Grup 1),215000,42.0,2.75,
-4.175583982399798,-0.5971171253858201,0,Kelas Menengah (Grup 1),5000,50.0,,
-1.2508755544921466,0.8301213361732872,0,Kelas Menengah (Grup 1),335000,94.0,5.562,65.0
-0.1111310597052763,0.8213987632629354,0,Kelas Menengah (Grup 1),395000,365.0,5.5,63.66
-0.14628459684599124,0.5243385090211818,0,Kelas Menengah (Grup 1),65000,33.0,,
-1.7014775572972345,-0.44065202240168866,0,Kelas Menengah (Grup 1),115000,102.0,,
-1.552325059532985,-0.11548805605494214,0,Kelas Menengah (Grup 1),265000,,3.25,
-1.7866343147625532,0.17236121457555895,0,Kelas Menengah (Grup 1),125000,80.0,5.875,
-1.937693711871833,-0.28622079293471886,0,Kelas Menengah (Grup 1),225000,128.0,,
-1.0846914834738695,0.5541198225155067,0,Kelas Menengah (Grup 1),195000,51.0,5.625,50.65
-0.31539167713408917,0.6141985268974987,0,Kelas Menengah (Grup 1),255000,78.0,4.125,64.0
0.1281622683120995,0.6950096160154615,0,Kelas Menengah (Grup 1),305000,83.0,,
-1.1204293830200462,0.3269379190559596,0,Kelas Menengah (Grup 1),65000,162.0,,
-1.8560014282205817,-0.5867127287508297,0,Kelas Menengah (Grup 1),255000,223.0,3.5,50.0
-0.23899434200768155,1.3208905398943374,0,Kelas Menengah (Grup 1),665000,353.0,,
-0.6449876865674962,1.2192052485839158,0,Kelas Menengah (Grup 1),55000,55.0,,
-1.4596423960973233,0.6274061283505205,0,Kelas Menengah (Grup 1),105000,,5.625,
-1.9269504578459096,0.2922365302388974,0,Kelas Menengah (Grup 1),25000,39.0,3.98,21.671
-0.8294535624637119,0.9787937195095214,0,Kelas Menengah (Grup 1),185000,102.0,5.99,60.0
-2.378091766744735,0.1915269644951949,0,Kelas Menengah (Grup 1),115000,,3.5,
-2.0183394895411926,0.9011939368177394,0,Kelas Menengah (Grup 1),85000,,6.0,
-1.353271686718817,0.6520275167320956,0,Kelas Menengah (Grup 1),205000,215.0,,
-2.56425273448978,0.7046716702177918,0,Kelas Menengah (Grup 1),15000,9.0,5.5,22.5
-0.3444689549880505,0.9931555214287138,0,Kelas Menengah (Grup 1),375000,129.0,4.0,96.5
-1.5239272331919593,0.14734560070583957,0,Kelas Menengah (Grup 1),145000,50.0,,80.0
-0.4179619224333963,0.9061192504370496,0,Kelas Menengah (Grup 1),195000,86.0,2.99,
-0.416841592954656,0.5846273216574751,0,Kelas Menengah (Grup 1),265000,74.0,,96.5
-1.0098139259052623,0.12276566175422819,0,Kelas Menengah (Grup 1),425000,124.0,3.625,96.47
-3.9007604544850074,-0.7133025940782216,0,Kelas Menengah (Grup 1),75000,29.0,,
0.11552678165688746,0.610814180972107,0,Kelas Menengah (Grup 1),265000,,3.75,
-2.699165709031854,0.5211941709025429,0,Kelas Menengah (Grup 1),115000,44.0,2.875,83.835
-0.7318438168826834,0.7149240694475636,0,Kelas Menengah (Grup 1),165000,36.0,5.375,100.854
0.22167574995756859,0.7883287128859156,0,Kelas Menengah (Grup 1),105000,132.0,4.0,73.337
-1.7024138228206336,0.2726969214061667,0,Kelas Menengah (Grup 1),115000,43.0,4.125,51.628
-0.8180907829227116,0.6507250036500956,0,Kelas Menengah (Grup 1),135000,58.0,4.5,79.27
0.013808568310543995,0.5965211531935002,0,Kelas Menengah (Grup 1),95000,40.0,,
-1.0189862244526664,0.4912112659103822,0,Kelas Menengah (Grup 1),245000,,9.233,52.0
-0.4844580575614817,0.6803549401886366,0,Kelas Menengah (Grup 1),455000,314.0,3.0,60.811
-0.6718758265150668,0.6514639345577193,0,Kelas Menengah (Grup 1),135000,47.0,5.625,78.081
-0.5035959317450179,0.5903091356122715,0,Kelas Menengah (Grup 1),345000,95.0,,
-0.449662500699737,0.8909516284809155,0,Kelas Menengah (Grup 1),325000,177.0,7.0,65.0
-0.49686063801461333,0.8295011645780523,0,Kelas Menengah (Grup 1),375000,,2.5,
0.26453936237448256,1.0220157083976933,0,Kelas Menengah (Grup 1),25000,110.0,4.5,55.188
-1.0888383119893978,0.6204227216756356,0,Kelas Menengah (Grup 1),105000,,6.5,80.26
-0.49476987225614105,0.8347815869656345,0,Kelas Menengah (Grup 1),105000,25.0,,69.76
0.17518706848913934,1.510398033582391,0,Kelas Menengah (Grup 1),75000,71.0,4.25,68.98
-0.3499325953932319,0.7092585599730343,0,Kelas Menengah (Grup 1),235000,70.0,4.125,80.0
-1.4018743270255203,0.5874348437211334,0,Kelas Menengah (Grup 1),345000,115.0,,
-0.8405677673516968,1.0936784944054665,0,Kelas Menengah (Grup 1),175000,38.0,4.0,88.808
-0.38886012127313646,0.8041258021018083,0,Kelas Menengah (Grup 1),165000,64.0,,
-0.5835022548578727,0.44416516702856595,0,Kelas Menengah (Grup 1),95000,100.0,,
-0.7411909535033468,0.27267912650599696,0,Kelas Menengah (Grup 1),245000,,4.625,
-1.9078670233236217,0.6835340078606865,0,Kelas Menengah (Grup 1),155000,29.0,,
-0.6679632969261386,0.7133640278587238,0,Kelas Menengah (Grup 1),15000,37.0,,
0.028864876892271886,0.7533373155767793,0,Kelas Menengah (Grup 1),225000,62.0,3.875,75.95
-0.24043303996360513,0.018317704565940195,0,Kelas Menengah (Grup 1),345000,,4.375,
-1.5718986553602998,0.49736418449105835,0,Kelas Menengah (Grup 1),25000,0.0,,6.67
-1.6305372101621591,0.21825503330211216,0,Kelas Menengah (Grup 1),245000,75.0,6.75,80.0
-1.0216158479316797,0.7374461466792042,0,Kelas Menengah (Grup 1),25000,90.0,,75.683
-1.7272192473446335,0.4070716838662808,0,Kelas Menengah (Grup 1),105000,111.0,5.0,72.79
-0.49008058344931255,0.6060096334413879,0,Kelas Menengah (Grup 1),85000,30.0,6.375,75.0
0.4524179775588361,0.9447666274391677,0,Kelas Menengah (Grup 1),255000,183.0,2.25,62.324
-1.294278704851646,0.48808212946392093,0,Kelas Menengah (Grup 1),55000,45.0,5.5,16.67
-2.3320498885670644,0.40261394512245596,0,Kelas Menengah (Grup 1),145000,78.0,3.675,89.99
-0.13495139354621136,0.7490469180021639,0,Kelas Menengah (Grup 1),105000,60.0,5.0,21.053
-0.8157184271565457,-0.038698051197086115,0,Kelas Menengah (Grup 1),195000,75.0,,
-1.5101590948390586,0.9574252919508109,0,Kelas Menengah (Grup 1),85000,51.0,6.0,38.163
-1.4305811381129983,1.1809011527346684,0,Kelas Menengah (Grup 1),315000,,,
-0.2792242770954686,0.3770203744398982,0,Kelas Menengah (Grup 1),205000,64.0,,33.613
-3.36881728452472,-0.10630116368445706,0,Kelas Menengah (Grup 1),345000,70.0,,
-4.185364230946111,-0.19269432924923613,0,Kelas Menengah (Grup 1),605000,232.0,5.0,80.0
-0.39617051917936075,0.9718764452573698,0,Kelas Menengah (Grup 1),55000,38.0,,
0.006200608956546792,1.1994430238646567,0,Kelas Menengah (Grup 1),15000,141.0,0.0,100.0
-1.5013651194583257,0.32140466587121547,0,Kelas Menengah (Grup 1),85000,72.0,3.89,45.714
-1.9635389593518782,0.6024333387276438,0,Kelas Menengah (Grup 1),85000,111.0,,101.75
-0.4365952169352556,0.5078790112545204,0,Kelas Menengah (Grup 1),555000,97.0,,
-1.7664133963522703,1.3575012286728347,0,Kelas Menengah (Grup 1),605000,129.0,,96.5
-1.033425332929955,0.35678460741545226,0,Kelas Menengah (Grup 1),405000,96.0,,79.9
-1.7772890318651968,-0.1575750993992098,0,Kelas Menengah (Grup 1),95000,45.0,6.875,101.75
-2.2310652093364456,0.38479102513427493,0,Kelas Menengah (Grup 1),105000,19.0,4.125,42.735
-0.15559149757105498,0.9079781464374941,0,Kelas Menengah (Grup 1),785000,,4.25,60.0
-1.3655459594257908,0.6190409156773438,0,Kelas Menengah (Grup 1),145000,,6.25,
-1.6035792183809214,-0.154277633032393,0,Kelas Menengah (Grup 1),205000,124.0,3.75,80.0
-0.4836833148907407,0.9418153728341391,0,Kelas Menengah (Grup 1),175000,78.0,2.49,52.639
-0.3598871294279425,0.049060802907056764,0,Kelas Menengah (Grup 1),145000,85.0,3.125,46.926
0.5160735754215658,1.4438562658719647,0,Kelas Menengah (Grup 1),35000,117.0,,
-0.6272832098852059,0.15407342721182804,0,Kelas Menengah (Grup 1),235000,80.0,4.375,
-1.4954868438071653,0.2820744847973613,0,Kelas Menengah (Grup 1),15000,21.0,,
-0.6854727003532395,0.7442722024076686,0,Kelas Menengah (Grup 1),115000,84.0,,
-1.8013452365920077,-0.05459668090948776,0,Kelas Menengah (Grup 1),155000,44.0,,101.01
-2.2055217210982367,0.3445610631199009,0,Kelas Menengah (Grup 1),115000,48.0,,100.0
-0.4880243807662299,0.7336210628103008,0,Kelas Menengah (Grup 1),295000,105.0,,
-0.04185926410142812,0.5573652239889734,0,Kelas Menengah (Grup 1),45000,29.0,8.25,16.16
-4.1756981680544705,-0.7678339442178048,0,Kelas Menengah (Grup 1),135000,44.0,,94.997
-0.042149147676241526,0.6018340413770326,0,Kelas Menengah (Grup 1),25000,48.0,5.79,53.96
-0.9355967171897301,-0.0008682601413059682,0,Kelas Menengah (Grup 1),115000,125.0,6.25,89.867
-1.9012629634888603,0.2795374791032703,0,Kelas Menengah (Grup 1),375000,60.0,5.125,91.81
-1.1313713923279296,0.7634157762863057,0,Kelas Menengah (Grup 1),225000,85.0,5.625,
-1.8701014881163232,-0.3622287605753738,0,Kelas Menengah (Grup 1),1195000,,3.0,
-0.9871212603288652,0.9833326032767415,0,Kelas Menengah (Grup 1),225000,54.0,6.99,93.5
-0.8868322231460485,0.9941269349009645,0,Kelas Menengah (Grup 1),115000,121.0,2.375,42.0
-0.7302718041039915,0.3338455231074517,0,Kelas Menengah (Grup 1),35000,30.0,6.19,15.19
-0.30852052980003325,0.6332447608914524,0,Kelas Menengah (Grup 1),205000,44.0,3.25,64.54
-2.0601020678333706,-0.3259291323576688,0,Kelas Menengah (Grup 1),135000,78.0,3.0,73.806
-0.23654550709309718,1.7545381626900212,0,Kelas Menengah (Grup 1),215000,94.0,4.998,58.133
-1.8195428426784561,0.4647212346887699,0,Kelas Menengah (Grup 1),415000,153.0,5.375,95.0
-1.042957482661704,0.6802263985481987,0,Kelas Menengah (Grup 1),295000,47.0,3.875,48.093
-1.2270502399328111,0.5459017458374712,0,Kelas Menengah (Grup 1),515000,150.0,,90.637
-0.8134045522885708,1.108415797406546,0,Kelas Menengah (Grup 1),115000,16.0,,15.395
-0.03405907061125039,0.2330555721422111,0,Kelas Menengah (Grup 1),185000,72.0,6.75,95.509
-2.027365056154303,-0.950405607344609,0,Kelas Menengah (Grup 1),505000,155.0,6.374,95.0
-1.4950393995976152,3.175145097787448,0,Kelas Menengah (Grup 1),295000,39.0,,
-0.23251677970449716,0.5061251226246142,0,Kelas Menengah (Grup 1),85000,53.0,2.375,71.6
-1.2815338419710718,0.043304811711645796,0,Kelas Menengah (Grup 1),205000,141.0,,
-1.7204820181569234,0.56867443519905,0,Kelas Menengah (Grup 1),205000,51.0,2.99,95.0
-0.32576131167860256,1.2660758583899336,0,Kelas Menengah (Grup 1),255000,113.0,,90.0
-0.19014772256767534,0.46530014756932503,0,Kelas Menengah (Grup 1),165000,81.0,3.233,45.945
-3.156079344413148,0.6390497256510027,0,Kelas Menengah (Grup 1),145000,29.0,4.625,96.5
0.09620163880369226,0.9990746524304938,0,Kelas Menengah (Grup 1),615000,186.0,,100.0
0.02858193942620442,0.7642172672162642,0,Kelas Menengah (Grup 1),35000,120.0,4.5,89.837
-0.3511952551907953,0.4713969624419965,0,Kelas Menengah (Grup 1),455000,155.0,3.875,95.0
-2.6755417167881768,0.5219358230821595,0,Kelas Menengah (Grup 1),295000,240.0,2.75,97.472
-0.585071045965836,0.3349914618616808,0,Kelas Menengah (Grup 1),35000,63.0,,84.072
-0.3819169107427461,0.9742966148690351,0,Kelas Menengah (Grup 1),395000,65.0,4.75,100.0
-0.9797420861228846,0.6916879711739404,0,Kelas Menengah (Grup 1),185000,67.0,3.875,80.0
-1.8306455895442866,0.12459000782327696,0,Kelas Menengah (Grup 1),195000,48.0,4.125,95.0
-0.7409505981668613,1.1440300951970004,0,Kelas Menengah (Grup 1),55000,,3.75,
-1.6643393945622977,-0.46928323723228454,0,Kelas Menengah (Grup 1),415000,115.0,,
-0.5533402713424103,0.4532140923966096,0,Kelas Menengah (Grup 1),115000,60.0,3.125,
-0.24279449349671808,0.5728553441323704,0,Kelas Menengah (Grup 1),605000,139.0,4.875,93.566
-0.17112036323768479,1.009022905865061,0,Kelas Menengah (Grup 1),585000,103.0,,
-1.1349453264685039,1.3892822260974926,0,Kelas Menengah (Grup 1),545000,120.0,,
-0.4442323318648204,1.3092970357809584,0,Kelas Menengah (Grup 1),175000,,6.125,
-0.9518446321322387,0.5535096367829149,0,Kelas Menengah (Grup 1),675000,150.0,5.25,96.5
-0.6067714462342173,0.35238884026066186,0,Kelas Menengah (Grup 1),185000,70.0,2.5,90.0
-0.9314129251169486,0.6180820242818554,0,Kelas Menengah (Grup 1),345000,106.0,,
-0.08951523586140091,0.7530290491863811,0,Kelas Menengah (Grup 1),485000,76.0,3.375,
0.03997878688152252,0.7105520161675504,0,Kelas Menengah (Grup 1),545000,124.0,2.875,33.415
0.012290391269821972,0.8085307948120979,0,Kelas Menengah (Grup 1),315000,161.0,2.99,35.038
-0.9639229404663039,0.46580780591385373,0,Kelas Menengah (Grup 1),95000,,4.5,
-1.4758685256307662,-0.11556956510008543,0,Kelas Menengah (Grup 1),205000,,3.49,
-1.7193180496241993,0.6800955043250242,0,Kelas Menengah (Grup 1),35000,70.0,,
-1.0945310597409073,0.8520924969250065,0,Kelas Menengah (Grup 1),385000,69.0,2.99,64.41
-1.848418173478772,0.44268572697378117,0,Kelas Menengah (Grup 1),165000,50.0,,
-0.19003603461689159,0.24834404400671453,0,Kelas Menengah (Grup 1),335000,76.0,3.875,
-0.4956869655701196,0.7671648274792765,0,Kelas Menengah (Grup 1),495000,263.0,,50.972
-1.7170302877106733,1.2923776140397845,0,Kelas Menengah (Grup 1),15000,40.0,,24.0506
-0.5063775592537499,0.8654513816521301,0,Kelas Menengah (Grup 1),385000,65.0,,
-0.8363205951286868,0.27235989799956567,0,Kelas Menengah (Grup 1),435000,154.0,,
-3.667832271326361,-2.4318980029084694,0,Kelas Menengah (Grup 1),605000,141.0,4.375,100.0
-0.00817259541402941,0.34918514041309584,0,Kelas Menengah (Grup 1),415000,99.0,4.875,96.5
-1.6043656235442887,0.9337592771188171,0,Kelas Menengah (Grup 1),315000,58.0,3.875,80.0
0.0062588255551969145,0.9723934518011965,0,Kelas Menengah (Grup 1),105000,61.0,,
-0.06087862935947611,0.459065330679062,0,Kelas Menengah (Grup 1),155000,,,
-1.6963405719139917,0.9670946197214787,0,Kelas Menengah (Grup 1),385000,,3.49,
-0.06244253925248665,0.5597303734241136,0,Kelas Menengah (Grup 1),245000,144.0,,41.71
-1.1199377958557073,0.5149415175941394,0,Kelas Menengah (Grup 1),135000,61.0,3.875,68.0
-1.6394303975926434,0.39420946560971903,0,Kelas Menengah (Grup 1),65000,98.0,,34.286
-0.11138132498865015,0.8057531577819778,0,Kelas Menengah (Grup 1),115000,64.0,,
-0.6094490531734804,1.2153154998700133,0,Kelas Menengah (Grup 1),255000,,4.25,
-0.3860390039080716,0.856605976127002,0,Kelas Menengah (Grup 1),555000,616.0,5.25,74.267
-0.9465286540264203,1.0681701306893159,0,Kelas Menengah (Grup 1),595000,,5.875,
-3.1983578311797385,15.583515376469649,0,Kelas Menengah (Grup 1),255000,105.0,,95.85
-0.6324398018062937,1.557266004657556,0,Kelas Menengah (Grup 1),445000,157.0,5.25,80.0
-1.2918473264164392,1.328672109327283,0,Kelas Menengah (Grup 1),255000,55.0,,94.101
-0.9923762145355959,0.18402662928562855,0,Kelas Menengah (Grup 1),365000,,5.125,
-4.2200280844574785,-0.2061582188815757,0,Kelas Menengah (Grup 1),175000,81.0,,100.0
-0.8070409177409862,0.38012183126490234,0,Kelas Menengah (Grup 1),195000,,3.5,
-0.6419112358334854,0.37520631954076233,0,Kelas Menengah (Grup 1),205000,54.0,,
-0.4156035310520508,1.0222497951944258,0,Kelas Menengah (Grup 1),395000,80.0,,
-3.770060397742848,-2.063712858444352,0,Kelas Menengah (Grup 1),55000,84.0,,81.481
-1.755046523564865,1.1644224361180004,0,Kelas Menengah (Grup 1),325000,53.0,,80.0
-0.6871701625931856,2.8083276222822953,0,Kelas Menengah (Grup 1),585000,100.0,3.108,53.312
-2.2402660467039732,0.47913054010048833,0,Kelas Menengah (Grup 1),245000,133.0,,
-1.1441828678004327,2.9779699610501402,0,Kelas Menengah (Grup 1),65000,34.0,,21.429
-4.142912810983176,-0.7092380625827223,0,Kelas Menengah (Grup 1),335000,95.0,3.5,
-1.6834701856482723,0.20637309993486513,0,Kelas Menengah (Grup 1),265000,52.0,5.5,100.0
-0.9008687517913776,0.10097382927323516,0,Kelas Menengah (Grup 1),285000,112.0,,
-0.9605111178225868,2.2383320208384236,0,Kelas Menengah (Grup 1),155000,325.0,,78.53
0.005688153089388874,0.06714448781221131,0,Kelas Menengah (Grup 1),145000,,4.125,
-0.62900088644747,1.2262897373732013,0,Kelas Menengah (Grup 1),135000,30.0,,
-1.7025177051299778,0.8219174952783055,0,Kelas Menengah (Grup 1),575000,119.0,6.0,95.0
-1.8613112766503839,-0.5225838867333654,0,Kelas Menengah (Grup 1),95000,88.0,5.34,79.9363
-0.9171163590902904,0.8251953228022486,0,Kelas Menengah (Grup 1),65000,101.0,,83.47
-4.182418310132388,-0.5205337289690197,0,Kelas Menengah (Grup 1),205000,66.0,,
-0.5332711911883217,0.7521570249988704,0,Kelas Menengah (Grup 1),305000,120.0,,
-0.7166202940342042,0.4709502340961072,0,Kelas Menengah (Grup 1),45000,97.0,,106.16
-0.08295670981280638,0.9167122913153097,0,Kelas Menengah (Grup 1),245000,76.0,,
-1.0793755442011714,0.7460751091207567,0,Kelas Menengah (Grup 1),405000,63.0,4.125,62.02
-0.7669108677091859,0.9765777976626422,0,Kelas Menengah (Grup 1),65000,14.0,,
-0.8214591034689934,1.0620086570557998,0,Kelas Menengah (Grup 1),275000,,4.625,
-0.4456242159223598,1.0560220929626203,0,Kelas Menengah (Grup 1),245000,68.0,,
-0.6790727860495493,-0.0845616208451349,0,Kelas Menengah (Grup 1),115000,100.0,,
-1.6758623783955202,0.15266632927697796,0,Kelas Menengah (Grup 1),515000,129.0,3.99,95.0
-0.8093660169274233,0.042119757562317624,0,Kelas Menengah (Grup 1),215000,63.0,5.5,75.82
-3.9441506889188775,8.222405587830025,0,Kelas Menengah (Grup 1),45000,,3.75,
-0.3947282541602739,0.7983367770971297,0,Kelas Menengah (Grup 1),295000,14.0,,49.167
-1.4657856284882622,0.5441342040736209,0,Kelas Menengah (Grup 1),25000,107.0,5.24,28.6
-0.6386181274489744,0.5749784121602816,0,Kelas Menengah (Grup 1),155000,,3.125,
-1.960660619900543,0.45584252006229076,0,Kelas Menengah (Grup 1),265000,77.0,5.875,
-0.8464823704786552,0.5027282564847166,0,Kelas Menengah (Grup 1),15000,93.0,,73.544
-0.9392423125391269,0.4372636275297582,0,Kelas Menengah (Grup 1),295000,145.0,5.0,74.359
-1.078544294882912,0.0059016389664377136,0,Kelas Menengah (Grup 1),95000,117.0,0.0,79.402
-0.610385365431323,0.118279020811584,0,Kelas Menengah (Grup 1),25000,37.0,7.75,8.723
-1.5449105961059493,0.457295406387966,0,Kelas Menengah (Grup 1),165000,44.0,3.25,100.0
-0.08164470524335823,0.18218024654928444,0,Kelas Menengah (Grup 1),135000,98.0,6.75,80.0
0.10705889865598048,0.6797406045815493,0,Kelas Menengah (Grup 1),145000,33.0,,
-0.20503998962705725,0.38859780736111366,0,Kelas Menengah (Grup 1),135000,,4.875,
-1.1133050431390086,0.37088280097951365,0,Kelas Menengah (Grup 1),205000,,2.5,
-1.4583325372132163,1.320094318758844,0,Kelas Menengah (Grup 1),585000,114.0,,
-0.30374188322325746,1.0882397332012599,0,Kelas Menengah (Grup 1),675000,102.0,,
-1.3674779067935527,0.6889359747256038,0,Kelas Menengah (Grup 1),5000,41.0,3.95,103.824
-0.8947226474070429,0.6452272306111838,0,Kelas Menengah (Grup 1),195000,62.0,7.0,
-0.6504253397074423,0.7850761909364847,0,Kelas Menengah (Grup 1),135000,96.0,4.24,80.0
-1.0341251877163509,0.9425533912113724,0,Kelas Menengah (Grup 1),265000,,3.875,
-0.10092512109204235,0.11790905298716237,0,Kelas Menengah (Grup 1),155000,47.0,,
-0.6842474598405591,0.8671888985475081,0,Kelas Menengah (Grup 1),225000,113.0,,
-0.4978652285899893,1.2448827102104638,0,Kelas Menengah (Grup 1),185000,,,
-0.4761155587190854,0.46572787700437207,0,Kelas Menengah (Grup 1),105000,40.0,2.99,57.181
-1.6536524353923856,0.22095854980955776,0,Kelas Menengah (Grup 1),25000,45.0,,92.55
-0.8311925307538159,0.637735113362879,0,Kelas Menengah (Grup 1),85000,120.0,,
-1.423747505959867,0.32903543982696204,0,Kelas Menengah (Grup 1),225000,60.0,5.99,80.0
-0.7095473782486131,0.8813654096852366,0,Kelas Menengah (Grup 1),215000,31.0,3.375,74.0
-4.184693573799286,-0.5216005540524278,0,Kelas Menengah (Grup 1),175000,147.0,,
-1.5946322149022363,1.0407340322070096,0,Kelas Menengah (Grup 1),25000,78.0,,
-1.6487827902306817,0.6490239953184355,0,Kelas Menengah (Grup 1),875000,114.0,,78.182
-1.5125041105490635,1.0946461268248784,0,Kelas Menengah (Grup 1),565000,138.0,4.115,96.5
-1.686432519044442,0.6071996500084412,0,Kelas Menengah (Grup 1),45000,30.0,5.875,43.0
-0.3730080954256123,0.6727372700719181,0,Kelas Menengah (Grup 1),325000,101.0,3.625,80.0
-0.7616391709666779,0.396109179681558,0,Kelas Menengah (Grup 1),375000,0.0,,
-0.8560421303287421,0.21004123707125374,0,Kelas Menengah (Grup 1),15000,,0.0,
-0.5919755270330248,0.12952285895498217,0,Kelas Menengah (Grup 1),255000,89.0,,65.6
-1.3669317435006754,1.1376230050176501,0,Kelas Menengah (Grup 1),175000,43.0,,
-0.45944055396457717,0.7627741183229907,0,Kelas Menengah (Grup 1),115000,46.0,6.625,42.614
-0.01042713247432458,0.7695365019084203,0,Kelas Menengah (Grup 1),35000,13.0,6.64,32.36
-1.4210361807882481,1.0493701694019348,0,Kelas Menengah (Grup 1),575000,37.0,4.5,70.0
-4.18320018875887,-0.5208684462871316,0,Kelas Menengah (Grup 1),195000,78.0,,81.824
-0.39963685666388393,0.6002740889425402,0,Kelas Menengah (Grup 1),35000,85.0,5.04,65.67
-0.38353660657880173,0.24435035207050235,0,Kelas Menengah (Grup 1),155000,55.0,,99.35
-0.3917826645710883,0.5365464689627641,0,Kelas Menengah (Grup 1),245000,,6.625,
-0.06932296991784538,0.6392766274918973,0,Kelas Menengah (Grup 1),265000,,6.0,
-1.8406180242625576,0.6858548774980652,0,Kelas Menengah (Grup 1),175000,,,53.849
-1.4218784209493904,0.3891706738559875,0,Kelas Menengah (Grup 1),815000,156.0,4.938,96.5
-0.8568524012543968,-0.2695530477450321,0,Kelas Menengah (Grup 1),455000,339.0,7.125,
-1.204790215594761,0.5900196966590495,0,Kelas Menengah (Grup 1),35000,23.0,4.25,12.681
-1.2204542464709047,0.9506902751641295,0,Kelas Menengah (Grup 1),265000,26.0,,67.0
-1.0236959382456425,5.638515136477794,0,Kelas Menengah (Grup 1),545000,111.0,3.75,90.0
-2.0392918432768465,0.5899737529076566,0,Kelas Menengah (Grup 1),95000,167.0,6.375,74.308
-0.5378526623557425,0.4589907016398985,0,Kelas Menengah (Grup 1),265000,57.0,,89.66
-1.6293986826278284,0.34206690916981614,0,Kelas Menengah (Grup 1),95000,75.0,,64.2
-1.2381902146329957,-0.2593759578789621,0,Kelas Menengah (Grup 1),115000,,4.125,
-0.6972473986163714,0.7274065995894514,0,Kelas Menengah (Grup 1),75000,30.0,,55.147
-0.7536971939788102,0.3158880555596979,0,Kelas Menengah (Grup 1),135000,56.0,5.75,89.87
-0.1401179616044224,1.0962492127097776,0,Kelas Menengah (Grup 1),35000,79.0,3.79,13.327
-0.4895359388078528,1.441599362691221,0,Kelas Menengah (Grup 1),305000,,3.375,
0.36341364504584517,1.1854259441272872,0,Kelas Menengah (Grup 1),585000,201.0,5.25,95.0
-1.6727186603378927,-0.10375456228805417,0,Kelas Menengah (Grup 1),185000,86.0,,
-0.7600476975844935,0.4164029131305293,0,Kelas Menengah (Grup 1),15000,57.0,,
-1.0746056234369221,-0.11609146394510264,0,Kelas Menengah (Grup 1),55000,0.0,,
-0.15084846664129278,0.799603448600688,0,Kelas Menengah (Grup 1),25000,135.0,,67.1
-0.39761509984010057,0.4370336954153172,0,Kelas Menengah (Grup 1),185000,,3.25,
-1.4191884572901443,0.6732356095611358,0,Kelas Menengah (Grup 1),135000,48.0,2.0,45.46
-1.7039966747746862,-0.06985577285988712,0,Kelas Menengah (Grup 1),145000,48.0,5.5,100.43
-1.5984184533314487,0.15538545605945836,0,Kelas Menengah (Grup 1),225000,68.0,6.375,90.04
-0.45798656826563516,0.3404948416109099,0,Kelas Menengah (Grup 1),15000,67.0,5.5,89.413
-0.3871122562723049,0.28284285208523424,0,Kelas Menengah (Grup 1),95000,0.0,,39.592
-1.5918783657708273,1.0315133398224865,0,Kelas Menengah (Grup 1),35000,135.0,,56.9
-0.3057576838768117,0.5578305941243707,0,Kelas Menengah (Grup 1),55000,107.0,4.75,84.98
-1.4336564093969657,1.1520262628261597,0,Kelas Menengah (Grup 1),255000,60.0,,85.638
-0.9853080076830921,3.177645963421386,0,Kelas Menengah (Grup 1),45000,96.0,,96.517
-1.6681284046109697,0.9610212266176362,0,Kelas Menengah (Grup 1),45000,116.0,2.75,31.0
-0.7416293096462234,0.24885450882522286,0,Kelas Menengah (Grup 1),825000,130.0,,
-0.7618841819096137,0.31459201443172374,0,Kelas Menengah (Grup 1),345000,79.0,4.875,80.0
-0.21720601216020166,0.5120794654340726,0,Kelas Menengah (Grup 1),275000,116.0,,118.471
-0.9656121639338986,1.083427410398384,0,Kelas Menengah (Grup 1),155000,65.0,,
-1.6414863991150699,0.13033829194671587,0,Kelas Menengah (Grup 1),85000,48.0,5.5,100.0
-0.3543699781588955,1.1899589556954453,0,Kelas Menengah (Grup 1),155000,54.0,,
-1.1091313082085417,0.6159040737360726,0,Kelas Menengah (Grup 1),5000,,0.0,
-2.6153508401898136,0.30564307845712246,0,Kelas Menengah (Grup 1),45000,25.0,3.6,85.0
-4.179889516733794,-0.19035270075865418,0,Kelas Menengah (Grup 1),675000,149.0,,100.0
-0.4257613164833234,0.6224585851564872,0,Kelas Menengah (Grup 1),285000,225.0,6.75,76.77
0.1256567509513841,1.2182365463817104,0,Kelas Menengah (Grup 1),505000,114.0,,
-1.676187231823817,0.11231479020063428,0,Kelas Menengah (Grup 1),115000,40.0,,76.725
-0.3210348873740907,0.9775319463586042,0,Kelas Menengah (Grup 1),55000,124.0,4.25,63.34
-0.16640119562474398,1.0350527923547843,0,Kelas Menengah (Grup 1),455000,133.0,4.99,
-2.3633657420870247,0.3030832433192472,0,Kelas Menengah (Grup 1),55000,29.0,8.5,47.06
-0.6600385285198157,0.8751431414481995,0,Kelas Menengah (Grup 1),485000,117.0,,
-1.55726782327242,0.7871380639335239,0,Kelas Menengah (Grup 1),75000,22.0,4.75,59.0
-0.7793329398031922,0.30904478926450213,0,Kelas Menengah (Grup 1),265000,36.0,2.999,63.247
-1.014724560075214,0.3273751981074251,0,Kelas Menengah (Grup 1),125000,106.0,,70.58
-1.2798497498603933,0.3652541322856183,0,Kelas Menengah (Grup 1),55000,57.0,5.0,72.231
-1.6441064508781926,0.3345080698988443,0,Kelas Menengah (Grup 1),285000,122.0,5.5,96.5
-1.0207329539941248,-0.06098439376823478,0,Kelas Menengah (Grup 1),55000,99.0,,71.009
-0.02037370864241243,0.7824931902708657,0,Kelas Menengah (Grup 1),255000,,,
-0.6782921756797557,0.5133221492375398,0,Kelas Menengah (Grup 1),255000,60.0,2.99,75.0
-1.681895697447417,1.3428898747806204,0,Kelas Menengah (Grup 1),235000,,4.875,
-1.0726459608103607,1.7004191521657475,0,Kelas Menengah (Grup 1),465000,123.0,4.75,95.0
-1.5473702197881496,0.537395672191199,0,Kelas Menengah (Grup 1),135000,53.0,7.25,65.99
0.07728157616045823,0.9319768639413778,0,Kelas Menengah (Grup 1),315000,112.0,5.375,69.89
-0.14772755247925184,0.39543631696877257,0,Kelas Menengah (Grup 1),735000,314.0,2.99,84.88
-0.5808206523069313,0.2444441612198163,0,Kelas Menengah (Grup 1),35000,68.0,4.0,95.0
-1.7749380800596677,0.6684817885418641,0,Kelas Menengah (Grup 1),295000,154.0,3.75,75.0
-2.189415065919751,0.7650173414484819,0,Kelas Menengah (Grup 1),285000,142.0,4.5,95.0
-0.28732928541883745,1.0637240853283645,0,Kelas Menengah (Grup 1),125000,92.0,3.24,46.28
-1.6887751807895899,1.1186334403835487,0,Kelas Menengah (Grup 1),75000,58.0,,
-1.6534903432796362,0.2717376711116867,0,Kelas Menengah (Grup 1),45000,27.0,,
-1.7963367280231262,-0.1882662506038781,0,Kelas Menengah (Grup 1),425000,,6.25,
-1.6357836453513508,0.23395990904213992,0,Kelas Menengah (Grup 1),65000,36.0,4.59,49.116
-3.4431727550881215,-0.05290309353270305,0,Kelas Menengah (Grup 1),475000,86.0,,
-0.3617413811658241,0.48873083068748246,0,Kelas Menengah (Grup 1),195000,,5.37,
-0.9642345677238663,0.433269935281517,0,Kelas Menengah (Grup 1),45000,57.0,8.99,81.162
-0.6463338756427246,1.197634900199628,0,Kelas Menengah (Grup 1),185000,,6.625,
-0.4368382384230359,4.021855655411489,0,Kelas Menengah (Grup 1),355000,130.0,,
-1.4287060278576074,0.8900077461917798,0,Kelas Menengah (Grup 1),145000,38.0,3.625,97.0
-0.9781297874086134,0.8368855702462901,0,Kelas Menengah (Grup 1),275000,103.0,5.125,96.5
-2.2087585768548426,1.59776500461219,0,Kelas Menengah (Grup 1),1805000,,,
-1.1427991097539847,0.29542952957816454,0,Kelas Menengah (Grup 1),105000,,6.625,
-1.2041503883244415,-0.19721036727395583,0,Kelas Menengah (Grup 1),1105000,,5.125,
0.31948843583818026,0.8493372775185586,0,Kelas Menengah (Grup 1),145000,23.0,,45.313
-0.44204256254036234,0.6641688787971899,0,Kelas Menengah (Grup 1),245000,76.0,5.25,97.0
-1.0846226262169483,-0.044723564868304054,0,Kelas Menengah (Grup 1),135000,78.0,2.49,54.393
-0.36465783496548965,1.050349690960618,0,Kelas Menengah (Grup 1),185000,44.0,,
0.23586275099113094,0.9807571794981623,0,Kelas Menengah (Grup 1),75000,38.0,5.125,75.0
-1.5102955214200773,0.22319361766542417,0,Kelas Menengah (Grup 1),425000,,6.125,
-0.8202126232288419,0.6912034043722889,0,Kelas Menengah (Grup 1),255000,53.0,3.25,
-0.08999369902692926,0.8593755532058829,0,Kelas Menengah (Grup 1),625000,117.0,,
-0.8847963398747136,0.48037422912269967,0,Kelas Menengah (Grup 1),265000,173.0,6.875,
-0.4382815812580163,0.682234597387298,0,Kelas Menengah (Grup 1),235000,67.0,,
-0.8769703808548734,0.026766020858185167,0,Kelas Menengah (Grup 1),75000,149.0,9.75,53.0
0.17649169835793463,0.12869989339332513,0,Kelas Menengah (Grup 1),275000,74.0,5.25,64.286
0.491986435092533,1.3425157589852956,0,Kelas Menengah (Grup 1),185000,131.0,5.375,95.0
-3.8196020467888707,-0.7196634679110148,0,Kelas Menengah (Grup 1),65000,35.0,,
-0.2686579338195549,1.5887208866454035,0,Kelas Menengah (Grup 1),415000,,,
-0.8115360113738523,0.5911269760885677,0,Kelas Menengah (Grup 1),115000,54.0,,59.421
-4.1773432443086005,-0.7684309565715449,0,Kelas Menengah (Grup 1),115000,16.0,,96.5
-0.9908481104600378,-0.04232600616464316,0,Kelas Menengah (Grup 1),365000,56.0,2.99,87.808
-0.5073257013132264,0.0321321334953072,0,Kelas Menengah (Grup 1),65000,32.0,5.625,75.0
-0.7707364734549779,0.7983806602090449,0,Kelas Menengah (Grup 1),625000,134.0,,90.0
-0.5404904679448872,0.07539671041719652,0,Kelas Menengah (Grup 1),315000,68.0,,79.995
-1.0795409233589717,0.5326853108214512,0,Kelas Menengah (Grup 1),55000,25.0,,76.765
-0.5233120012228285,0.6643785523924443,0,Kelas Menengah (Grup 1),165000,63.0,6.75,99.765
-1.1355429477148038,0.5117062909544717,0,Kelas Menengah (Grup 1),155000,18.0,,
-0.7064195532714138,0.9621759196441767,0,Kelas Menengah (Grup 1),205000,322.0,6.75,59.938
-0.8036075683001845,0.14848802118696358,0,Kelas Menengah (Grup 1),385000,66.0,2.75,100.0
-0.7334939839989374,0.7560169755187289,0,Kelas Menengah (Grup 1),445000,,4.25,
-1.6287418690769888,0.28165179946535185,0,Kelas Menengah (Grup 1),105000,53.0,,100.0
0.35996647143521027,1.336729006772877,0,Kelas Menengah (Grup 1),245000,142.0,,60.35
-0.9858311187035523,0.3163459841355442,0,Kelas Menengah (Grup 1),135000,,5.0,75.0
-1.9804423511963032,0.787289083407373,0,Kelas Menengah (Grup 1),365000,89.0,3.5,
-1.2347940647156432,0.7005868432600328,0,Kelas Menengah (Grup 1),25000,86.0,6.75,14.589
-0.7797525322006541,0.7983553987676613,0,Kelas Menengah (Grup 1),55000,175.0,,
-0.43210272526306587,-0.0900124893752604,0,Kelas Menengah (Grup 1),425000,,3.25,
-0.11197076875456252,1.4042233867271117,0,Kelas Menengah (Grup 1),285000,96.0,4.875,52.83
-0.7842518702330971,0.023065800514091864,0,Kelas Menengah (Grup 1),345000,174.0,,95.0
-0.8034965851288437,5.808497624211096,0,Kelas Menengah (Grup 1),205000,100.0,3.55,80.0
-1.2016131250825435,0.36669086179796506,0,Kelas Menengah (Grup 1),295000,74.0,4.5,101.01
-0.3760134748038497,0.593853425532536,0,Kelas Menengah (Grup 1),115000,246.0,4.74,89.63
-1.0832996534889316,0.6602763406020897,0,Kelas Menengah (Grup 1),155000,,5.5,63.03
-1.1754069851529094,0.20100622471979898,0,Kelas Menengah (Grup 1),305000,85.0,9.375,80.0
-0.2806873853618217,1.108738217117807,0,Kelas Menengah (Grup 1),1645000,1520.0,4.45,80.0
-0.18380360888189165,0.8899722108901004,0,Kelas Menengah (Grup 1),485000,92.0,5.125,
0.17286937212342482,1.7758413325479105,0,Kelas Menengah (Grup 1),2825000,,,
-0.35146024189085245,1.0066889952545663,0,Kelas Menengah (Grup 1),125000,35.0,3.5,40.678
-1.1721997067955912,0.519676441120534,0,Kelas Menengah (Grup 1),175000,42.0,5.125,100.0
-1.253423992778653,0.5347236137617445,0,Kelas Menengah (Grup 1),85000,31.0,,
-0.7604313165584475,0.10100708137109211,0,Kelas Menengah (Grup 1),305000,70.0,5.875,54.035
0.031087714985885674,0.8069665098842734,0,Kelas Menengah (Grup 1),505000,109.0,3.375,66.05
-0.19198531019712015,0.4713100038041011,0,Kelas Menengah (Grup 1),285000,56.0,3.999,87.69
-0.020601254724476457,0.16804541176829615,0,Kelas Menengah (Grup 1),35000,23.0,,17.647
0.5273474749073807,0.49674982472859963,0,Kelas Menengah (Grup 1),335000,115.0,6.5,77.209
-1.8305639076109725,0.9183031970335097,0,Kelas Menengah (Grup 1),435000,133.0,,
-0.43451469675862237,0.8837862624933562,0,Kelas Menengah (Grup 1),235000,47.0,,
-2.3137519686821557,-0.1026790808168265,0,Kelas Menengah (Grup 1),55000,44.0,4.0,61.597
0.10829891150755061,0.7496823920463482,0,Kelas Menengah (Grup 1),405000,121.0,4.49,69.31
-3.83710822900076,-1.6199960361681154,0,Kelas Menengah (Grup 1),255000,67.0,4.375,95.0
0.05808450919841373,1.2785230312357168,0,Kelas Menengah (Grup 1),715000,,3.125,
-1.6288094591290023,0.6940703178424147,0,Kelas Menengah (Grup 1),325000,97.0,,
-0.22942988943413786,0.8109225076633316,0,Kelas Menengah (Grup 1),315000,91.0,2.875,63.96
-2.1253969856638326,1.0898669650641573,0,Kelas Menengah (Grup 1),265000,,4.25,96.097
-2.014567627871883,0.5882345959833555,0,Kelas Menengah (Grup 1),105000,50.0,5.625,96.5
-0.9396399692127917,0.6624039329054389,0,Kelas Menengah (Grup 1),435000,,2.875,
-2.092530764804371,-0.08223794717339801,0,Kelas Menengah (Grup 1),175000,63.0,6.625,97.661
-0.9920876790641809,0.6063185829075847,0,Kelas Menengah (Grup 1),45000,56.0,,63.848
-4.141219502585921,-0.5046414005718727,0,Kelas Menengah (Grup 1),715000,300.0,7.0,89.375
-1.5801370559026284,0.13510520946131732,0,Kelas Menengah (Grup 1),75000,40.0,,
-0.15227137504836866,0.7709569190856179,0,Kelas Menengah (Grup 1),85000,74.0,6.64,68.651
-0.4803301214742213,0.8404805984204726,0,Kelas Menengah (Grup 1),285000,43.0,,95.0
-1.283214162859742,0.4024616428711781,0,Kelas Menengah (Grup 1),105000,61.0,4.99,54.21
-1.6739518901993105,-0.18638871300850185,0,Kelas Menengah (Grup 1),145000,53.0,4.875,83.059
-0.7609795517900979,0.1745789045939974,0,Kelas Menengah (Grup 1),315000,,3.75,
-1.4482283873736836,-0.06005300464054963,0,Kelas Menengah (Grup 1),375000,127.0,3.5,78.445
-0.32511966949134063,2.507966031282567,0,Kelas Menengah (Grup 1),225000,125.0,,
-0.44628833741661394,0.6047421907757579,0,Kelas Menengah (Grup 1),215000,207.0,4.875,60.0
-2.440406035295248,0.3202473252717562,0,Kelas Menengah (Grup 1),55000,38.0,,
-0.9720262435687147,0.415272714863747,0,Kelas Menengah (Grup 1),185000,,5.625,
-0.32824848934575823,0.49547816348563933,0,Kelas Menengah (Grup 1),65000,159.0,6.85,80.0
-2.184888091961091,0.1473291001304446,0,Kelas Menengah (Grup 1),105000,56.0,,
-1.1845323112460062,0.7023764099548193,0,Kelas Menengah (Grup 1),165000,114.0,,80.0
-1.6204287432000257,0.23493125750785318,0,Kelas Menengah (Grup 1),425000,142.0,4.45,73.565
-1.9183121374642884,0.2096480798318703,0,Kelas Menengah (Grup 1),745000,225.0,,
-2.128275976187025,-0.028625551073265063,0,Kelas Menengah (Grup 1),55000,29.0,,
-0.17728484743309852,1.0475288178892193,0,Kelas Menengah (Grup 1),275000,,4.25,
0.033211329639261454,1.0450912163316206,0,Kelas Menengah (Grup 1),105000,80.0,,76.632
0.42288267509289984,0.8982248364522464,0,Kelas Menengah (Grup 1),435000,134.0,4.75,75.0
-1.6342429916822676,0.8864899652504228,0,Kelas Menengah (Grup 1),25000,97.0,,
-0.533935370435967,2.949283588271175,0,Kelas Menengah (Grup 1),255000,118.0,3.25,96.5
-2.096803046619172,0.6240912181107716,0,Kelas Menengah (Grup 1),575000,,6.125,
-1.8793690089239128,0.4898305857185966,0,Kelas Menengah (Grup 1),225000,,4.75,
-1.1243353496053952,0.9588868582602368,0,Kelas Menengah (Grup 1),55000,170.0,3.875,69.481
-0.3939602310313842,0.6772994211650063,0,Kelas Menengah (Grup 1),135000,39.0,,
-0.3051583870950517,1.3779363790126593,0,Kelas Menengah (Grup 1),165000,68.0,,
-2.503243253175819,0.4616315243507627,0,Kelas Menengah (Grup 1),705000,581.0,5.625,57.143
-0.8111075909409978,0.8636521068109633,0,Kelas Menengah (Grup 1),635000,,,
-0.5788444050295494,0.5977367273308591,0,Kelas Menengah (Grup 1),255000,73.0,5.75,90.0
-0.5078700457656696,0.6484352276800252,0,Kelas Menengah (Grup 1),595000,250.0,,
-0.8514616054185017,0.4446963626223892,0,Kelas Menengah (Grup 1),125000,96.0,4.25,79.68
-0.56712240328803,2.878893935956512,0,Kelas Menengah (Grup 1),75000,0.0,,43.93
-1.659771474076096,0.5793964053825066,0,Kelas Menengah (Grup 1),365000,97.0,3.25,80.0
-0.5019109744690602,0.6462975713278627,0,Kelas Menengah (Grup 1),205000,52.0,9.75,80.0
-1.9214025417383624,0.5039691632101463,0,Kelas Menengah (Grup 1),55000,33.0,,21.739
-0.8210176950938859,0.635063423332456,0,Kelas Menengah (Grup 1),575000,270.0,5.5,
-0.20505498703745725,0.6084073926473569,0,Kelas Menengah (Grup 1),185000,77.0,,
-0.17876026281025942,0.940241410805489,0,Kelas Menengah (Grup 1),125000,65.0,2.5,37.44
0.15100435571599496,0.7529799068479629,0,Kelas Menengah (Grup 1),5000,55.0,,97.5
-1.1572120911039683,0.6346328220518457,0,Kelas Menengah (Grup 1),445000,100.0,3.75,58.6
-0.21090742759204797,1.1024574291350488,0,Kelas Menengah (Grup 1),385000,62.0,3.875,
-0.7160564721548973,1.846058959345191,0,Kelas Menengah (Grup 1),135000,,5.5,
-4.163895581427109,-0.5133157246420005,0,Kelas Menengah (Grup 1),435000,135.0,3.75,78.91
-1.095979658778598,0.37864293487249767,0,Kelas Menengah (Grup 1),375000,87.0,,
0.545633909730047,1.4711914484005093,0,Kelas Menengah (Grup 1),55000,111.0,,55.0
-0.6079547674613469,1.0622403744763982,0,Kelas Menengah (Grup 1),325000,70.0,6.75,96.5
-0.57984486666635,0.37876048457825795,0,Kelas Menengah (Grup 1),255000,84.0,,
-1.5481320661620346,1.4905493007281305,0,Kelas Menengah (Grup 1),95000,,6.25,
-1.4670193275977446,0.9332303777557697,0,Kelas Menengah (Grup 1),345000,182.0,6.749,57.31
-0.599161910366328,0.4645572429935302,0,Kelas Menengah (Grup 1),325000,82.0,4.874,100.0
-0.2103567613177451,0.9086511467419275,0,Kelas Menengah (Grup 1),665000,117.0,2.875,80.0
-1.1714482240295632,0.48210884786799335,0,Kelas Menengah (Grup 1),525000,114.0,,
-0.8773084240993241,0.9712134485853363,0,Kelas Menengah (Grup 1),165000,,3.25,101.25
-0.6004524444167738,0.5525218798366277,0,Kelas Menengah (Grup 1),215000,,4.5,
-0.5098175204096274,0.8182545201599501,0,Kelas Menengah (Grup 1),195000,87.0,,80.0
-4.188848487762139,-0.5230554810593349,0,Kelas Menengah (Grup 1),125000,50.0,,
-2.039362766600208,0.8740533113579453,0,Kelas Menengah (Grup 1),475000,86.0,2.5,100.0
-0.18702149237986046,0.9057456887515084,0,Kelas Menengah (Grup 1),345000,83.0,6.35,96.5
-3.811384390827867,-1.6099118132792578,0,Kelas Menengah (Grup 1),575000,133.0,5.5,95.0
-0.47484225823132215,0.5581084710885212,0,Kelas Menengah (Grup 1),685000,,5.0,
0.4918605426259535,0.7320560014658554,0,Kelas Menengah (Grup 1),395000,145.0,,
-0.43467656040157704,-0.1613260460645398,0,Kelas Menengah (Grup 1),225000,100.0,4.875,64.45
-0.6215040739096038,-0.47837734111531066,0,Kelas Menengah (Grup 1),115000,78.0,,
-1.9245778452463644,0.2930881203873285,0,Kelas Menengah (Grup 1),55000,36.0,,
-2.011590753371704,0.6405721108247886,0,Kelas Menengah (Grup 1),45000,120.0,,
0.23418476597965487,1.9592618842707838,0,Kelas Menengah (Grup 1),165000,,7.25,
0.1393389618489457,1.0564010855068484,0,Kelas Menengah (Grup 1),195000,77.0,,
-0.822501304023837,0.4672787310057147,0,Kelas Menengah (Grup 1),195000,92.0,,95.0
-0.21716560545859034,0.9927844450114892,0,Kelas Menengah (Grup 1),185000,66.0,,
-1.6598645702325165,-0.29948206359194773,0,Kelas Menengah (Grup 1),155000,89.0,4.875,55.0
-0.12472800612697336,0.7923120760730126,0,Kelas Menengah (Grup 1),465000,129.0,,
-0.14561466665994582,0.12616061985143398,0,Kelas Menengah (Grup 1),105000,30.0,,
-1.5448896986723324,0.33664627007045356,0,Kelas Menengah (Grup 1),115000,45.0,,
-3.752566058184476,-0.7188967060932984,0,Kelas Menengah (Grup 1),195000,63.0,,
-0.10273525122252619,0.44562499742280764,0,Kelas Menengah (Grup 1),485000,,3.625,
-0.9817306337914492,1.0168581147368034,0,Kelas Menengah (Grup 1),225000,62.0,,
-1.8433215188837977,0.25711081744841935,0,Kelas Menengah (Grup 1),195000,64.0,,85.0
-2.5603014458362305,0.4921101271737511,0,Kelas Menengah (Grup 1),75000,54.0,,101.333
-0.03693716881331609,0.43163276085275704,0,Kelas Menengah (Grup 1),115000,,,
-1.2463343078563114,0.8505619582056865,0,Kelas Menengah (Grup 1),35000,57.0,3.625,57.75
-0.026788016707153018,0.5718766496383089,0,Kelas Menengah (Grup 1),205000,,4.375,
-0.6717589906796663,0.2993339657059301,0,Kelas Menengah (Grup 1),845000,360.0,,
-0.35063276991374215,0.5838247040431355,0,Kelas Menengah (Grup 1),335000,67.0,5.125,77.647
-1.0653040957782272,0.9775712795285214,0,Kelas Menengah (Grup 1),355000,112.0,2.685,62.427
-0.15096883065870115,0.7437546785643984,0,Kelas Menengah (Grup 1),465000,127.0,6.625,54.118
-0.279750614888681,1.0411546995530638,0,Kelas Menengah (Grup 1),265000,,3.75,
-1.0700371629555014,1.9687425279001818,0,Kelas Menengah (Grup 1),645000,153.0,,90.0
-0.9321666460416463,0.965966396138109,0,Kelas Menengah (Grup 1),145000,91.0,,70.0
-0.8802977806281238,1.5565557929647735,0,Kelas Menengah (Grup 1),35000,65.0,,
-1.0291912346191963,0.391672704596072,0,Kelas Menengah (Grup 1),85000,30.0,6.0,89.29
-1.002109836065535,0.7127724164824802,0,Kelas Menengah (Grup 1),105000,15.0,,80.0
-0.10634344353575002,0.9667955988088165,0,Kelas Menengah (Grup 1),395000,76.0,5.0,60.501
-0.813465859506599,0.3413718568446469,0,Kelas Menengah (Grup 1),1405000,775.0,3.875,59.574
-0.6455859922687477,0.6017050839138194,0,Kelas Menengah (Grup 1),275000,60.0,,
-1.6454038714823531,-0.10442219278158396,0,Kelas Menengah (Grup 1),65000,49.0,4.75,100.0
-0.49453114179438556,0.8722773608731625,0,Kelas Menengah (Grup 1),25000,56.0,0.0,10.0
-0.4540641053383194,0.6811861627009818,0,Kelas Menengah (Grup 1),265000,,5.75,
-0.38112248329417614,0.715781373002692,0,Kelas Menengah (Grup 1),425000,90.0,,65.0
-0.577244698018945,-0.07977931141866508,0,Kelas Menengah (Grup 1),155000,31.0,,75.355
-2.540213800023373,0.5904890521533974,0,Kelas Menengah (Grup 1),385000,73.0,5.625,95.0
-0.48853286599745077,0.38374742971377396,0,Kelas Menengah (Grup 1),245000,66.0,3.995,96.5
-1.9253556952913535,0.4524374341144147,0,Kelas Menengah (Grup 1),415000,141.0,4.99,
-1.8814400119890788,0.3279807956525725,0,Kelas Menengah (Grup 1),595000,101.0,,
-0.18642739378031883,0.48680601762937703,0,Kelas Menengah (Grup 1),15000,41.0,,56.36
-4.142793550164255,-0.754865397196488,0,Kelas Menengah (Grup 1),545000,94.0,,
-1.3752356214687704,0.07124676629165447,0,Kelas Menengah (Grup 1),435000,107.0,5.75,80.0
-0.40530758251251076,0.06113787332936652,0,Kelas Menengah (Grup 1),195000,56.0,5.25,74.49
-0.4555662702192332,0.8917129275604113,0,Kelas Menengah (Grup 1),95000,,5.875,
0.012077457700158441,0.5421843256711083,0,Kelas Menengah (Grup 1),925000,261.0,3.5,
-1.49193553975835,0.23709894046236962,0,Kelas Menengah (Grup 1),155000,,2.875,
-1.9295089802250407,1.0478527667736086,0,Kelas Menengah (Grup 1),135000,25.0,,
-0.8982630535803591,0.503204879240332,0,Kelas Menengah (Grup 1),245000,110.0,3.75,
-1.532753433273142,0.4832057048959592,0,Kelas Menengah (Grup 1),305000,,,
-4.150185856490283,-0.7120402152792866,0,Kelas Menengah (Grup 1),245000,52.0,,98.188
-1.1330649785152112,0.08339802449840555,0,Kelas Menengah (Grup 1),75000,49.0,5.99,54.0
-0.7228527165539135,0.11968083336448905,0,Kelas Menengah (Grup 1),45000,20.0,,39.13
-1.4014521981139252,0.4205539664617603,0,Kelas Menengah (Grup 1),245000,77.0,4.24,100.0
-2.2793839123479773,-0.04941871688313752,0,Kelas Menengah (Grup 1),255000,119.0,,
-0.22860771490929618,0.6014605012748769,0,Kelas Menengah (Grup 1),65000,47.0,10.0,
-1.5467456506991006,-0.29823850140969316,0,Kelas Menengah (Grup 1),115000,,4.75,
-2.1635883411571717,1.0302852409490428,0,Kelas Menengah (Grup 1),1075000,220.0,,
-0.15020579643140947,0.5884687388004819,0,Kelas Menengah (Grup 1),185000,45.0,6.25,75.0
-1.6039435653830836,-0.16548560675818005,0,Kelas Menengah (Grup 1),225000,113.0,3.0,51.0
-0.3745335090269705,0.7655648138319533,0,Kelas Menengah (Grup 1),45000,93.0,,48.387
-0.8125355004986202,0.10296052415131471,0,Kelas Menengah (Grup 1),145000,,6.125,
-0.5953556868031795,0.5358229376741054,0,Kelas Menengah (Grup 1),185000,35.0,3.875,91.413
-1.6819248570025558,-0.19155535295355505,0,Kelas Menengah (Grup 1),175000,67.0,6.499,96.5
-1.403168924180096,2.7279119143165995,0,Kelas Menengah (Grup 1),235000,56.0,4.25,96.5
-0.10692358807804418,1.1713775943311735,0,Kelas Menengah (Grup 1),175000,130.0,3.49,79.009
-0.02338075909385281,1.8114081024815196,0,Kelas Menengah (Grup 1),65000,,5.46357,85.0
-0.7663772890546344,0.337775665104797,0,Kelas Menengah (Grup 1),285000,,4.25,
-0.4436495764001868,0.4838697437951264,0,Kelas Menengah (Grup 1),225000,222.0,2.5,43.589
-0.37178549613723266,0.7091925914666694,0,Kelas Menengah (Grup 1),175000,72.0,2.875,64.0
-1.0168561399812608,0.7929413205236449,0,Kelas Menengah (Grup 1),245000,,5.75,
-2.123021139296404,-0.6061930020768134,0,Kelas Menengah (Grup 1),185000,98.0,4.5,70.0
-0.009888631141387971,0.45127141290275635,0,Kelas Menengah (Grup 1),645000,276.0,3.75,64.72
-0.76016589838277,0.3602387103294255,0,Kelas Menengah (Grup 1),265000,53.0,,
-0.11489964335320141,0.6207810725159761,0,Kelas Menengah (Grup 1),265000,76.0,4.0,100.0
0.08504009699970835,1.156304633455122,0,Kelas Menengah (Grup 1),205000,175.0,,29.02
-0.25610151088489386,1.0594088538511004,0,Kelas Menengah (Grup 1),285000,124.0,,
0.30328055021932926,1.3166867263489768,0,Kelas Menengah (Grup 1),375000,72.0,,
-0.24860266940514567,0.9222192065568033,0,Kelas Menengah (Grup 1),55000,198.0,,
-0.9783877649700388,0.28782813148473857,0,Kelas Menengah (Grup 1),345000,,5.75,
-1.951306521396112,1.49096211494837,0,Kelas Menengah (Grup 1),265000,66.0,2.5,88.62
-1.0278206059431143,0.3404003573751394,0,Kelas Menengah (Grup 1),75000,148.0,3.25,42.9
-0.6060191981975297,0.46501960635308587,0,Kelas Menengah (Grup 1),75000,55.0,,
-1.2440784463904155,1.340839375318855,0,Kelas Menengah (Grup 1),355000,,5.5,89.99
-0.08702259384703881,1.3607311303793335,0,Kelas Menengah (Grup 1),145000,90.0,,100.892
-1.4211863130611815,0.5912222120410505,0,Kelas Menengah (Grup 1),305000,69.0,5.875,76.923
-1.7276398229038845,0.612440827116465,0,Kelas Menengah (Grup 1),55000,49.0,,
-2.071048671156116,0.757055047276125,0,Kelas Menengah (Grup 1),175000,45.0,5.951,95.0
0.009041633115949717,1.0152451472439095,0,Kelas Menengah (Grup 1),315000,103.0,3.875,90.0
-1.5130502352158648,0.4127423119415385,0,Kelas Menengah (Grup 1),45000,63.0,2.625,58.0
-1.6013201631939675,1.1963180943157328,0,Kelas Menengah (Grup 1),85000,54.0,,55.032
-0.49611993434935664,0.13635740461919466,0,Kelas Menengah (Grup 1),145000,42.0,4.375,100.941
-0.29615316247145623,0.955261107233116,0,Kelas Menengah (Grup 1),515000,,6.5,
0.07562285115688111,0.9316482414358799,0,Kelas Menengah (Grup 1),305000,102.0,,24.0
-0.7824119875009088,1.2504419695999176,0,Kelas Menengah (Grup 1),55000,69.0,,75.59
-4.975204392832511,3.063989338528704,0,Kelas Menengah (Grup 1),75000,92.0,,85.213
-0.5421431747473181,0.47616445895516435,0,Kelas Menengah (Grup 1),45000,262.0,5.5,62.0
0.07630892871930106,0.9050700578984168,0,Kelas Menengah (Grup 1),315000,151.0,6.25,71.13
-0.8424923708229761,0.9988811656132336,0,Kelas Menengah (Grup 1),95000,92.0,4.75,80.0
-1.9370384074981726,0.18017284070049314,0,Kelas Menengah (Grup 1),205000,,,
-1.7793718113661048,0.5090388108303067,0,Kelas Menengah (Grup 1),115000,111.0,2.625,80.0
-1.3961517692728007,0.6749695824349823,0,Kelas Menengah (Grup 1),255000,48.0,,
-0.5600028336346082,0.2736841346199109,0,Kelas Menengah (Grup 1),105000,166.0,4.85,57.94
-0.847342457581453,0.8233531080093424,0,Kelas Menengah (Grup 1),85000,,8.099,
-1.0039489734135654,0.6041680157350096,0,Kelas Menengah (Grup 1),335000,74.0,,
-1.2804065949770334,0.5682730417192626,0,Kelas Menengah (Grup 1),705000,,5.5,
-0.38694978552365666,0.844472443134262,0,Kelas Menengah (Grup 1),25000,58.0,2.75,79.999
-2.9995672969443503,0.66054239943093,0,Kelas Menengah (Grup 1),205000,69.0,,
-1.4508941500397967,-0.1193859905801718,0,Kelas Menengah (Grup 1),135000,83.0,5.5,45.0
0.3404115852336786,0.7045643359668926,0,Kelas Menengah (Grup 1),325000,140.0,4.875,53.791
-0.7986423363526507,0.8775187088294994,0,Kelas Menengah (Grup 1),35000,395.0,,
-0.12077705356090238,0.4111219352574165,0,Kelas Menengah (Grup 1),35000,150.0,,87.241
-1.2826636104505098,1.0612195775710216,0,Kelas Menengah (Grup 1),385000,,6.15,79.0
-0.38381678188663904,0.5564262506600955,0,Kelas Menengah (Grup 1),445000,,7.125,
-0.4655856204034658,0.5510958847200416,0,Kelas Menengah (Grup 1),125000,55.0,,
-2.0137835482296693,0.11427087895539464,0,Kelas Menengah (Grup 1),345000,313.0,,
-1.0890351033990024,0.3473517653596749,0,Kelas Menengah (Grup 1),235000,74.0,,
-0.48567766304976784,0.7110307380029955,0,Kelas Menengah (Grup 1),175000,79.0,4.75,80.0
-0.8007122227941766,0.4409685498187756,0,Kelas Menengah (Grup 1),45000,87.0,8.25,85.0
-1.5589090155812206,0.9271098843771852,0,Kelas Menengah (Grup 1),155000,43.0,,
-0.37062004435971047,0.8820411662656314,0,Kelas Menengah (Grup 1),405000,112.0,5.5,96.5
-1.9878155487375635,-0.5560812355144454,0,Kelas Menengah (Grup 1),525000,78.0,,116.111
-1.1907537056089608,0.5466654008499424,0,Kelas Menengah (Grup 1),75000,40.0,,
-0.47280568643353643,0.3809943430850434,0,Kelas Menengah (Grup 1),205000,60.0,,
-1.1571148489756296,0.4291466501019253,0,Kelas Menengah (Grup 1),205000,63.0,5.125,56.18
-1.1048322670327797,-0.15567429356768311,0,Kelas Menengah (Grup 1),475000,196.0,3.625,
-0.46880545182087985,0.8421093051455754,0,Kelas Menengah (Grup 1),245000,,3.75,
-0.22632272212573165,1.0839238199675656,0,Kelas Menengah (Grup 1),175000,217.0,,
-0.913844963230172,0.8514409480469536,0,Kelas Menengah (Grup 1),265000,138.0,5.125,97.0
-0.6431671244631297,0.9898754649730346,0,Kelas Menengah (Grup 1),505000,450.0,,
-1.055535117351613,0.9919640597705413,0,Kelas Menengah (Grup 1),205000,94.0,,37.83
-0.5385707965930814,-0.250690596960876,0,Kelas Menengah (Grup 1),105000,230.0,,
-0.12554679084045559,0.5742100953522397,0,Kelas Menengah (Grup 1),105000,45.0,,66.88
-1.668600140925519,-0.3080379492481667,0,Kelas Menengah (Grup 1),15000,60.0,,
-1.3787456766341148,0.5776095257355477,0,Kelas Menengah (Grup 1),125000,95.0,,
-1.0043659956694855,0.10412015680833199,0,Kelas Menengah (Grup 1),95000,54.0,,
-0.005318834989677714,0.569461507204369,0,Kelas Menengah (Grup 1),45000,76.0,6.69,
-4.167328007341137,-0.5154140957740506,0,Kelas Menengah (Grup 1),385000,500.0,,
0.007123832310334137,0.9924419097306018,0,Kelas Menengah (Grup 1),495000,,7.25,
-0.15996640880884724,1.2762398110596525,0,Kelas Menengah (Grup 1),395000,78.0,5.375,105.0
-1.8562392978685913,0.43283273350638407,0,Kelas Menengah (Grup 1),45000,120.0,,51.765
-0.9439361539831991,3.5211683568898695,0,Kelas Menengah (Grup 1),335000,131.0,4.0,64.423
-1.664124346137986,1.147839379815612,0,Kelas Menengah (Grup 1),65000,,,
-0.7042016703370828,0.7329149212711481,0,Kelas Menengah (Grup 1),395000,143.0,6.875,100.0
0.20035355809557231,0.44370581335111015,0,Kelas Menengah (Grup 1),295000,212.0,4.25,75.0
-1.3990886212419615,4.611042404155945,0,Kelas Menengah (Grup 1),255000,60.0,4.0,80.0
-0.33030676660949504,0.8421088030482232,0,Kelas Menengah (Grup 1),225000,,,
-0.5656497569703733,1.4516379143090057,0,Kelas Menengah (Grup 1),55000,14.0,,17.007
-0.7867197371211837,1.0159621742756808,0,Kelas Menengah (Grup 1),105000,,,
-4.160763375440346,-0.5119810335781577,0,Kelas Menengah (Grup 1),475000,90.0,5.375,103.261
-1.8534872495488257,0.838815345827754,0,Kelas Menengah (Grup 1),305000,,5.49,59.406
-1.2200094258764893,0.38834149129190015,0,Kelas Menengah (Grup 1),85000,84.0,2.875,58.21
-0.801167089453622,0.2608671380377523,0,Kelas Menengah (Grup 1),355000,107.0,5.062,95.0
-1.099189554991707,0.575094788310085,0,Kelas Menengah (Grup 1),325000,118.0,3.0,80.0
-0.7346806534886604,0.4670522832903432,0,Kelas Menengah (Grup 1),105000,121.0,4.25,58.12
-0.061913876396741896,0.6838789961594363,0,Kelas Menengah (Grup 1),385000,128.0,5.5,
-1.177526446942639,4.553342126615003,0,Kelas Menengah (Grup 1),1035000,274.0,,
-0.993118359242439,0.4657880526246736,0,Kelas Menengah (Grup 1),765000,,4.25,60.0
0.12086398907291518,1.3464207395130958,0,Kelas Menengah (Grup 1),105000,102.0,6.24,62.67
-0.6510538130888187,0.8201514802935325,0,Kelas Menengah (Grup 1),155000,46.0,3.25,46.738
-1.9531156341459388,1.0360892710912986,0,Kelas Menengah (Grup 1),125000,46.0,,
-1.0567534301584454,0.26238161248873093,0,Kelas Menengah (Grup 1),105000,36.0,,30.211
-0.13647837613807126,0.5462829218837671,0,Kelas Menengah (Grup 1),25000,1044.0,4.0,72.52
-3.7969602783154017,-1.6041988744624036,0,Kelas Menengah (Grup 1),755000,141.0,,
-1.3646697368706366,1.1431055391192133,0,Kelas Menengah (Grup 1),95000,32.0,2.49,47.45
-1.0947148432724751,0.707177579248004,0,Kelas Menengah (Grup 1),85000,29.0,2.75,68.376
-0.7250081140414694,0.42376390765954186,0,Kelas Menengah (Grup 1),235000,41.0,4.25,56.02
-1.0302536033972514,0.21025789426030508,0,Kelas Menengah (Grup 1),355000,67.0,3.0,
-0.6086651268108072,0.3400964201499739,0,Kelas Menengah (Grup 1),105000,149.0,4.75,95.062
-0.6738387568934172,0.45487051496897246,0,Kelas Menengah (Grup 1),65000,,,91.64
-0.14063051880928415,0.6780901447373077,0,Kelas Menengah (Grup 1),445000,160.0,3.988,90.0
-0.45697737365229707,0.5716226973348142,0,Kelas Menengah (Grup 1),215000,14.0,9.61,
-2.198735050531065,0.10863243974372122,0,Kelas Menengah (Grup 1),85000,,4.375,
-1.5542415602080455,-0.26539644614278707,0,Kelas Menengah (Grup 1),595000,418.0,5.5,89.99
0.05292664691905746,0.7148023651925302,0,Kelas Menengah (Grup 1),365000,74.0,4.99,
-1.7952190087294422,2.4639211686670652,0,Kelas Menengah (Grup 1),115000,48.0,6.25,80.0
-1.4839483558079325,-0.22494730256554357,0,Kelas Menengah (Grup 1),455000,129.0,,
-0.6552819571741503,0.45779103659084575,0,Kelas Menengah (Grup 1),105000,96.0,,37.271
-1.3690880246388792,3.3803309976790303,0,Kelas Menengah (Grup 1),185000,81.0,,49.0
-2.545244846841904,-0.2873469762925239,0,Kelas Menengah (Grup 1),95000,29.0,4.99,60.0
-0.2645629552561442,1.0061897345105464,0,Kelas Menengah (Grup 1),215000,,3.75,
-0.9048728514796219,0.356325725377703,0,Kelas Menengah (Grup 1),425000,,,
-0.5590649684595567,0.4716976153037766,0,Kelas Menengah (Grup 1),355000,71.0,,
0.1200845324133391,1.0805947804024234,0,Kelas Menengah (Grup 1),185000,84.0,3.5,97.0
-0.3493592274619809,0.4870916487738897,0,Kelas Menengah (Grup 1),195000,,5.75,
0.3004041698309928,0.6095284998956934,0,Kelas Menengah (Grup 1),115000,30.0,,
-2.2281118171445384,0.33125767366164377,0,Kelas Menengah (Grup 1),135000,60.0,4.99,80.0
-0.12329302473136905,0.508356940832249,0,Kelas Menengah (Grup 1),305000,132.0,5.625,
-1.4774197482342255,0.20129155980344218,0,Kelas Menengah (Grup 1),25000,33.0,,42.686
-1.5996899978754928,1.0065866977586317,0,Kelas Menengah (Grup 1),75000,30.0,5.375,75.0
-0.4292878822449553,0.6639781485797296,0,Kelas Menengah (Grup 1),155000,,3.75,
-0.343337989807084,0.6400414139996047,0,Kelas Menengah (Grup 1),305000,80.0,,75.0
-0.6818383795847242,0.6129593626634858,0,Kelas Menengah (Grup 1),35000,35.0,7.75,10.169
-0.8023727629810425,0.5102424704617727,0,Kelas Menengah (Grup 1),105000,41.0,2.625,19.92
-2.2171071794971344,0.11500235671365353,0,Kelas Menengah (Grup 1),25000,26.0,3.0,19.84
-1.7257721385394944,0.39130177859341786,0,Kelas Menengah (Grup 1),445000,135.0,4.8,95.0
-0.9299740756962288,0.8160579699313294,0,Kelas Menengah (Grup 1),55000,66.0,,72.262
-1.3060221306862925,0.26033169297557424,0,Kelas Menengah (Grup 1),395000,106.0,3.25,100.0
-0.20099323023797108,0.7480216944317443,0,Kelas Menengah (Grup 1),85000,90.0,,
-1.0255725991231797,0.5323129376676005,0,Kelas Menengah (Grup 1),155000,62.0,,49.921
-2.751581381434043,0.41221991712761485,0,Kelas Menengah (Grup 1),75000,23.0,4.25,108.325
-0.022919517477614653,0.6408030947868298,0,Kelas Menengah (Grup 1),125000,98.0,,54.0
-0.6139915200590825,0.6160962229399298,0,Kelas Menengah (Grup 1),135000,50.0,,
0.4139401940290148,1.0268495401807765,0,Kelas Menengah (Grup 1),245000,127.0,5.125,90.0
-4.181578569908923,-0.5202505428903673,0,Kelas Menengah (Grup 1),215000,91.0,5.5,75.0
-1.7378585802999533,0.2998136016064348,0,Kelas Menengah (Grup 1),245000,63.0,5.375,97.0
-1.1428058467758355,0.7942147669541878,0,Kelas Menengah (Grup 1),445000,83.0,2.875,59.0
0.09419961259901999,0.882883529215461,0,Kelas Menengah (Grup 1),55000,21.0,3.25,42.4
-0.661567113247397,0.6114026212746916,0,Kelas Menengah (Grup 1),115000,75.0,3.5,62.0
-0.9144886168978618,0.29172624952345927,0,Kelas Menengah (Grup 1),155000,124.0,,51.526
-0.8212505402049519,1.0792021938455898,0,Kelas Menengah (Grup 1),605000,134.0,4.625,38.75
0.03366602898568954,0.7922704975609658,0,Kelas Menengah (Grup 1),295000,55.0,2.99,
-1.131294240871746,0.5148769801085622,0,Kelas Menengah (Grup 1),275000,,4.25,
-1.0348999657066935,0.35423556970018677,0,Kelas Menengah (Grup 1),595000,128.0,5.25,100.0
-0.12072935980204928,0.7636179835260123,0,Kelas Menengah (Grup 1),285000,96.0,5.25,96.379
-0.8474299434177032,-0.07049794669836051,0,Kelas Menengah (Grup 1),85000,,4.5,
-0.09765479533758073,0.5608117061461139,0,Kelas Menengah (Grup 1),255000,98.0,3.32,60.976
-4.161136412483151,-0.59142507761199,0,Kelas Menengah (Grup 1),185000,73.0,,
-1.4076773238409923,1.0197248805949002,0,Kelas Menengah (Grup 1),755000,385.0,4.25,62.733
-0.58015922615934,0.48575277821421253,0,Kelas Menengah (Grup 1),15000,46.0,,93.312
-0.16056552495846754,0.4627705970218446,0,Kelas Menengah (Grup 1),295000,,2.99,
-2.830582670518509,10.866204089809278,0,Kelas Menengah (Grup 1),55000,34.0,3.5,43.125
-4.169189772789794,-0.594563340362868,0,Kelas Menengah (Grup 1),85000,43.0,,90.816
-0.9638350858936509,5.401131822907442,0,Kelas Menengah (Grup 1),455000,106.0,3.5,85.0
-0.10846914357080996,0.6392421707413459,0,Kelas Menengah (Grup 1),105000,81.0,5.45,52.35
-1.8784256074551253,3.6461771134962353,0,Kelas Menengah (Grup 1),415000,261.0,,
-0.18194720106322826,1.7174870866033105,0,Kelas Menengah (Grup 1),225000,147.0,6.25,83.12
-4.178460438364669,-0.51890331720071,0,Kelas Menengah (Grup 1),255000,37.0,,86.207
-0.9623759830919588,0.9937815330905974,0,Kelas Menengah (Grup 1),175000,40.0,0.0,98.42
-2.098890913960167,0.027911593963074775,0,Kelas Menengah (Grup 1),75000,27.0,,
-1.3996283697168486,-0.23186261681706286,0,Kelas Menengah (Grup 1),65000,13.0,3.875,54.465
-3.49780248511516,-0.2625258010928597,0,Kelas Menengah (Grup 1),215000,56.0,,
-1.8453804906647047,1.3224697725807748,0,Kelas Menengah (Grup 1),85000,,4.125,80.0
-0.05125157393123107,1.2832127128436501,0,Kelas Menengah (Grup 1),65000,54.0,,9.701
-0.372955192969335,1.9473544118510817,0,Kelas Menengah (Grup 1),235000,,3.75,75.0
-0.15253832456054892,1.209702069129745,0,Kelas Menengah (Grup 1),665000,125.0,3.25,96.5
-0.6707664158428793,1.3809988378744227,0,Kelas Menengah (Grup 1),225000,171.0,6.24,64.207
-2.8497915714676725,3.296171804233391,0,Kelas Menengah (Grup 1),125000,199.0,11.625,84.632
-4.193705525177253,-0.5249161549306359,0,Kelas Menengah (Grup 1),65000,16.0,,97.0
0.3405610584683462,0.9114945858172223,0,Kelas Menengah (Grup 1),545000,103.0,,
-1.963202000465014,1.335361681746288,0,Kelas Menengah (Grup 1),295000,73.0,5.875,93.606
-1.613736735816038,-0.2220862972110697,0,Kelas Menengah (Grup 1),235000,143.0,5.75,69.322
-0.17765322616316,0.7542392806395524,0,Kelas Menengah (Grup 1),55000,45.0,,37.973
0.05387102075769324,0.8481999341890561,0,Kelas Menengah (Grup 1),95000,94.0,7.39,79.99
-1.3358517648229253,0.0988643890020492,0,Kelas Menengah (Grup 1),15000,171.0,,
-0.8245842608394373,0.7985524306062424,0,Kelas Menengah (Grup 1),275000,54.0,,97.0
-1.39895160234548,0.640616258086075,0,Kelas Menengah (Grup 1),235000,91.0,6.75,96.5
-1.313268427143884,0.8669242671386729,0,Kelas Menengah (Grup 1),505000,68.0,2.947,69.379
-0.6380884798912195,0.5375277528861605,0,Kelas Menengah (Grup 1),255000,229.0,5.625,
-1.12411603911381,0.4523592066537657,0,Kelas Menengah (Grup 1),145000,63.0,5.75,90.0
-1.6953565847792404,0.8922967329080298,0,Kelas Menengah (Grup 1),185000,51.0,,
-0.059010109267731536,0.42648726154137356,0,Kelas Menengah (Grup 1),325000,104.0,,
0.2653604675718167,1.06089703380887,0,Kelas Menengah (Grup 1),265000,55.0,5.125,101.41
-0.14606918968513793,0.8923246836992464,0,Kelas Menengah (Grup 1),175000,,9.0,
-0.4221974743163729,0.4659179806048675,0,Kelas Menengah (Grup 1),105000,80.0,,
-0.19889519892929527,0.35120611825427883,0,Kelas Menengah (Grup 1),105000,47.0,,
-0.7302843947148426,0.8531354170540415,0,Kelas Menengah (Grup 1),445000,106.0,,
-0.7081280235232574,1.1080854893541792,0,Kelas Menengah (Grup 1),55000,13.0,,14.41
-1.2113588290873465,0.6055974986821442,0,Kelas Menengah (Grup 1),425000,139.0,6.99,95.455
-1.7411624314833953,-0.4997387838136888,0,Kelas Menengah (Grup 1),155000,21.0,,66.359
-1.2655731595799136,1.4709726520964774,0,Kelas Menengah (Grup 1),555000,95.0,5.0,100.0
-3.4593556236894587,-0.359894857825906,0,Kelas Menengah (Grup 1),85000,54.0,,
-0.6330644738572886,0.3876740901948411,0,Kelas Menengah (Grup 1),515000,,4.25,51.717
-0.5086902238871019,0.81453856598832,0,Kelas Menengah (Grup 1),45000,64.0,12.55,81.0
-0.08704370670498623,0.8207809215713809,0,Kelas Menengah (Grup 1),325000,112.0,3.99,90.0
-1.4517168656621222,0.9055556022911201,0,Kelas Menengah (Grup 1),165000,,5.0,
-4.52381653532792,1.7958890219083155,0,Kelas Menengah (Grup 1),295000,77.0,,97.0
-1.0840805682865247,0.2896796886758993,0,Kelas Menengah (Grup 1),85000,32.0,,
-1.5356885835291585,0.36033542433883714,0,Kelas Menengah (Grup 1),135000,36.0,,66.66
-1.0184352528041074,0.5048919578012413,0,Kelas Menengah (Grup 1),225000,57.0,3.99,96.5
-1.2778974928467044,0.4370934035760506,0,Kelas Menengah (Grup 1),165000,45.0,3.25,97.0
-1.1853121305249246,0.17167615225016158,0,Kelas Menengah (Grup 1),155000,,4.125,
-1.6279587435413145,0.8036813985897948,0,Kelas Menengah (Grup 1),325000,75.0,,
-4.217931533321082,-0.3302296237834426,0,Kelas Menengah (Grup 1),125000,30.0,,101.22
0.05368301999903452,0.8068215766313765,0,Kelas Menengah (Grup 1),35000,,,
-0.16184662115110837,0.397329171153578,0,Kelas Menengah (Grup 1),15000,73.0,,71.62
-1.0259654747906144,1.245277254642938,0,Kelas Menengah (Grup 1),55000,142.0,3.75,49.185
-1.2879312274956054,-0.23690907816501375,0,Kelas Menengah (Grup 1),185000,41.0,,
-0.21672953634643802,1.4461124167652297,0,Kelas Menengah (Grup 1),6525000,,3.97,72.5
-0.3623048490090201,0.003105784575229475,0,Kelas Menengah (Grup 1),295000,50.0,,
-0.10157747478129929,0.20437640011242383,0,Kelas Menengah (Grup 1),25000,11.0,4.25,23.136
-0.9615882931350358,0.6591723466395162,0,Kelas Menengah (Grup 1),965000,226.0,3.375,95.0
-0.4689465793560926,1.2933724269814957,0,Kelas Menengah (Grup 1),255000,48.0,,
-0.6492924398286258,0.10960677678229042,0,Kelas Menengah (Grup 1),135000,67.0,3.5,95.0
-1.1201232168384254,0.5441056939740666,0,Kelas Menengah (Grup 1),365000,,5.5,
-1.8443396587467156,0.6768230404246723,0,Kelas Menengah (Grup 1),205000,41.0,,
-0.9830017981506469,0.7755879851778953,0,Kelas Menengah (Grup 1),205000,72.0,,81.4
-1.9637869668679164,0.6299708776001232,0,Kelas Menengah (Grup 1),135000,99.0,,78.613
-0.272820691637756,1.0026310090193626,0,Kelas Menengah (Grup 1),35000,59.0,5.25,28.18
-0.9505824867665034,0.4343471138312474,0,Kelas Menengah (Grup 1),205000,77.0,5.625,97.0
-0.22319242405389497,0.7975701563645831,0,Kelas Menengah (Grup 1),75000,96.0,,
-2.000689714447039,0.5140685577621594,0,Kelas Menengah (Grup 1),155000,78.0,,
-1.1411399665067705,0.5541823183448688,0,Kelas Menengah (Grup 1),695000,,5.125,
0.5056524914388555,0.875398045563344,0,Kelas Menengah (Grup 1),385000,121.0,4.5,80.0
-1.3142720526432174,0.6512296312443734,0,Kelas Menengah (Grup 1),505000,167.0,4.625,97.043
-4.158164153103542,-0.7152453293678417,0,Kelas Menengah (Grup 1),145000,70.0,,74.937
-1.1946505759331694,1.1009250925939371,0,Kelas Menengah (Grup 1),455000,115.0,6.5,96.5
0.5555476474275008,1.2596414173153387,0,Kelas Menengah (Grup 1),255000,,3.0,
-1.0853153745854558,0.620677465336025,0,Kelas Menengah (Grup 1),105000,49.0,,
-1.2082619555220258,0.10320656549826251,0,Kelas Menengah (Grup 1),115000,46.0,,124.77
-1.212408554182823,1.046739174263056,0,Kelas Menengah (Grup 1),165000,60.0,,
-0.8346156496396947,2.8303082769440664,0,Kelas Menengah (Grup 1),925000,386.0,,
-1.253176197580859,-0.006195514754786367,0,Kelas Menengah (Grup 1),315000,139.0,,
0.043974092085962396,0.6799742980221589,0,Kelas Menengah (Grup 1),645000,,3.99,
-1.4076691326058606,0.9442841063177329,0,Kelas Menengah (Grup 1),175000,89.0,3.75,46.0
-0.40116986864261944,0.7586465947211466,0,Kelas Menengah (Grup 1),355000,69.0,,72.103
-2.000969859407465,-0.13338453327116187,0,Kelas Menengah (Grup 1),85000,53.0,,
-0.5283950296588008,1.093409335662031,0,Kelas Menengah (Grup 1),145000,,,
-0.8115314507116133,0.8290668879017418,0,Kelas Menengah (Grup 1),45000,73.0,,88.7
-1.2842964049531564,0.8185011320004396,0,Kelas Menengah (Grup 1),295000,106.0,3.5,87.925
-0.9885449085361555,0.5750810058269622,0,Kelas Menengah (Grup 1),205000,500.0,,
-1.4340858491621966,1.010896929544685,0,Kelas Menengah (Grup 1),415000,,5.25,77.0
-1.9842624296827513,1.2124007589083639,0,Kelas Menengah (Grup 1),865000,,8.5,80.0
-0.11825185108061681,0.8166067068279989,0,Kelas Menengah (Grup 1),105000,108.0,8.99,20.4
-0.3013571507521791,0.1536838116475336,0,Kelas Menengah (Grup 1),235000,57.0,5.875,95.0
-0.23213918917586904,0.13724212623433918,0,Kelas Menengah (Grup 1),145000,27.0,6.375,60.0
-1.347642443473054,0.3208124922918935,0,Kelas Menengah (Grup 1),255000,,7.23,
-2.2644609827499202,-0.36465488562353277,0,Kelas Menengah (Grup 1),155000,37.0,4.375,90.0
-1.9226642077274851,0.15036798660359993,0,Kelas Menengah (Grup 1),135000,53.0,3.0,68.82
-1.1693588071726713,0.9037260576206663,0,Kelas Menengah (Grup 1),105000,37.0,,
-0.7565417320735146,0.9170843056412872,0,Kelas Menengah (Grup 1),715000,169.0,3.875,90.0
-1.561003695346919,-0.14022410022548742,0,Kelas Menengah (Grup 1),175000,84.0,5.75,49.44
-0.2723253699540414,1.2331107366644967,0,Kelas Menengah (Grup 1),45000,139.0,8.39,73.4
-1.0057853432676742,4.320609486784462,0,Kelas Menengah (Grup 1),345000,71.0,,50.81
-0.43050219325952377,0.33679620133829724,0,Kelas Menengah (Grup 1),225000,82.0,3.75,74.5
-1.1043170227096797,0.3492688270761148,0,Kelas Menengah (Grup 1),65000,28.0,,
-1.8070534326484038,1.5060536340611375,0,Kelas Menengah (Grup 1),375000,,5.75,75.54
-1.627127671290693,0.8002829036054657,0,Kelas Menengah (Grup 1),215000,62.0,1.75,26.0
-0.40371972720281335,0.7347673817766711,0,Kelas Menengah (Grup 1),115000,120.0,,
-1.9198127707890016,0.4259384513444052,0,Kelas Menengah (Grup 1),95000,33.0,3.375,22.33
-0.4277347343242584,0.5083636906242519,0,Kelas Menengah (Grup 1),105000,70.0,4.84,20.063
-0.9561291051570503,1.024783051097731,0,Kelas Menengah (Grup 1),235000,,,
-1.2322843562570658,0.7272532798896512,0,Kelas Menengah (Grup 1),185000,61.0,3.5,75.0
-0.5904952699829336,0.09136491498373889,0,Kelas Menengah (Grup 1),145000,68.0,5.5,52.0
-0.08103209288945488,1.2811510046573529,0,Kelas Menengah (Grup 1),75000,73.0,,14.11
-0.6526166258933773,0.4053715415380356,0,Kelas Menengah (Grup 1),205000,48.0,5.125,96.5
-0.9573416009089437,0.9267552886254146,0,Kelas Menengah (Grup 1),5000,65.0,,
-0.4879957603780282,0.9182055776959013,0,Kelas Menengah (Grup 1),45000,82.0,,75.03
-3.5703931338065042,-0.17860210703418092,0,Kelas Menengah (Grup 1),65000,96.0,,
0.3119378784808276,0.9919803545891422,0,Kelas Menengah (Grup 1),275000,74.0,3.895,80.0
-1.09895400694743,0.8834264085175959,0,Kelas Menengah (Grup 1),75000,120.0,3.75,74.39
-0.6061087559269285,0.5457382351915205,0,Kelas Menengah (Grup 1),25000,51.0,5.0,90.0
-2.0805590637866707,0.11634064538494518,0,Kelas Menengah (Grup 1),255000,144.0,,
-0.8652368263271735,0.7013488643009892,0,Kelas Menengah (Grup 1),135000,45.0,,
-1.1493991440011257,-0.23924206508282392,0,Kelas Menengah (Grup 1),885000,396.0,5.375,
0.6320989819664671,1.2380906029680085,0,Kelas Menengah (Grup 1),1225000,240.0,4.625,78.658
-0.3253019809664448,0.6921787644542214,0,Kelas Menengah (Grup 1),165000,67.0,2.5,
-2.115947009740849,0.24579986295769646,0,Kelas Menengah (Grup 1),85000,55.0,4.25,54.67
0.3097862636750784,0.9345908545265172,0,Kelas Menengah (Grup 1),385000,,6.75,
-0.6831576802784018,1.0237407474147509,0,Kelas Menengah (Grup 1),65000,54.0,,
-1.874339983808854,0.32974011056894204,0,Kelas Menengah (Grup 1),235000,,5.5,75.0
-0.6170954373020329,0.6232630744284821,0,Kelas Menengah (Grup 1),275000,108.0,,100.0
-1.148660648439527,0.17887394517140312,0,Kelas Menengah (Grup 1),335000,91.0,2.75,59.187
0.14992539603137756,1.2267949744849547,0,Kelas Menengah (Grup 1),275000,56.0,5.125,73.158
-0.09458745249536218,0.9512193240077047,0,Kelas Menengah (Grup 1),575000,0.0,2.75,89.29
-1.033307243381473,0.4520134459650057,0,Kelas Menengah (Grup 1),125000,32.0,4.0,60.0
-0.5307532121258143,0.25071071768933806,0,Kelas Menengah (Grup 1),45000,1020.0,,69.333
-1.7801530475009542,-0.002573631313639969,0,Kelas Menengah (Grup 1),165000,56.0,6.0,75.0
0.21376939632685032,0.2287392889889669,0,Kelas Menengah (Grup 1),175000,70.0,5.125,80.0
-0.15388783352138394,0.42943712626290803,0,Kelas Menengah (Grup 1),425000,135.0,4.0,69.194
-1.5811561174392654,0.9811971651640149,0,Kelas Menengah (Grup 1),355000,107.0,4.125,89.873
-0.6986037797905891,0.4349624294959736,0,Kelas Menengah (Grup 1),25000,240.0,,
-1.0767586107294598,0.6152658708626304,0,Kelas Menengah (Grup 1),25000,,7.5,
-0.30848486034249434,0.2945173509606905,0,Kelas Menengah (Grup 1),215000,70.0,5.625,97.0
-0.8829469054319395,0.9570170521944366,0,Kelas Menengah (Grup 1),25000,96.0,6.615,66.99
-0.35284006226294923,0.9390692329975676,0,Kelas Menengah (Grup 1),35000,150.0,,73.84
-0.475179118187395,0.9148945812063685,0,Kelas Menengah (Grup 1),495000,114.0,4.375,95.0
-1.0196593373061869,0.5933678323899338,0,Kelas Menengah (Grup 1),65000,62.0,3.64,38.913
0.13079673007912565,1.078525977833565,0,Kelas Menengah (Grup 1),285000,136.0,,
-0.15444343424268717,0.7131562449299957,0,Kelas Menengah (Grup 1),355000,39.0,,78.42
-1.5469612537733435,0.5104570328628519,0,Kelas Menengah (Grup 1),245000,39.0,,
-0.6569200998461918,0.938584796386961,0,Kelas Menengah (Grup 1),555000,106.0,,
0.3550678672258509,1.0587989954162291,0,Kelas Menengah (Grup 1),975000,198.0,,68.0
-4.173553358487299,-0.5170872108878605,0,Kelas Menengah (Grup 1),315000,103.0,3.25,90.0
-0.4307684812852064,0.6207316139605407,0,Kelas Menengah (Grup 1),225000,,,
-1.0450342945169462,0.921388080286339,0,Kelas Menengah (Grup 1),45000,72.0,5.5,79.646
-1.6198371327742354,0.5625925804784411,0,Kelas Menengah (Grup 1),25000,69.0,,67.273
-2.6528730235952818,1.2715737274917438,0,Kelas Menengah (Grup 1),155000,38.0,,97.105
-0.6259542530459643,0.7216674738430124,0,Kelas Menengah (Grup 1),175000,46.0,2.99,50.0
-0.5311410017468773,0.7949925015038858,0,Kelas Menengah (Grup 1),175000,73.0,5.875,56.67
0.05157503805255684,1.1302463341624192,0,Kelas Menengah (Grup 1),305000,90.0,5.625,
-2.2388263675854168,0.24012844479473114,0,Kelas Menengah (Grup 1),175000,52.0,,
-0.8603467914935705,1.0829401283848565,0,Kelas Menengah (Grup 1),365000,,3.625,
-0.4496087594578567,0.17791417140269875,0,Kelas Menengah (Grup 1),145000,71.0,,
-1.4168328011902374,1.5904656438369105,0,Kelas Menengah (Grup 1),95000,54.0,,
-0.8835373442250275,0.3608995707111904,0,Kelas Menengah (Grup 1),175000,55.0,4.75,79.12
-0.08408694696697765,0.332923770681497,0,Kelas Menengah (Grup 1),55000,73.0,4.65,30.86
-0.4259803205102949,0.9995612034381438,0,Kelas Menengah (Grup 1),95000,23.0,4.75,27.273
-1.3654661643327215,0.4943536004275203,0,Kelas Menengah (Grup 1),265000,,3.75,
-1.2444450475280429,0.25111200707898473,0,Kelas Menengah (Grup 1),175000,60.0,,96.623
-0.13698797386814515,0.7133279744066275,0,Kelas Menengah (Grup 1),105000,133.0,,
-1.221536296607719,0.955882550891454,0,Kelas Menengah (Grup 1),935000,862.0,,
-1.5568416783906183,0.02297478968305628,0,Kelas Menengah (Grup 1),5000,45.0,5.25,100.0
-1.6324206721766386,0.9669508182596273,0,Kelas Menengah (Grup 1),425000,47.0,,51.267
-0.46081386085285386,1.0060633000175998,0,Kelas Menengah (Grup 1),125000,,5.25,
-1.2228770244293252,-0.20203359130087825,0,Kelas Menengah (Grup 1),105000,,3.625,
-1.0643687425907127,0.08033386146925423,0,Kelas Menengah (Grup 1),145000,44.0,3.34,80.0
-0.3871545500231954,0.4023628836621975,0,Kelas Menengah (Grup 1),515000,124.0,4.125,78.0
-0.9392329180110297,0.5152329911362716,0,Kelas Menengah (Grup 1),105000,137.0,5.74,82.66
-0.5862775798549008,1.0873251877675656,0,Kelas Menengah (Grup 1),105000,16.0,,33.222
-3.0094837827138403,0.287221328758033,0,Kelas Menengah (Grup 1),135000,44.0,5.5,95.0
-1.095186473798916,0.6649068323937048,0,Kelas Menengah (Grup 1),95000,,,
-1.4595969063290393,0.13430143409886655,0,Kelas Menengah (Grup 1),335000,107.0,4.0,96.5
-1.0280769592046906,0.7383037756298688,0,Kelas Menengah (Grup 1),245000,23.0,,51.458
-1.3848029501312666,0.6279179855953101,0,Kelas Menengah (Grup 1),395000,147.0,3.625,73.3
-1.6478327352738122,1.5674616067944191,0,Kelas Menengah (Grup 1),125000,56.0,6.625,22.321
-1.498744596831456,-0.4759168071162605,0,Kelas Menengah (Grup 1),205000,41.0,5.25,80.0
-0.7288064250883408,0.8694022772088538,0,Kelas Menengah (Grup 1),495000,310.0,,
-1.5891739875959174,0.9632695416484934,0,Kelas Menengah (Grup 1),155000,120.0,,
-2.3368590463254857,-0.2712981820277048,0,Kelas Menengah (Grup 1),265000,42.0,,
-0.03626977650911002,0.825425095829821,0,Kelas Menengah (Grup 1),85000,73.0,2.625,36.889
-0.7161093534391214,1.5835842595440135,0,Kelas Menengah (Grup 1),225000,79.0,3.5,49.982
-1.0890220419792673,0.5156263347531888,0,Kelas Menengah (Grup 1),65000,,7.9,
0.34570505990832917,0.8542536795219018,0,Kelas Menengah (Grup 1),165000,83.0,2.75,27.872
-1.9145273791658133,0.9319984922174619,0,Kelas Menengah (Grup 1),505000,17.0,,71.43
-4.161394880187872,-0.7164922780509833,0,Kelas Menengah (Grup 1),105000,52.0,,80.0
-0.6993393336303522,0.8117434932002442,0,Kelas Menengah (Grup 1),495000,207.0,2.99,64.605
-2.142738268375666,0.005695423380911856,0,Kelas Menengah (Grup 1),185000,100.0,,
-1.2369602423988022,-0.14155237757301833,0,Kelas Menengah (Grup 1),135000,40.0,6.875,80.0
-1.2548576097867365,0.4343624491643619,0,Kelas Menengah (Grup 1),275000,92.0,5.75,90.0
-0.4807762070260957,0.3576141156613082,0,Kelas Menengah (Grup 1),485000,120.0,,
-2.018024832262335,0.657378881257444,0,Kelas Menengah (Grup 1),105000,36.0,6.125,
-4.157361944726769,-0.7149287176203507,0,Kelas Menengah (Grup 1),155000,71.0,,100.0
-1.4827574152422227,0.16816659955232177,0,Kelas Menengah (Grup 1),155000,478.0,3.375,45.946
-0.5203621456837173,0.7305672921126634,0,Kelas Menengah (Grup 1),215000,164.0,4.125,80.0
-2.500581260160551,0.3533033488744185,0,Kelas Menengah (Grup 1),205000,,4.875,
-0.6413028855214975,1.508226831400803,0,Kelas Menengah (Grup 1),285000,62.0,,59.71
-0.005417049199166411,1.1346232013780644,0,Kelas Menengah (Grup 1),845000,202.0,2.75,80.0
0.6131940550151033,1.2825377401412068,0,Kelas Menengah (Grup 1),975000,,4.75,
-1.5195118657327362,0.8006079021898119,0,Kelas Menengah (Grup 1),165000,57.0,4.875,80.0
-1.8933840342891781,0.7797685485733288,0,Kelas Menengah (Grup 1),195000,75.0,,95.0
-4.175189051779756,-0.5176925796588103,0,Kelas Menengah (Grup 1),295000,81.0,,97.0
0.09386075323167142,0.6833271752477751,0,Kelas Menengah (Grup 1),25000,95.0,3.0,86.664
-1.3904292979030626,0.6171038444553629,0,Kelas Menengah (Grup 1),755000,,5.625,
-0.01665455237835518,0.6825579139013627,0,Kelas Menengah (Grup 1),85000,118.0,4.99,67.6
-3.8402670200455975,-1.6213070507165308,0,Kelas Menengah (Grup 1),215000,,,96.5
-0.35645108237494305,0.6217664665700121,0,Kelas Menengah (Grup 1),15000,27.0,3.5,49.54
-1.723857274069825,0.6051797895074015,0,Kelas Menengah (Grup 1),135000,,4.125,
-0.05625607093298408,0.8656919093224635,0,Kelas Menengah (Grup 1),465000,234.0,8.625,80.0
0.3117567466389687,1.2973579100247963,0,Kelas Menengah (Grup 1),725000,162.0,,
-0.8593687501166402,1.0625686217376906,0,Kelas Menengah (Grup 1),305000,66.0,,
-2.2019605226634282,-0.27305244862249184,0,Kelas Menengah (Grup 1),95000,39.0,,
-1.722685035109244,0.209328770050524,0,Kelas Menengah (Grup 1),15000,42.0,6.0,47.1
-1.008988274516829,0.8445299980909134,0,Kelas Menengah (Grup 1),435000,,,
-0.8694877426455404,0.9702212213908121,0,Kelas Menengah (Grup 1),205000,54.0,,
0.09656858579911268,0.8649792621678282,0,Kelas Menengah (Grup 1),255000,72.0,6.25,55.0
-0.7785351099714541,0.7335551917590313,0,Kelas Menengah (Grup 1),575000,354.0,,
-1.0786571649368473,0.40877720182491045,0,Kelas Menengah (Grup 1),55000,40.0,,
-2.0134955072653633,0.031229944119620337,0,Kelas Menengah (Grup 1),155000,16.0,,66.667
0.03644003336527178,0.2131612673566784,0,Kelas Menengah (Grup 1),485000,361.0,,80.0
-0.9572380942428301,1.3028678138415246,0,Kelas Menengah (Grup 1),265000,,2.875,
-2.1517947701391256,0.7203876849171195,0,Kelas Menengah (Grup 1),25000,62.0,5.25,37.1
-1.7288254373897638,0.9116125859013299,0,Kelas Menengah (Grup 1),75000,56.0,3.75,46.667
-1.5531643044008319,3.7347617169580416,0,Kelas Menengah (Grup 1),755000,85.0,,51.09
-0.8747501482969653,-0.10433467285970169,0,Kelas Menengah (Grup 1),315000,102.0,3.89,83.0
-0.579391777080963,0.6978070614192798,0,Kelas Menengah (Grup 1),585000,220.0,6.0,72.86
-0.32836046680979547,1.013577600038084,0,Kelas Menengah (Grup 1),135000,64.0,,
-0.667751396394576,1.340311380438439,0,Kelas Menengah (Grup 1),205000,102.0,7.25,
-1.255660887266093,0.5110343486664801,0,Kelas Menengah (Grup 1),205000,154.0,,63.783
0.1650096058696741,1.2735267717948826,0,Kelas Menengah (Grup 1),275000,,4.125,
-1.5454338730786066,0.5772571569863315,0,Kelas Menengah (Grup 1),105000,,6.0,
-0.09580373209230446,0.43961115542437107,0,Kelas Menengah (Grup 1),115000,83.0,8.99,
-1.4498003665703176,0.844258632516941,0,Kelas Menengah (Grup 1),35000,39.0,5.625,95.0
-0.09856883130959694,0.5580529134429615,0,Kelas Menengah (Grup 1),185000,,5.875,
-1.1495515424007707,-0.45402811552095823,0,Kelas Menengah (Grup 1),385000,628.0,4.875,48.0
-1.028089743586435,0.5602503976714073,0,Kelas Menengah (Grup 1),185000,96.0,3.75,100.0
-1.7483856917683327,0.3088320154955974,0,Kelas Menengah (Grup 1),35000,69.0,3.0,67.556
-1.5658781624533114,1.2730071377502699,0,Kelas Menengah (Grup 1),245000,57.0,,48.4
-1.7465954436350029,0.7242918813252707,0,Kelas Menengah (Grup 1),195000,48.0,4.25,33.913
-0.9091447076479591,1.458377640516172,0,Kelas Menengah (Grup 1),125000,56.0,,
-1.190150883797539,1.7338480849579547,0,Kelas Menengah (Grup 1),455000,,,
-1.8948271487902364,0.27846299915460443,0,Kelas Menengah (Grup 1),385000,95.0,3.591,96.49
-1.481872536810409,1.3596534873255803,0,Kelas Menengah (Grup 1),135000,,,
-0.34012609283447715,0.4762193601603404,0,Kelas Menengah (Grup 1),105000,64.0,6.0,54.59
-0.7146533028806966,0.30646180036565723,0,Kelas Menengah (Grup 1),2005000,2903.0,2.5,16.67
-0.4259014136890615,1.1278432037486743,0,Kelas Menengah (Grup 1),305000,142.0,,
-0.7563984163560306,0.17535396705325035,0,Kelas Menengah (Grup 1),285000,53.0,3.125,90.0
0.31709119366953337,0.8483790858588759,0,Kelas Menengah (Grup 1),115000,26.0,,23.0
-1.0613470720580396,0.3318766192336903,0,Kelas Menengah (Grup 1),195000,124.0,6.625,97.75
-1.2028520889297958,0.49616051952537366,0,Kelas Menengah (Grup 1),465000,111.0,4.5,80.0
-0.36154049045351966,0.7799687356607502,0,Kelas Menengah (Grup 1),35000,60.0,,
-0.9016985481624767,0.6034954093342586,0,Kelas Menengah (Grup 1),355000,53.0,,67.961
-2.3925036540463287,0.532405959035823,0,Kelas Menengah (Grup 1),225000,,5.625,
-1.0553498382395667,0.8771984337914811,0,Kelas Menengah (Grup 1),225000,185.0,,
-1.8940838558727116,0.8049936375724173,0,Kelas Menengah (Grup 1),145000,23.0,4.99,80.0
-0.21727266567247763,0.4874119304324654,0,Kelas Menengah (Grup 1),115000,60.0,3.25,68.997
-0.7870691144585965,1.5118999497867123,0,Kelas Menengah (Grup 1),5000,,,
-0.15432613376472532,1.375695078454904,0,Kelas Menengah (Grup 1),285000,100.0,7.5,95.0
0.09636483705477811,0.6719441059081812,0,Kelas Menengah (Grup 1),125000,309.0,,
-4.1204196998946125,-0.7004007883770063,0,Kelas Menengah (Grup 1),615000,143.0,,
-1.316781311548412,0.7341492875612885,0,Kelas Menengah (Grup 1),245000,55.0,4.0,100.0
-0.15268028049352386,0.5971006704754248,0,Kelas Menengah (Grup 1),635000,,4.75,
-1.0104388465507157,0.5021305632313042,0,Kelas Menengah (Grup 1),335000,101.0,6.5,96.5
-0.022773513182785438,0.5089369789752772,0,Kelas Menengah (Grup 1),105000,94.0,,15.38
-1.939198578408575,0.07472193910113599,0,Kelas Menengah (Grup 1),45000,34.0,5.75,33.4
-1.1714901969059741,0.5776505652874689,0,Kelas Menengah (Grup 1),315000,62.0,5.5,80.0
-1.4642518785304564,0.5733950670155706,0,Kelas Menengah (Grup 1),205000,87.0,3.5,66.512
-0.913777591991138,0.49057363101184714,0,Kelas Menengah (Grup 1),255000,78.0,5.625,96.5
-0.6003103537560427,1.041074783523843,0,Kelas Menengah (Grup 1),215000,81.0,,
-0.880562270018568,0.6401607062718727,0,Kelas Menengah (Grup 1),325000,60.0,,
-0.36632007121875565,3.380514235164747,0,Kelas Menengah (Grup 1),25000,86.0,,55.648
-1.0057606627411282,0.6633601479186965,0,Kelas Menengah (Grup 1),215000,46.0,4.99,96.5
-0.39395257177108867,0.3411902039374273,0,Kelas Menengah (Grup 1),185000,,,
-0.1496988283565783,0.472899165470638,0,Kelas Menengah (Grup 1),75000,70.0,3.55,50.21
-0.6398418787560513,1.2584156724535869,0,Kelas Menengah (Grup 1),105000,67.0,,24.096
-1.100561161142347,1.2146860310462404,0,Kelas Menengah (Grup 1),245000,,7.99,71.68
-0.2319305021358441,0.4476886100456611,0,Kelas Menengah (Grup 1),335000,251.0,3.75,
-0.8009339206820443,0.7102826760170449,0,Kelas Menengah (Grup 1),215000,128.0,4.75,75.0
-0.5253418752791567,1.2252154471369392,0,Kelas Menengah (Grup 1),295000,267.0,4.49,
-1.09335030579659,1.1071974957303259,0,Kelas Menengah (Grup 1),365000,,5.25,
-0.07978966460138609,1.8175981447927614,0,Kelas Menengah (Grup 1),315000,58.0,2.99,72.0
-1.2596873716499752,0.6266430129966064,0,Kelas Menengah (Grup 1),65000,29.0,,131.868
-0.1467038526505013,0.08557196561856562,0,Kelas Menengah (Grup 1),55000,143.0,6.5,79.862
-1.6956037261662518,0.11004631137064685,0,Kelas Menengah (Grup 1),145000,55.0,,
-2.041803042291853,0.42634140101140067,0,Kelas Menengah (Grup 1),115000,45.0,5.5,75.0
-1.8920899401596147,-0.1712690428605092,0,Kelas Menengah (Grup 1),155000,41.0,3.875,55.046
-2.068203079947966,0.33157442715996877,0,Kelas Menengah (Grup 1),455000,315.0,7.0,73.77
-3.8788177234328285,-0.5242969246705395,0,Kelas Menengah (Grup 1),2525000,,7.75,74.12
-1.0926447105961077,0.04926323055364228,0,Kelas Menengah (Grup 1),225000,60.0,4.99,96.5
0.1922883288276938,1.0259827998225601,0,Kelas Menengah (Grup 1),305000,,5.75,
-1.0130230341636275,0.9732565402452089,0,Kelas Menengah (Grup 1),285000,,,
-1.5791960282377304,0.4016145372930299,0,Kelas Menengah (Grup 1),35000,89.0,,15.78
-0.9079807035119839,0.9226210931639792,0,Kelas Menengah (Grup 1),125000,,7.875,85.0
0.0997718448061724,0.37961370024941193,0,Kelas Menengah (Grup 1),185000,74.0,4.875,73.46
-1.378803378202731,0.49156994970952506,0,Kelas Menengah (Grup 1),115000,42.0,4.875,90.0
0.2575014125965777,0.9395832845511662,0,Kelas Menengah (Grup 1),445000,98.0,3.375,79.987
-0.24586763310188792,0.545776511561534,0,Kelas Menengah (Grup 1),265000,86.0,5.355,100.0
-0.8574721728145775,0.3355237693862577,0,Kelas Menengah (Grup 1),205000,,3.625,
-0.4587732895525658,1.0108168400700728,0,Kelas Menengah (Grup 1),525000,130.0,3.5,72.599
-1.0759804439733682,0.4502836113701437,0,Kelas Menengah (Grup 1),325000,,3.25,
-1.3219064924002475,0.9884938733752073,0,Kelas Menengah (Grup 1),265000,75.0,,96.5
-1.5970956266065126,2.902305501616966,0,Kelas Menengah (Grup 1),155000,61.0,,88.52
-0.050375265041118354,0.8992606413591359,0,Kelas Menengah (Grup 1),75000,4.0,,46.67
-1.116319488577198,1.167480794292322,0,Kelas Menengah (Grup 1),475000,74.0,,
-0.7270059983973218,0.8592807125734419,0,Kelas Menengah (Grup 1),145000,40.0,6.999,60.0
0.18556591828719451,1.0639496448135437,0,Kelas Menengah (Grup 1),405000,79.0,5.375,100.43
0.01416516727497113,0.3680450672949328,0,Kelas Menengah (Grup 1),75000,195.0,4.24,31.32
-0.47573099007065606,1.054830070240846,0,Kelas Menengah (Grup 1),895000,19.0,7.15,
-2.842676472295584,0.00489064013693042,0,Kelas Menengah (Grup 1),125000,201.0,5.0,75.0
-0.362822059265017,0.6525767927764758,0,Kelas Menengah (Grup 1),315000,60.0,,
-1.116459076438689,0.5979499819725894,0,Kelas Menengah (Grup 1),405000,101.0,4.5,96.5
-0.11472669716240953,1.3632660931206664,0,Kelas Menengah (Grup 1),225000,,4.5,
-0.7280912541968495,0.9416280767033358,0,Kelas Menengah (Grup 1),265000,67.0,6.875,76.0
-1.1528995636151174,0.5056515992575248,0,Kelas Menengah (Grup 1),75000,,5.75,70.0
-1.3458226267987867,1.032247322436546,0,Kelas Menengah (Grup 1),265000,60.0,4.125,95.0
-0.315500470800746,0.5707212448311402,0,Kelas Menengah (Grup 1),35000,74.0,5.24,59.746
-0.4868828968774788,0.4665318876983882,0,Kelas Menengah (Grup 1),255000,150.0,4.5,85.0
-1.9800716705622146,0.5201128607259364,0,Kelas Menengah (Grup 1),345000,50.0,3.99,100.0
-0.8503726868951811,6.136426162024664,0,Kelas Menengah (Grup 1),325000,118.0,,
-0.7996104532100303,1.0810044482824694,0,Kelas Menengah (Grup 1),385000,132.0,,
-0.9743494388230445,0.04285878289285308,0,Kelas Menengah (Grup 1),155000,40.0,5.125,55.884
-2.596790873978562,-0.3735059794261706,0,Kelas Menengah (Grup 1),55000,49.0,5.5,96.5
-0.9612154594737325,0.32504428301494553,0,Kelas Menengah (Grup 1),105000,74.0,3.375,49.09
0.06835886562464824,0.899481646621418,0,Kelas Menengah (Grup 1),85000,38.0,,22.933
-1.8288363603769144,0.8980575484290022,0,Kelas Menengah (Grup 1),445000,102.0,3.625,75.0
-1.3000080639951699,0.25204078091273446,0,Kelas Menengah (Grup 1),25000,60.0,3.25,2.941
0.07213836322470868,0.6624907583531461,0,Kelas Menengah (Grup 1),255000,81.0,5.875,99.446
-0.6531239357920205,0.9146642922949266,0,Kelas Menengah (Grup 1),205000,68.0,4.25,100.0
0.22719053507315723,1.1252940241339866,0,Kelas Menengah (Grup 1),245000,47.0,5.625,80.0
-0.1785490481315907,0.14545606888056806,0,Kelas Menengah (Grup 1),135000,49.0,,
-0.18508276874604676,0.0673824634921488,0,Kelas Menengah (Grup 1),265000,135.0,4.49,80.0
-1.7502001146008428,0.9070081197260417,0,Kelas Menengah (Grup 1),55000,100.0,,74.32
-1.18764909192732,0.8152934354437114,0,Kelas Menengah (Grup 1),285000,58.0,,
-0.568609771897666,1.1995236227766697,0,Kelas Menengah (Grup 1),295000,79.0,,
-0.6122553759244772,0.7488844122301043,0,Kelas Menengah (Grup 1),265000,53.0,4.99,60.0
-0.4077216395793891,0.6489626699251733,0,Kelas Menengah (Grup 1),375000,114.0,4.25,90.0
0.08401320969183651,0.7468764342761793,0,Kelas Menengah (Grup 1),135000,94.0,,71.58
-0.7669084440138936,0.9405971940410999,0,Kelas Menengah (Grup 1),515000,119.0,6.75,95.0
-0.503468889215486,0.018974700484450803,0,Kelas Menengah (Grup 1),105000,27.0,,
-1.1153135185024845,0.6927318736707179,0,Kelas Menengah (Grup 1),195000,63.0,6.25,70.91
-0.05911459687088114,0.8787056042445136,0,Kelas Menengah (Grup 1),85000,30.0,,
-0.30162659153316834,-0.14219212821275026,0,Kelas Menengah (Grup 1),285000,96.0,4.875,69.268
-0.750541609805983,0.46781923643610185,0,Kelas Menengah (Grup 1),1125000,1888.0,,
-1.8375904276605195,0.6480740720960608,0,Kelas Menengah (Grup 1),5000,21.0,0.0,5.993
-0.7515535654160526,0.08075843389621266,0,Kelas Menengah (Grup 1),165000,48.0,,
-1.4966521968601754,0.5572671612847305,0,Kelas Menengah (Grup 1),105000,65.0,,
0.21450393354775169,0.9484403179441355,0,Kelas Menengah (Grup 1),225000,57.0,4.625,
0.15535989641070402,0.8162385602279826,0,Kelas Menengah (Grup 1),1615000,498.0,3.5,70.0
-1.810933042035102,-0.16284080449138683,0,Kelas Menengah (Grup 1),135000,48.0,4.75,97.0
-1.2646852975722986,0.5015393829728971,0,Kelas Menengah (Grup 1),385000,63.0,,
-1.8271038602745673,0.23479630194461232,0,Kelas Menengah (Grup 1),105000,49.0,5.625,96.5
-0.22477321867149777,1.5389973130930747,0,Kelas Menengah (Grup 1),275000,60.0,,
-1.6942645346441305,0.1782359463377377,0,Kelas Menengah (Grup 1),125000,37.0,,
0.09822569566288869,0.16465870643823782,0,Kelas Menengah (Grup 1),415000,,5.25,
-0.823329807899796,0.8737026396969503,0,Kelas Menengah (Grup 1),155000,,5.5,80.0
-0.8535179686336951,0.595937138442177,0,Kelas Menengah (Grup 1),305000,104.0,2.875,72.48
-0.8978809775276835,1.5791646019755843,0,Kelas Menengah (Grup 1),165000,95.0,,80.0
0.02358946712292489,4.093215225057023,0,Kelas Menengah (Grup 1),255000,310.0,,71.43
-4.197024073062718,-0.32204228590712797,0,Kelas Menengah (Grup 1),385000,88.0,5.75,80.0
-0.3412509426315643,0.36013598527192053,0,Kelas Menengah (Grup 1),125000,63.0,2.75,94.005
-1.1011187764413124,0.26518672032255775,0,Kelas Menengah (Grup 1),255000,,6.13,
-0.26009987483128394,0.7124660317516287,0,Kelas Menengah (Grup 1),105000,131.0,2.923,61.14
-1.9691196945625653,-0.19076344824493865,0,Kelas Menengah (Grup 1),55000,39.0,,
-1.868160422377217,0.5650048031634312,0,Kelas Menengah (Grup 1),75000,37.0,,75.0
-1.4421057255574934,-0.13021388054491148,0,Kelas Menengah (Grup 1),85000,,2.625,
0.0671434521791943,0.6363250004610285,0,Kelas Menengah (Grup 1),205000,76.0,2.125,48.921
-0.934472382499494,-0.10210593331786395,0,Kelas Menengah (Grup 1),145000,69.0,4.99,89.94
-2.496832113597351,1.0033457238901082,0,Kelas Menengah (Grup 1),175000,,5.75,38.74
-1.9298776075883073,0.6661382659009258,0,Kelas Menengah (Grup 1),245000,68.0,3.25,57.0
-0.4452434044456135,0.39763812100426993,0,Kelas Menengah (Grup 1),275000,65.0,3.25,90.0
0.03354328354459901,0.1409102635362895,0,Kelas Menengah (Grup 1),175000,62.0,,79.854
-2.35521883610702,-0.3396429821086063,0,Kelas Menengah (Grup 1),235000,105.0,3.75,99.04
-0.33817439909010305,0.09013022004056279,0,Kelas Menengah (Grup 1),125000,90.0,,80.0
-0.28775073607648627,0.23666811456660944,0,Kelas Menengah (Grup 1),145000,26.0,4.875,63.61
-4.2278718919534235,-0.20948310828346905,0,Kelas Menengah (Grup 1),75000,185.0,,
-1.0377737229312596,0.5782850032355252,0,Kelas Menengah (Grup 1),35000,44.0,8.0,45.86
0.015310990940598084,0.9468160458174182,0,Kelas Menengah (Grup 1),105000,47.0,,
-1.3497228628121938,0.7940923042551142,0,Kelas Menengah (Grup 1),15000,94.0,0.0,101.5
-0.26014568996948123,0.09748822317052275,0,Kelas Menengah (Grup 1),185000,,6.625,
-0.703540828229219,0.8221061019801525,0,Kelas Menengah (Grup 1),125000,55.0,5.25,59.07
-0.1651850010304402,0.15905932894348607,0,Kelas Menengah (Grup 1),395000,101.0,,
0.05703624338784521,0.7172323516217466,0,Kelas Menengah (Grup 1),55000,35.0,,
-2.291302581879185,0.1636643642124734,0,Kelas Menengah (Grup 1),225000,154.0,,51.163
-0.5070166445109476,0.7296488457650099,0,Kelas Menengah (Grup 1),435000,89.0,2.875,74.983
-1.547865906164111,0.1920235208994846,0,Kelas Menengah (Grup 1),125000,,5.625,
-0.24614343838985311,0.4575398597720969,0,Kelas Menengah (Grup 1),245000,81.0,3.213,50.0
-4.195117401449977,-0.19638085858679777,0,Kelas Menengah (Grup 1),485000,139.0,3.875,80.0
0.1813195491401476,0.6163210779680559,0,Kelas Menengah (Grup 1),815000,266.0,3.75,
-0.20996729219713786,0.04150061794587601,0,Kelas Menengah (Grup 1),65000,,,
-0.10037688895067828,0.9166886204245076,0,Kelas Menengah (Grup 1),175000,62.0,5.375,97.0
-1.503858982684071,0.22252002880211522,0,Kelas Menengah (Grup 1),115000,41.0,,78.07
-4.182419873959335,-0.5205323362328181,0,Kelas Menengah (Grup 1),205000,65.0,,
-1.3058734070552196,-0.7200553433205712,0,Kelas Menengah (Grup 1),275000,,,
-2.6540553540689666,0.17981254194798932,0,Kelas Menengah (Grup 1),205000,227.0,5.99,75.0
-1.7970532132413393,0.15756707556435995,0,Kelas Menengah (Grup 1),15000,54.0,4.0,80.0
-0.06645270522924354,1.3667080703077017,0,Kelas Menengah (Grup 1),325000,64.0,,
-1.7534149841402011,-0.10972415494887468,0,Kelas Menengah (Grup 1),165000,85.0,,74.679
-1.5784952075606173,-0.24331743702138697,0,Kelas Menengah (Grup 1),125000,172.0,6.0,36.763
-1.1078001371270825,0.7198130156256737,0,Kelas Menengah (Grup 1),105000,0.0,3.75,73.333
0.13680148521056223,0.7164351500599209,0,Kelas Menengah (Grup 1),205000,460.0,2.99,58.85
-0.2009809210577507,0.4397808156682793,0,Kelas Menengah (Grup 1),125000,24.0,4.625,35.11
-4.06456725899288,-0.598073964887226,0,Kelas Menengah (Grup 1),205000,,7.25,80.0
-4.194448308130098,-0.5252856906537879,0,Kelas Menengah (Grup 1),55000,53.0,4.89,34.0
-4.166280092775655,-0.8891463712453572,0,Kelas Menengah (Grup 1),175000,67.0,,98.189
-1.582499592300856,0.6431269137577839,0,Kelas Menengah (Grup 1),225000,12.0,,
-0.6360490689235421,0.6035908539538973,0,Kelas Menengah (Grup 1),35000,10.0,4.13,
-0.5259572617606092,0.3556574852890107,0,Kelas Menengah (Grup 1),215000,,6.25,
-1.0380330141900975,0.8621353753462485,0,Kelas Menengah (Grup 1),175000,45.0,,
-1.4153303212753408,-0.11370256454127532,0,Kelas Menengah (Grup 1),425000,93.0,6.99,80.0
-0.4181823212270429,-1.820763279470411,2,Konservatif HNW (Grup 3),325000,83.0,3.25,99.549
-0.13229236617911164,-1.7994585838487567,2,Konservatif HNW (Grup 3),345000,44.0,6.25,100.0
2.0792460469521785,-1.3320380941022651,2,Konservatif HNW (Grup 3),165000,41.0,,99.955
0.7617264293731523,-1.4256778833002033,2,Konservatif HNW (Grup 3),255000,238.0,3.25,89.95
-0.458164982061165,-1.7014061595865873,2,Konservatif HNW (Grup 3),335000,55.0,,79.92
-0.7487602882979049,-1.901739346530396,2,Konservatif HNW (Grup 3),195000,92.0,,70.0
0.7765161775194322,-0.5118710816211405,2,Konservatif HNW (Grup 3),835000,168.0,3.875,80.0
0.8267688540633503,-1.0802270747755258,2,Konservatif HNW (Grup 3),505000,373.0,5.15,55.56
1.384508482359686,-1.195750741362488,2,Konservatif HNW (Grup 3),385000,160.0,4.0,78.763
-0.5587532875108899,-1.7491292492858288,2,Konservatif HNW (Grup 3),225000,104.0,5.99,97.0
-1.5964709281896918,-1.5522360492456453,2,Konservatif HNW (Grup 3),155000,92.0,4.5,75.0
0.31380767368103935,-1.1829604816025932,2,Konservatif HNW (Grup 3),105000,,3.75,79.923
0.23098736879523485,-1.5248137453095973,2,Konservatif HNW (Grup 3),205000,47.0,,57.857
1.2866546422058653,-1.3758535715798907,2,Konservatif HNW (Grup 3),265000,443.0,2.5,30.217
1.6731097245933,-1.1012374921133496,2,Konservatif HNW (Grup 3),605000,384.0,,
0.2897680640922394,-1.5254827880619173,2,Konservatif HNW (Grup 3),35000,118.0,4.0,55.2
0.3332896323297274,-2.129517993874529,2,Konservatif HNW (Grup 3),195000,95.0,5.5,96.5
-0.4189479848148919,-1.8262565280231917,2,Konservatif HNW (Grup 3),165000,167.0,,
0.36401839592158725,-1.5079857014138152,2,Konservatif HNW (Grup 3),275000,123.0,4.625,89.954
-0.922327718643261,-2.0927365126279622,2,Konservatif HNW (Grup 3),105000,191.0,,72.09
0.886836888748437,-1.4361844776465365,2,Konservatif HNW (Grup 3),265000,115.0,6.75,80.0
1.8024300258182164,-0.857126143084342,2,Konservatif HNW (Grup 3),125000,60.0,3.875,49.216
0.3567777222161777,-0.9163693814761787,2,Konservatif HNW (Grup 3),645000,229.0,3.75,
-0.13090917129368096,-0.5419376832224037,2,Konservatif HNW (Grup 3),145000,182.0,2.99,41.429
0.030137266193619238,-1.71657240091279,2,Konservatif HNW (Grup 3),285000,145.0,3.875,66.964
0.10833423570182824,-1.7393120005516771,2,Konservatif HNW (Grup 3),85000,80.0,3.25,63.148
1.8040466270713875,-0.9548392018197466,2,Konservatif HNW (Grup 3),2035000,486.0,3.75,70.0
0.7260108369507249,-2.103344078667904,2,Konservatif HNW (Grup 3),405000,118.0,4.125,83.333
-0.7012789544696078,-1.7475942202735566,2,Konservatif HNW (Grup 3),55000,95.0,,34.483
1.2062526938589215,-1.641711398453919,2,Konservatif HNW (Grup 3),845000,,3.5,
0.3993112954349581,-2.0236329815334457,2,Konservatif HNW (Grup 3),335000,117.0,3.375,69.0
-0.850829883990167,-1.9738751196230593,2,Konservatif HNW (Grup 3),165000,62.0,5.875,94.97
2.3237752349022442,-1.4602278423252444,2,Konservatif HNW (Grup 3),455000,240.0,,59.21
2.712232667844497,-1.9272762195725395,2,Konservatif HNW (Grup 3),845000,361.0,4.625,80.0
0.07064584728021367,-1.554799484240687,2,Konservatif HNW (Grup 3),105000,65.0,,67.493
1.500702453371031,-1.4500729869293059,2,Konservatif HNW (Grup 3),395000,85.0,4.25,77.0
-0.5018387498919039,-0.7239832432968978,2,Konservatif HNW (Grup 3),285000,136.0,4.75,90.0
-0.31683269217183935,-1.9034735049833023,2,Konservatif HNW (Grup 3),65000,196.0,4.74,49.952
0.8286146348626949,-1.123832901706974,2,Konservatif HNW (Grup 3),295000,94.0,2.875,47.757398374
0.6683902936210288,-2.7237976117945513,2,Konservatif HNW (Grup 3),585000,291.0,4.625,74.646
-0.10133897796812708,-1.6304451936429483,2,Konservatif HNW (Grup 3),2005000,628.0,5.01,33.33
1.8989764789416341,-0.9052741583099273,2,Konservatif HNW (Grup 3),35000,84.0,,79.73
-0.19167976831771044,-0.6440391387984261,2,Konservatif HNW (Grup 3),55000,189.0,,
0.19493082931853462,-1.7342803569306142,2,Konservatif HNW (Grup 3),345000,208.0,3.625,71.726
1.7810402626762274,-1.098114306360622,2,Konservatif HNW (Grup 3),315000,255.0,6.625,70.0
-0.3458646145564911,-2.4170270913645036,2,Konservatif HNW (Grup 3),285000,,8.99,60.0
-0.4367443508678191,-1.5321809142178626,2,Konservatif HNW (Grup 3),485000,169.0,6.5,96.5
-0.07218147038583402,-1.5093951107936094,2,Konservatif HNW (Grup 3),475000,195.0,5.875,90.0
0.0010300074781701511,-2.11717276859613,2,Konservatif HNW (Grup 3),205000,59.0,6.0,57.737
-1.992040228242209,-1.4698633335901004,2,Konservatif HNW (Grup 3),55000,97.0,4.0,80.0
-0.7242170591172364,-1.9211428128028976,2,Konservatif HNW (Grup 3),165000,33.0,5.25,70.0
0.5060565399396797,-1.7321898272957392,2,Konservatif HNW (Grup 3),555000,246.0,,
-0.6103041148357501,-1.699763967283586,2,Konservatif HNW (Grup 3),425000,237.0,,71.549
-1.1498271607580473,-2.2705886765163346,2,Konservatif HNW (Grup 3),175000,177.0,4.565,55.7325
1.9939275121258115,-1.3584438866404969,2,Konservatif HNW (Grup 3),95000,126.0,3.74,52.604
0.40747006978795886,-1.4089478902014596,2,Konservatif HNW (Grup 3),125000,122.0,6.0,79.83
-0.8523944385378932,-1.9893039493140556,2,Konservatif HNW (Grup 3),275000,183.0,4.25,80.0
-0.5427873469989352,-1.889298776802482,2,Konservatif HNW (Grup 3),135000,187.0,8.49,89.94
0.9926289648576297,-1.3021166283983037,2,Konservatif HNW (Grup 3),55000,82.0,,82.86
1.3380710821761572,-1.204523840412062,2,Konservatif HNW (Grup 3),505000,302.0,4.865,55.0
0.022273986822545375,-0.884778456328742,2,Konservatif HNW (Grup 3),55000,37.0,,
-0.4152465625277897,-1.3418743158089848,2,Konservatif HNW (Grup 3),255000,77.0,4.875,90.0
2.05135224229214,-1.2314511960565653,2,Konservatif HNW (Grup 3),225000,122.0,4.0,88.235
-0.5808959700211885,-1.0781999992149403,2,Konservatif HNW (Grup 3),195000,99.0,2.5,34.123
1.1841446333863397,-1.8121931811880643,2,Konservatif HNW (Grup 3),365000,327.0,4.375,90.0
0.6419673266239603,-1.4295057749904627,2,Konservatif HNW (Grup 3),55000,165.0,10.74,76.883
-1.2328596138424055,-1.008388685873939,2,Konservatif HNW (Grup 3),585000,127.0,,
-0.29469194506447094,-1.779309400942253,2,Konservatif HNW (Grup 3),95000,83.0,1.99,28.662
-0.7300502314393996,-1.8500309882151749,2,Konservatif HNW (Grup 3),75000,169.0,,
-1.9033625118583375,-1.97230337056947,2,Konservatif HNW (Grup 3),405000,112.0,4.375,80.0
-0.490620981788891,-1.45629980232977,2,Konservatif HNW (Grup 3),5000,121.0,0.0,1.964
3.837322228469907,-1.1604904674849328,2,Konservatif HNW (Grup 3),1315000,325.0,3.875,85.0
0.7156718935181455,-1.2860639433864365,2,Konservatif HNW (Grup 3),305000,103.0,6.875,95.0
-0.19011435272249697,-1.40448955948453,2,Konservatif HNW (Grup 3),85000,250.0,5.0,89.474
0.6167448496117375,-1.5407237710978652,2,Konservatif HNW (Grup 3),1035000,275.0,,
-0.3090972879525604,-1.7877352729907974,2,Konservatif HNW (Grup 3),45000,120.0,,77.92
0.9696075806602864,-0.9968436526597726,2,Konservatif HNW (Grup 3),435000,176.0,3.25,100.0
0.08968325000070221,-1.6071842320301397,2,Konservatif HNW (Grup 3),205000,71.0,2.48,
1.8424661122291484,-1.2540564927474664,2,Konservatif HNW (Grup 3),305000,,2.375,47.19
0.27872695690684157,-1.0062023802056324,2,Konservatif HNW (Grup 3),125000,43.0,2.625,51.0
2.063248496582328,-1.194257113815443,2,Konservatif HNW (Grup 3),55000,240.0,4.25,85.0
-1.0796494922321673,-3.689650083875701,2,Konservatif HNW (Grup 3),415000,141.0,4.5,75.0
-0.3165188836180362,-2.007953034259578,2,Konservatif HNW (Grup 3),525000,,,
-0.9231685723805739,-1.8826068809032646,2,Konservatif HNW (Grup 3),395000,350.0,5.0,80.0
-0.7925666001450583,-1.947633467735141,2,Konservatif HNW (Grup 3),15000,121.0,0.0,101.689
2.178793890688693,-1.2131489286975734,2,Konservatif HNW (Grup 3),175000,111.0,,
-0.7975607375330671,-2.3871027150802733,2,Konservatif HNW (Grup 3),335000,125.0,5.75,96.5
1.4808694508956646,-1.0847327745679456,2,Konservatif HNW (Grup 3),255000,79.0,3.75,55.0
1.2447804419795805,-1.0955842381185368,2,Konservatif HNW (Grup 3),445000,221.0,4.125,95.0
-1.2369723127797245,-1.200399478995418,2,Konservatif HNW (Grup 3),495000,155.0,4.99,95.0
-0.6954428797803761,-2.1973256996198764,2,Konservatif HNW (Grup 3),105000,125.0,5.25,20.261
1.7509949961149187,-0.9801220579309706,2,Konservatif HNW (Grup 3),905000,381.0,3.375,
1.967082400365426,-1.2217125878721538,2,Konservatif HNW (Grup 3),125000,296.0,1.49,62.442
-0.043586773834696106,-1.800876804198678,2,Konservatif HNW (Grup 3),15000,156.0,,31.111
1.1346189868374357,-1.3072126018595278,2,Konservatif HNW (Grup 3),85000,72.0,1.99,25.229
-1.7057301522623423,-1.4775856038535904,2,Konservatif HNW (Grup 3),615000,135.0,,
-0.6554194127246868,-1.2265346558390064,2,Konservatif HNW (Grup 3),325000,223.0,4.625,75.0
0.9349873569524569,-0.07477183791807096,2,Konservatif HNW (Grup 3),315000,156.0,,
0.994517736980754,-1.4206315950276476,2,Konservatif HNW (Grup 3),265000,126.0,4.1,90.0
-0.2469031557498902,-0.6749378865672311,2,Konservatif HNW (Grup 3),105000,28.0,2.99,81.29
1.8706552663469636,-0.9427860573122461,2,Konservatif HNW (Grup 3),75000,103.0,,
0.6140614087771629,0.08254309816875573,2,Konservatif HNW (Grup 3),95000,110.0,,
-2.966840368552168,-2.3549071857782566,2,Konservatif HNW (Grup 3),115000,41.0,,
2.1211076369785884,-1.5500709240757096,2,Konservatif HNW (Grup 3),255000,250.0,2.25,68.532
-0.7598431587749834,-3.435215356608874,2,Konservatif HNW (Grup 3),635000,,4.375,100.0
-0.4953803765324651,-1.015522480881226,2,Konservatif HNW (Grup 3),545000,188.0,,
-1.558366141799965,-1.573872384506504,2,Konservatif HNW (Grup 3),145000,64.0,,
-0.16179610883198003,-0.42539121772922195,2,Konservatif HNW (Grup 3),905000,142.0,,99.87
1.01928380816599,-1.4286720439946228,2,Konservatif HNW (Grup 3),265000,98.0,4.25,69.51
1.2356120255081025,-1.3872920941313978,2,Konservatif HNW (Grup 3),75000,8.0,,
-0.599100073087706,-1.0272992135361245,2,Konservatif HNW (Grup 3),645000,191.0,3.625,90.0
2.438357087348617,-1.7323884267730894,2,Konservatif HNW (Grup 3),305000,214.0,5.5,60.0
-0.8276408939246225,-2.216609816454823,2,Konservatif HNW (Grup 3),215000,117.0,3.5,80.0
0.8581678095801895,-1.7157126397901026,2,Konservatif HNW (Grup 3),245000,177.0,,100.0
-3.576422212563113,-3.0040977771392803,2,Konservatif HNW (Grup 3),485000,216.0,4.625,85.0
1.1387324299233554,-0.9143377359624523,2,Konservatif HNW (Grup 3),225000,40.0,,96.5
-0.42765521037607857,-0.235727829478583,2,Konservatif HNW (Grup 3),225000,241.0,,
-0.5943813869821707,-0.6261343843238527,2,Konservatif HNW (Grup 3),155000,71.0,,
-1.6106815419119838,-2.1052211116423036,2,Konservatif HNW (Grup 3),5000,72.0,0.0,101.555
1.1851165395286063,-2.55013702749896,2,Konservatif HNW (Grup 3),285000,49.0,,60.0
1.0000730933615332,-1.4797720033904558,2,Konservatif HNW (Grup 3),35000,71.0,,77.0
-1.0690413671241765,-2.2622419156149487,2,Konservatif HNW (Grup 3),15000,114.0,,
-0.5258896329193746,-2.1760676651509727,2,Konservatif HNW (Grup 3),385000,194.0,,
0.7385319969898695,-1.3116268260452557,2,Konservatif HNW (Grup 3),155000,116.0,3.24,80.0
1.5163730847987238,-1.05272391867233,2,Konservatif HNW (Grup 3),185000,81.0,4.25,58.917
-0.06279511732183458,-1.51845230273308,2,Konservatif HNW (Grup 3),25000,137.0,5.5,76.07
0.4700812044417099,-1.4986961363566635,2,Konservatif HNW (Grup 3),405000,152.0,4.625,67.0
1.6947568298847153,-1.6284937307311491,2,Konservatif HNW (Grup 3),155000,467.0,,119.21
2.4035294778169956,-1.3979165933892768,2,Konservatif HNW (Grup 3),225000,449.0,,95.872
-1.3667655433329344,-2.1053947411077476,2,Konservatif HNW (Grup 3),285000,36.0,,96.5
-0.26022839282817556,-1.7857291927220171,2,Konservatif HNW (Grup 3),25000,91.0,4.5,28.4
0.20980836815648482,-2.329082189137912,2,Konservatif HNW (Grup 3),275000,444.0,4.75,
0.4310647660365699,-1.4364176177743744,2,Konservatif HNW (Grup 3),105000,81.0,4.25,66.03
-0.9945565557741604,-1.4865595994911207,2,Konservatif HNW (Grup 3),175000,59.0,,
-0.004577507623111917,-2.019609601488431,2,Konservatif HNW (Grup 3),245000,106.0,,
0.30561821394863303,-2.049863444217363,2,Konservatif HNW (Grup 3),145000,77.0,2.99,36.07
1.7888749441512486,-1.8268858106507313,2,Konservatif HNW (Grup 3),475000,119.0,,69.73
1.800197034591918,-2.1144599325398725,2,Konservatif HNW (Grup 3),455000,157.0,5.0,95.0
-1.2840832734154783,-1.7764224720708877,2,Konservatif HNW (Grup 3),265000,149.0,3.5,92.945
2.3934087047266646,-1.4783819947031356,2,Konservatif HNW (Grup 3),395000,95.0,,100.0
-0.7165414374431927,-2.1898203355910955,2,Konservatif HNW (Grup 3),345000,,,
0.1888996914070135,-1.3644592017735246,2,Konservatif HNW (Grup 3),35000,77.0,3.25,30.926
-0.8616215287187989,-1.9654132776295867,2,Konservatif HNW (Grup 3),75000,31.0,,60.404
-0.5261641983701149,-1.1385141738845117,2,Konservatif HNW (Grup 3),1365000,414.0,4.625,80.0
1.9694084670938536,-1.0304119221253523,2,Konservatif HNW (Grup 3),275000,85.0,,
2.1352932035009093,-1.157197086110669,2,Konservatif HNW (Grup 3),275000,86.0,5.49,43.146
0.1425366356166176,-1.1651520475103667,2,Konservatif HNW (Grup 3),265000,172.0,,
0.47800411347220323,-0.946332109971304,2,Konservatif HNW (Grup 3),175000,70.0,,36.0
-0.5103890225727338,-1.8525460021247142,2,Konservatif HNW (Grup 3),465000,130.0,6.875,99.5
0.25580878810135327,-1.9768957206345017,2,Konservatif HNW (Grup 3),55000,95.0,,41.667
1.052135130587963,-0.27151318999363894,2,Konservatif HNW (Grup 3),1735000,420.0,6.05,77.89
-1.0326512534575318,-2.3400687412958487,2,Konservatif HNW (Grup 3),245000,95.0,6.125,70.23
0.01709212114588339,-1.477782912794188,2,Konservatif HNW (Grup 3),105000,62.0,,
0.25985700126130457,-1.4912881826390447,2,Konservatif HNW (Grup 3),135000,58.0,2.99,66.0
0.8445990906824495,-0.34878332278484153,2,Konservatif HNW (Grup 3),265000,54.0,4.625,43.41
2.4087239147069304,-1.2206577303305726,2,Konservatif HNW (Grup 3),155000,83.0,3.625,44.776
-0.25953675159568723,-1.6104207658089553,2,Konservatif HNW (Grup 3),235000,136.0,,
-1.073593329985158,-1.0354792877025347,2,Konservatif HNW (Grup 3),365000,111.0,4.25,46.095
-0.9393070966683811,-1.8733637716492346,2,Konservatif HNW (Grup 3),485000,167.0,4.499,79.99
1.8261346448620703,-0.8605088495097455,2,Konservatif HNW (Grup 3),75000,151.0,,77.864
0.826701989202499,-1.4641661189820458,2,Konservatif HNW (Grup 3),125000,82.0,,88.057
-0.6175856314265833,-2.8308235014696925,2,Konservatif HNW (Grup 3),265000,119.0,4.125,98.189
1.1638698080822807,-1.3416123094997954,2,Konservatif HNW (Grup 3),755000,165.0,5.25,21.42
1.09478692370984,-1.7329318341305624,2,Konservatif HNW (Grup 3),265000,79.0,5.625,
0.5386791830654597,-0.5841974893778284,2,Konservatif HNW (Grup 3),525000,250.0,3.5,67.53
0.3072749533968635,-1.692260242159915,2,Konservatif HNW (Grup 3),265000,64.0,4.25,85.0
-0.24602602802827514,-0.6043644027962763,2,Konservatif HNW (Grup 3),55000,212.0,3.95,66.152
0.9506608815810731,-0.23269875984454053,2,Konservatif HNW (Grup 3),305000,92.0,3.125,52.174
-1.1485422421077565,-1.6644678857801283,2,Konservatif HNW (Grup 3),65000,68.0,6.625,100.34
0.8571061229192883,-1.099329406976457,2,Konservatif HNW (Grup 3),165000,88.0,5.625,90.0
-2.0289347325162113,-1.9007949023070256,2,Konservatif HNW (Grup 3),205000,66.0,,
1.090733125059179,-1.2033831514173094,2,Konservatif HNW (Grup 3),195000,37.0,4.625,76.98
-1.3159886043580895,-2.0640851195968737,2,Konservatif HNW (Grup 3),215000,53.0,4.375,80.0
2.037633364370034,-1.0326285373706743,2,Konservatif HNW (Grup 3),285000,84.0,3.812,78.13
0.8293469898866006,-2.8494543084119686,2,Konservatif HNW (Grup 3),55000,184.0,,11.475
0.8359957032525488,-0.3541723520590905,2,Konservatif HNW (Grup 3),525000,142.0,2.875,57.0
0.488208813478078,-1.6239219240168585,2,Konservatif HNW (Grup 3),105000,75.0,4.75,45.59
1.6843606857379831,-1.2904234282813682,2,Konservatif HNW (Grup 3),205000,120.0,,
0.9702216097528595,-0.6494994136793214,2,Konservatif HNW (Grup 3),275000,91.0,6.25,100.0
1.675475196331535,-1.4048206633369253,2,Konservatif HNW (Grup 3),2005000,,4.125,66.667
0.6950401638622717,-2.100145728963707,2,Konservatif HNW (Grup 3),555000,162.0,,
0.4653312898956083,-1.507098398159883,2,Konservatif HNW (Grup 3),145000,78.0,,
-0.6638009457055855,-1.757459497135138,2,Konservatif HNW (Grup 3),285000,131.0,4.375,66.178
0.08572116235302386,-1.7606866901471254,2,Konservatif HNW (Grup 3),185000,63.0,5.375,47.368
0.33026508780032876,-1.0609408583250073,2,Konservatif HNW (Grup 3),685000,150.0,3.5,80.0
-0.015604347339753771,-1.4943317342520208,2,Konservatif HNW (Grup 3),395000,89.0,6.75,100.428
-1.0828884830252477,-1.5385900392395333,2,Konservatif HNW (Grup 3),65000,67.0,9.0,
-0.4915755089132235,-2.0074057320151555,2,Konservatif HNW (Grup 3),305000,222.0,3.25,42.36
-0.5251502126217088,-0.739026473189377,2,Konservatif HNW (Grup 3),65000,182.0,5.375,
0.5287763968483011,-1.9187397140049034,2,Konservatif HNW (Grup 3),485000,320.0,4.25,75.0
0.4380975303534649,-1.4559769907629616,2,Konservatif HNW (Grup 3),415000,162.0,,
-0.6751954442171411,-1.689375401615281,2,Konservatif HNW (Grup 3),235000,71.0,,65.278
1.6068569383609674,-1.3284596446996553,2,Konservatif HNW (Grup 3),275000,67.0,1.99,47.135
0.614594235092016,-1.4690934886492777,2,Konservatif HNW (Grup 3),255000,250.0,4.625,80.0
-0.6975203764107184,-2.356986828860037,2,Konservatif HNW (Grup 3),185000,66.0,,
0.8257326860983801,-1.471452172342364,2,Konservatif HNW (Grup 3),235000,86.0,5.875,97.0
0.622975007534412,-0.16678195649864613,2,Konservatif HNW (Grup 3),515000,154.0,3.125,87.5
0.557580401229159,-1.4280769284095902,2,Konservatif HNW (Grup 3),135000,13.0,3.99,36.0
0.6640380588644695,-1.1615309362430084,2,Konservatif HNW (Grup 3),595000,263.0,,70.0
-0.426057717532319,-1.4454638506819049,2,Konservatif HNW (Grup 3),175000,104.0,2.875,72.35
2.6573585592943414,-0.6873126149067447,2,Konservatif HNW (Grup 3),1405000,0.0,2.25,59.62
0.7058249860675399,-1.7605163800005887,2,Konservatif HNW (Grup 3),385000,1145.0,,
-0.8660824683031634,-1.7606932248649227,2,Konservatif HNW (Grup 3),165000,67.0,5.625,96.5
-0.9370496251857298,-0.7158525258024407,2,Konservatif HNW (Grup 3),295000,134.0,4.25,73.0
-0.17832093867465817,-3.501377524348628,2,Konservatif HNW (Grup 3),65000,136.0,6.0,77.924
-0.7510880713109002,-1.842620465014539,2,Konservatif HNW (Grup 3),25000,63.0,6.615,18.128
0.2007847823205928,-0.7321046557141127,2,Konservatif HNW (Grup 3),215000,93.0,4.5,52.5
0.6676132300648355,-1.256941867914299,2,Konservatif HNW (Grup 3),125000,243.0,,73.843
0.5292863371604777,-0.4332750223942396,2,Konservatif HNW (Grup 3),495000,102.0,,
-2.0302460121448918,-2.2537256663546446,2,Konservatif HNW (Grup 3),5000,145.0,0.0,103.652
0.43847813970466004,-0.4873289754253723,2,Konservatif HNW (Grup 3),105000,185.0,,
-0.5428905782838275,-2.163705920207911,2,Konservatif HNW (Grup 3),765000,339.0,4.875,79.834
0.07501105232449978,-1.7770731405562774,2,Konservatif HNW (Grup 3),215000,135.0,4.625,92.593
-1.4022878321797827,-1.831955202585387,2,Konservatif HNW (Grup 3),215000,112.0,5.75,
-0.9347220738789536,-0.9253804304628461,2,Konservatif HNW (Grup 3),135000,142.0,9.75,
-0.05144251639224517,-1.264400874601172,2,Konservatif HNW (Grup 3),355000,107.0,6.625,90.0
1.031343554133849,-2.4297454809151575,2,Konservatif HNW (Grup 3),605000,180.0,4.99,88.889
-0.38901122077758066,-1.5347607552342168,2,Konservatif HNW (Grup 3),265000,146.0,4.625,
0.887473577315436,-0.7883706215347325,2,Konservatif HNW (Grup 3),245000,63.0,4.875,80.0
2.4591497709793972,-0.9275163032047192,2,Konservatif HNW (Grup 3),575000,296.0,,
1.7593700958695508,-1.3171618657726314,2,Konservatif HNW (Grup 3),215000,119.0,3.125,47.727
-0.08784487808620327,-1.2952653654244486,2,Konservatif HNW (Grup 3),185000,65.0,,80.0
0.4420692521167645,-2.0900158819925747,2,Konservatif HNW (Grup 3),275000,92.0,,
-0.7892270162904097,-1.8113812457039074,2,Konservatif HNW (Grup 3),435000,85.0,,
0.47253915624555015,-1.450768528383896,2,Konservatif HNW (Grup 3),425000,90.0,,50.246
1.6324716512240804,-2.063362863401482,2,Konservatif HNW (Grup 3),325000,131.0,6.25,70.0
2.3565334730355207,-0.9990056325841599,2,Konservatif HNW (Grup 3),395000,489.0,3.04,49.485
1.1985335601540172,-2.1245302308093414,2,Konservatif HNW (Grup 3),325000,250.0,,
0.7885772270235621,-1.2599488677810233,2,Konservatif HNW (Grup 3),125000,130.0,3.25,79.0
0.5690111259056226,-1.3770445808481977,2,Konservatif HNW (Grup 3),135000,160.0,4.25,17.125
1.2134397007088567,-1.4519418078844333,2,Konservatif HNW (Grup 3),425000,91.0,5.375,75.0
-3.617397613060909,-2.6453279537591965,2,Konservatif HNW (Grup 3),205000,204.0,4.25,
1.4542806115820477,-1.809856587890577,2,Konservatif HNW (Grup 3),155000,173.0,0.99,76.172
1.1871117980284034,-1.4950947532795509,2,Konservatif HNW (Grup 3),315000,62.0,3.625,100.0
0.8025337950412893,-1.2461079004903386,2,Konservatif HNW (Grup 3),385000,177.0,,
-1.2973098036495048,-2.379972083771697,2,Konservatif HNW (Grup 3),315000,109.0,9.0,
-0.563932828035433,-1.6982001222548015,2,Konservatif HNW (Grup 3),185000,61.0,5.5,80.0
1.027767745882964,-1.1250642123661423,2,Konservatif HNW (Grup 3),165000,61.0,5.125,80.0
1.1680156637872385,-1.2734050619467967,2,Konservatif HNW (Grup 3),45000,154.0,5.74,84.991
-1.3593489729818395,-1.0790922158227059,2,Konservatif HNW (Grup 3),25000,86.0,,70.012
-1.0009851723276995,-1.2642837271426755,2,Konservatif HNW (Grup 3),245000,77.0,3.875,95.0
-0.04841859513535858,-2.0856402400208767,2,Konservatif HNW (Grup 3),95000,136.0,,94.991
2.4065814473433536,-1.0774695110279726,2,Konservatif HNW (Grup 3),205000,171.0,4.625,40.0
0.7317773404467163,-1.417498589389632,2,Konservatif HNW (Grup 3),55000,169.0,,85.0
2.2222343252164323,-1.6492867571710594,2,Konservatif HNW (Grup 3),45000,121.0,,
1.941190397280001,-1.4308573075732707,2,Konservatif HNW (Grup 3),35000,186.0,,
-0.33094842913161593,-1.674206931543433,2,Konservatif HNW (Grup 3),315000,119.0,,
-0.9220046178225609,-1.1315381866249936,2,Konservatif HNW (Grup 3),75000,32.0,,22.05
0.46329688258960317,-1.3738930627474524,2,Konservatif HNW (Grup 3),255000,117.0,3.583,32.063
-2.599627927851596,-2.4347494877935234,2,Konservatif HNW (Grup 3),225000,92.0,,
1.4487494017528149,-1.3657397807988767,2,Konservatif HNW (Grup 3),65000,143.0,,
0.29649606318063093,-1.9811261228690284,2,Konservatif HNW (Grup 3),5000,88.0,,
0.6427939482240373,-1.2550703763403819,2,Konservatif HNW (Grup 3),295000,145.0,3.74,79.984
0.40019918484988626,-1.509591019033742,2,Konservatif HNW (Grup 3),145000,88.0,,
-0.9304802566460805,-2.1937801824372096,2,Konservatif HNW (Grup 3),195000,132.0,5.375,50.789
-0.5311080370711004,-0.6517376637814505,2,Konservatif HNW (Grup 3),135000,,,
0.6874817082552374,-1.1724998319744493,2,Konservatif HNW (Grup 3),245000,44.0,9.245,
-1.039123355188153,-1.63539555496965,2,Konservatif HNW (Grup 3),295000,57.0,,
0.10501374685069167,-1.9429476859525703,2,Konservatif HNW (Grup 3),295000,82.0,5.0,75.0
1.9038275135791927,-1.2071569475158592,2,Konservatif HNW (Grup 3),355000,117.0,5.94,37.056
1.2671021517515932,-1.3937475685347767,2,Konservatif HNW (Grup 3),205000,68.0,2.25,54.133
0.32989989596324615,-1.0791593154903896,2,Konservatif HNW (Grup 3),335000,114.0,5.99,88.497
-0.9891239491802881,-2.423839145892938,2,Konservatif HNW (Grup 3),445000,132.0,4.75,20.045
0.3016278791207245,-0.7229737194772896,2,Konservatif HNW (Grup 3),405000,233.0,,40.0
0.6841678654519275,-2.5309423666441826,2,Konservatif HNW (Grup 3),835000,174.0,4.625,99.76
-1.4781120543464719,-1.8883273464572645,2,Konservatif HNW (Grup 3),25000,30.0,,22.727
1.4352820661708057,-0.20825039876933377,2,Konservatif HNW (Grup 3),605000,139.0,5.375,44.61
-0.9110073109394737,-1.848290252942529,2,Konservatif HNW (Grup 3),145000,72.0,4.5,80.0
0.9797684498462341,-1.3711745137445173,2,Konservatif HNW (Grup 3),45000,226.0,5.375,72.0
-0.6886560512761197,-1.5779360602929884,2,Konservatif HNW (Grup 3),85000,145.0,6.5,54.765
-1.0385345657659597,-2.106865493261988,2,Konservatif HNW (Grup 3),105000,42.0,3.65,19.569
-1.0429674374890312,-2.0575743000429196,2,Konservatif HNW (Grup 3),245000,114.0,2.375,75.157
1.768392225822313,-0.9864808710099943,2,Konservatif HNW (Grup 3),275000,108.0,4.625,96.5
-0.30153605745510037,-1.7074916422899342,2,Konservatif HNW (Grup 3),285000,143.0,7.0,56.102
-0.8884967579586363,-1.2572148314003062,2,Konservatif HNW (Grup 3),225000,112.0,5.75,75.0
-0.9370572637723171,-2.2207894727008854,2,Konservatif HNW (Grup 3),185000,76.0,7.1,
-3.607086191183769,-2.6411075458266926,2,Konservatif HNW (Grup 3),335000,142.0,,
1.99402668358883,-1.11377886955699,2,Konservatif HNW (Grup 3),685000,291.0,5.999,70.0
-0.1682357533099537,-1.574491073250953,2,Konservatif HNW (Grup 3),405000,370.0,8.115,47.06
0.47339247698523573,-1.7311963035646518,2,Konservatif HNW (Grup 3),145000,66.0,5.99,73.68
1.6479659474306352,-2.3998023823326027,2,Konservatif HNW (Grup 3),35000,175.0,7.64,84.94
0.3886661542567879,-1.6122699905983149,2,Konservatif HNW (Grup 3),235000,159.0,3.125,52.27
-0.01594719012417616,-1.3702762853510448,2,Konservatif HNW (Grup 3),125000,71.0,5.5,90.0
1.0469754247230267,-1.371385988442241,2,Konservatif HNW (Grup 3),55000,51.0,11.0,72.93
1.3838955167929607,-1.186998538245942,2,Konservatif HNW (Grup 3),355000,138.0,5.499,92.31
1.3029280306624162,-1.3779476673891564,2,Konservatif HNW (Grup 3),295000,65.0,,
-0.5796381056022116,-1.6745348613071729,2,Konservatif HNW (Grup 3),125000,66.0,,92.086
-0.27153860558711296,-1.1016030562404215,2,Konservatif HNW (Grup 3),475000,148.0,,
0.8620702955922206,-1.8604917520700461,2,Konservatif HNW (Grup 3),185000,81.0,5.625,90.0
1.8358084851890617,-0.8799919730783946,2,Konservatif HNW (Grup 3),485000,153.0,3.125,100.0
0.45550012117535466,-1.2560263723023735,2,Konservatif HNW (Grup 3),135000,180.0,,
1.630574680372714,-0.6599042856551702,2,Konservatif HNW (Grup 3),125000,98.0,5.75,45.0
-0.9073510740713701,-1.1897139462109088,2,Konservatif HNW (Grup 3),245000,68.0,4.25,96.5
0.9689860892101027,-1.2592944143275113,2,Konservatif HNW (Grup 3),375000,284.0,4.875,70.0
1.2293021031800924,-1.4437526752752017,2,Konservatif HNW (Grup 3),45000,53.0,6.99,68.53
2.037205255314146,-1.2925364529413408,2,Konservatif HNW (Grup 3),115000,56.0,,
-0.43923843442801386,-1.5262227924700962,2,Konservatif HNW (Grup 3),25000,105.0,4.49,14.063
1.8252227433119412,-1.0213384993927204,2,Konservatif HNW (Grup 3),375000,266.0,6.15,79.76
0.9167161460041057,-1.5923266447285265,2,Konservatif HNW (Grup 3),855000,191.0,4.0,80.0
1.8100061800931337,-0.882719412924407,2,Konservatif HNW (Grup 3),965000,302.0,3.25,85.956
-1.1557224226418894,-1.5903336148805247,2,Konservatif HNW (Grup 3),1085000,1825.0,4.125,80.0
1.3637574925242113,-2.6111371077722634,2,Konservatif HNW (Grup 3),415000,129.0,2.99,71.0
1.1703401498009351,-1.1557839733321151,2,Konservatif HNW (Grup 3),295000,197.0,4.25,80.0
3.0484572683163353,-1.105417515905718,2,Konservatif HNW (Grup 3),405000,161.0,,
0.9015299584343791,-1.2815424318052893,2,Konservatif HNW (Grup 3),205000,94.0,4.75,79.0
-0.4748379625774742,-1.4402421615115704,2,Konservatif HNW (Grup 3),585000,108.0,,69.982
2.3791230310882234,-1.1290733609625305,2,Konservatif HNW (Grup 3),485000,163.0,,
-0.011786469147597303,-2.446124781510985,2,Konservatif HNW (Grup 3),645000,316.0,4.625,74.0
-0.7054788637674525,-1.9686915731991435,2,Konservatif HNW (Grup 3),65000,37.0,,62.86
1.5548305134360505,-1.1253536874503753,2,Konservatif HNW (Grup 3),335000,107.0,3.375,42.477
-0.5982138359606193,-1.726554031164269,2,Konservatif HNW (Grup 3),395000,158.0,6.48,80.0
1.206372353378157,-1.243695406417825,2,Konservatif HNW (Grup 3),705000,211.0,,
-0.45466094162241333,-2.2142898530027875,2,Konservatif HNW (Grup 3),115000,54.0,,49.156
-0.7164650994556334,-0.8971831074264647,2,Konservatif HNW (Grup 3),235000,73.0,5.875,90.0
-1.9038137446322687,-2.57511137013967,2,Konservatif HNW (Grup 3),245000,299.0,,
0.9363916661123992,-2.3810685622842294,2,Konservatif HNW (Grup 3),335000,48.0,,97.0
0.6429678661189312,-0.2614182670944169,2,Konservatif HNW (Grup 3),205000,230.0,,82.78
0.26311376479828213,-1.9875285203548132,2,Konservatif HNW (Grup 3),265000,94.0,5.0,96.5
0.5719360346986931,-1.6463194584305556,2,Konservatif HNW (Grup 3),255000,155.0,,
1.7385178961866072,-1.7690765776944182,2,Konservatif HNW (Grup 3),125000,107.0,,49.02
2.5400655436093755,-0.7942614465018658,2,Konservatif HNW (Grup 3),605000,170.0,,
3.1046636779399193,-2.019415608527949,2,Konservatif HNW (Grup 3),1495000,1062.0,5.25,75.0
1.2070154738993335,-1.0901335043283877,2,Konservatif HNW (Grup 3),265000,80.0,,80.0
-1.4933953472265866,-2.404324213795305,2,Konservatif HNW (Grup 3),135000,542.0,,
0.2990652484635852,-1.4620695374159263,2,Konservatif HNW (Grup 3),585000,723.0,2.0,79.813
2.2872421925975948,-1.4867059232267255,2,Konservatif HNW (Grup 3),645000,128.0,2.75,75.233
-0.5598082134221072,-1.9125787929823488,2,Konservatif HNW (Grup 3),225000,64.0,5.5,45.375
0.5769222845364275,-1.3043404416981705,2,Konservatif HNW (Grup 3),25000,109.0,5.5,84.99
0.6990214850783707,-0.9067459123784424,2,Konservatif HNW (Grup 3),385000,118.0,4.75,60.0
0.5130273610082139,-1.6233915573743043,2,Konservatif HNW (Grup 3),475000,122.0,,100.0
0.171413884259088,-1.9979696929480815,2,Konservatif HNW (Grup 3),275000,51.0,3.75,78.96
0.9483583109553567,-1.1847094128219382,2,Konservatif HNW (Grup 3),405000,192.0,4.25,85.0
0.6946306145256588,-1.5693926956092998,2,Konservatif HNW (Grup 3),205000,159.0,,57.143
0.7621685849769059,-1.5705427486669299,2,Konservatif HNW (Grup 3),365000,184.0,2.875,84.828
1.129684372945454,-1.9740189641992576,2,Konservatif HNW (Grup 3),425000,113.0,,
1.1027990987107994,-2.4945398722483407,2,Konservatif HNW (Grup 3),685000,346.0,3.375,75.0
1.869607941375143,-1.4896118685285769,2,Konservatif HNW (Grup 3),205000,94.0,4.0,47.281
2.2962568868929303,-0.7888216747997917,2,Konservatif HNW (Grup 3),365000,160.0,2.875,53.69
-0.774611879785332,-1.884161379676884,2,Konservatif HNW (Grup 3),225000,62.0,,
1.0432960478193896,-1.3141499124909044,2,Konservatif HNW (Grup 3),275000,83.0,4.99,39.174
0.9377678229520164,-1.3333436446423206,2,Konservatif HNW (Grup 3),315000,125.0,6.0,90.0
0.5523844366738746,-1.5735835218391137,2,Konservatif HNW (Grup 3),145000,101.0,2.875,39.947
-0.23032596464497035,-2.137542406519778,2,Konservatif HNW (Grup 3),345000,94.0,4.25,93.5
0.9656037848637481,-1.5917838418158226,2,Konservatif HNW (Grup 3),725000,205.0,3.875,
0.1992598740517233,-1.0289912953753129,2,Konservatif HNW (Grup 3),335000,185.0,5.5,76.798
-1.0504119390139477,-1.8322367067597214,2,Konservatif HNW (Grup 3),155000,73.0,,101.26
2.2819227354516407,-2.356856388781588,2,Konservatif HNW (Grup 3),225000,53.0,4.5,95.87
-1.3691001640084284,-1.154976400404803,2,Konservatif HNW (Grup 3),55000,73.0,,71.47
-0.5412631331999276,-1.452582167093591,2,Konservatif HNW (Grup 3),155000,37.0,,
2.156551521284806,-0.8439594741194197,2,Konservatif HNW (Grup 3),705000,160.0,4.25,74.0
-0.9774453340466314,-1.306467191443951,2,Konservatif HNW (Grup 3),195000,63.0,,76.07
-0.39408617546623265,-1.0557313117545617,2,Konservatif HNW (Grup 3),195000,50.0,,80.0
-1.0405341492590607,-2.6388207305762448,2,Konservatif HNW (Grup 3),35000,42.0,7.0,69.6
-0.08314765235889528,-1.076395883669867,2,Konservatif HNW (Grup 3),235000,139.0,3.875,62.4
1.5831772355965008,-2.3390247160362674,2,Konservatif HNW (Grup 3),755000,590.0,3.25,72.46
-0.13783833096165438,-1.9159446832112283,2,Konservatif HNW (Grup 3),775000,112.0,3.125,79.0
1.3674092567404956,-1.1199737406354637,2,Konservatif HNW (Grup 3),155000,164.0,5.99,56.295
0.7669787431118614,-1.3247068387237981,2,Konservatif HNW (Grup 3),35000,68.0,,29.18
0.015128823225103673,-1.8872450853294442,2,Konservatif HNW (Grup 3),165000,110.0,4.25,41.5
-0.11240896512356466,-1.7368038214182773,2,Konservatif HNW (Grup 3),105000,72.0,,72.613
0.8701631108188569,-1.2320448043203667,2,Konservatif HNW (Grup 3),905000,,3.9,44.355
0.4372788062288962,-1.4296098153434582,2,Konservatif HNW (Grup 3),335000,111.0,5.125,96.5
1.6752514473432711,-1.3327767105040202,2,Konservatif HNW (Grup 3),105000,112.0,4.5,27.02
-0.41764657425839113,-1.8629640466326873,2,Konservatif HNW (Grup 3),155000,213.0,4.64,29.354
-0.8088766213735326,-1.7518258327211895,2,Konservatif HNW (Grup 3),655000,283.0,3.875,
0.35219047050871055,-1.6769585321036546,2,Konservatif HNW (Grup 3),645000,126.0,6.5,58.818
-3.6311524424869686,-2.6506058982514227,2,Konservatif HNW (Grup 3),35000,112.0,,77.108
2.7595084730213584,-1.1231784015813269,2,Konservatif HNW (Grup 3),155000,239.0,3.89,89.963
3.074545531789998,-2.3164927531051163,2,Konservatif HNW (Grup 3),825000,330.0,,
0.49713959094994914,-0.8897113276440544,2,Konservatif HNW (Grup 3),625000,32.0,,65.78
-0.260278876142417,-2.1233823315083113,2,Konservatif HNW (Grup 3),65000,98.0,2.99,80.0
-0.33733347089927396,-2.1079342249229986,2,Konservatif HNW (Grup 3),115000,109.0,,62.857
1.6379688647357549,-1.8884651082172885,2,Konservatif HNW (Grup 3),335000,79.0,4.625,72.958
-0.5125598691052128,-1.7954340960152495,2,Konservatif HNW (Grup 3),255000,87.0,5.75,92.38
-1.5048217392267302,-0.9436041191241795,2,Konservatif HNW (Grup 3),385000,208.0,7.25,95.0
3.1961427082672826,-2.4017274613177735,2,Konservatif HNW (Grup 3),305000,57.0,,35.71
1.5697346386995512,-1.0660903101778447,2,Konservatif HNW (Grup 3),235000,80.0,5.375,65.92
0.5918211024301164,-1.814314932005938,2,Konservatif HNW (Grup 3),505000,311.0,4.75,56.28
0.6726056017170838,-1.5370945800173124,2,Konservatif HNW (Grup 3),125000,137.0,6.625,48.473
-0.37130684794802876,-1.9312852107265115,2,Konservatif HNW (Grup 3),45000,104.0,8.49,89.989
0.9581898881638338,-1.3006399199330911,2,Konservatif HNW (Grup 3),255000,52.0,4.875,96.5
0.9671708022047384,-0.5610588841770477,2,Konservatif HNW (Grup 3),145000,100.0,2.625,48.762
0.8685325190592454,-0.28347642127973377,2,Konservatif HNW (Grup 3),555000,113.0,,
0.11661085021640569,-0.0794176520677276,2,Konservatif HNW (Grup 3),635000,115.0,5.5,95.0
-0.8329036363194848,-3.0433949764965984,2,Konservatif HNW (Grup 3),645000,,5.125,74.821
1.166185927420026,-1.3590215662775615,2,Konservatif HNW (Grup 3),25000,130.0,4.24,13.559
-0.13007712123460902,-1.6023917172909825,2,Konservatif HNW (Grup 3),195000,74.0,,83.0
1.206059296247462,-1.7497230337364722,2,Konservatif HNW (Grup 3),595000,422.0,,
0.6849889538848905,-1.8506922313258272,2,Konservatif HNW (Grup 3),295000,43.0,4.625,43.065
-0.29075875289428504,-1.546136614838572,2,Konservatif HNW (Grup 3),305000,126.0,7.13,88.924
-0.590922677000058,-1.8673494012006309,2,Konservatif HNW (Grup 3),155000,58.0,4.25,80.0
1.6489718173601349,-1.2224993226208434,2,Konservatif HNW (Grup 3),265000,107.0,4.25,66.75
1.9531868140214537,-1.6047072471071937,2,Konservatif HNW (Grup 3),455000,375.0,4.75,100.0
-0.25277628020204324,-1.6656180854477025,2,Konservatif HNW (Grup 3),175000,38.0,4.125,96.5
1.4431702520709946,-1.2082846758763588,2,Konservatif HNW (Grup 3),285000,112.0,4.125,97.0
0.7663498164017976,-2.5346905320211155,2,Konservatif HNW (Grup 3),2005000,,,
1.4343826947669684,-1.0859649701849416,2,Konservatif HNW (Grup 3),25000,101.0,3.99,58.329
0.32690219601326104,-1.1413401752336565,2,Konservatif HNW (Grup 3),145000,72.0,6.99,75.0
-1.0418088922450155,-1.4951640325379205,2,Konservatif HNW (Grup 3),5000,85.0,7.0,99.598
0.36110565068581085,-0.7432502341523402,2,Konservatif HNW (Grup 3),465000,175.0,6.375,95.0
-0.0024963370823935186,-1.575180977850244,2,Konservatif HNW (Grup 3),365000,94.0,6.537,96.5
-3.5917066152538712,-2.635214483410105,2,Konservatif HNW (Grup 3),525000,249.0,5.35,100.0
0.5318670954787329,-0.3905506444049847,2,Konservatif HNW (Grup 3),225000,130.0,,63.76
-2.1126373658885154,-2.020424379036724,2,Konservatif HNW (Grup 3),15000,35.0,,
-0.5970488764915594,-1.9183426395020102,2,Konservatif HNW (Grup 3),85000,122.0,,
1.1741489291759875,-1.8450921530955626,2,Konservatif HNW (Grup 3),255000,60.0,,
0.37266576457758144,-1.6207539939051796,2,Konservatif HNW (Grup 3),285000,130.0,4.875,39.72
-1.3035384810648274,-2.387664812050141,2,Konservatif HNW (Grup 3),105000,60.0,,
1.5589430935711135,-0.8464122744719872,2,Konservatif HNW (Grup 3),95000,266.0,4.75,80.0
0.27269635441604534,-0.4294724925705685,2,Konservatif HNW (Grup 3),1545000,478.0,6.125,80.0
-0.714604376167785,-1.7222364456044705,2,Konservatif HNW (Grup 3),385000,416.0,3.25,59.231
-1.1131435617823713,-1.3446589917208536,2,Konservatif HNW (Grup 3),1005000,234.0,5.45,80.0
1.734577800309112,-1.2040948940700618,2,Konservatif HNW (Grup 3),55000,113.0,,
0.19394750289671803,-0.7402311222861845,2,Konservatif HNW (Grup 3),185000,153.0,4.0,80.0
1.1256680501281005,-1.1579702054978824,2,Konservatif HNW (Grup 3),25000,134.0,3.99,57.913
1.0075959212544998,-2.268777817718545,2,Konservatif HNW (Grup 3),365000,71.0,3.875,80.0
0.6852977488671366,-1.5706422120892356,2,Konservatif HNW (Grup 3),15000,140.0,,14.58
0.1670973362937634,-1.640985649015281,2,Konservatif HNW (Grup 3),295000,65.0,5.375,
-3.5992582380114544,-3.137927044029103,2,Konservatif HNW (Grup 3),125000,93.0,,
-1.7553175800957057,-2.208409523826096,2,Konservatif HNW (Grup 3),105000,,4.78,25.93
-0.46988417961019396,-1.4070293333307307,2,Konservatif HNW (Grup 3),85000,124.0,5.99,95.0
1.3179848660576465,-1.5593878675096435,2,Konservatif HNW (Grup 3),295000,211.0,4.125,38.68
-3.610417003192612,-2.642265359392931,2,Konservatif HNW (Grup 3),295000,60.0,,96.5
0.4395570612529936,-1.1757610207729567,2,Konservatif HNW (Grup 3),345000,152.0,3.25,56.23
1.3907945631332816,-1.0419760946102878,2,Konservatif HNW (Grup 3),95000,265.0,9.25,74.99
0.08340089962698417,-1.6580770186289873,2,Konservatif HNW (Grup 3),35000,55.0,4.0,8.264
1.2834602771642982,-1.5673456806011377,2,Konservatif HNW (Grup 3),895000,159.0,4.875,86.467
-0.6908199599662721,-1.8582620705343535,2,Konservatif HNW (Grup 3),155000,386.0,,
0.6030288425507013,-2.3735011006595435,2,Konservatif HNW (Grup 3),205000,328.0,4.35,60.0
0.5935769940969718,-1.3859122906030852,2,Konservatif HNW (Grup 3),245000,286.0,4.5,58.68
0.524656355904177,-1.3939060576372917,2,Konservatif HNW (Grup 3),355000,180.0,,
0.5995398012933543,-1.9146788718146153,2,Konservatif HNW (Grup 3),255000,175.0,,94.957
2.1534719938828206,-1.1887331583627647,2,Konservatif HNW (Grup 3),475000,240.0,3.95,79.66
0.9094296806323706,-1.4338591099762188,2,Konservatif HNW (Grup 3),285000,111.0,2.75,66.667
0.6884416741902939,-1.564158749526542,2,Konservatif HNW (Grup 3),345000,58.0,3.0,90.0
0.5094735039841177,-1.7758940322383296,2,Konservatif HNW (Grup 3),115000,64.0,6.75,15.42
-0.7631181979450299,-1.500134322458295,2,Konservatif HNW (Grup 3),905000,275.0,,
-0.7210596391930434,-2.3586020356998887,2,Konservatif HNW (Grup 3),345000,70.0,,98.188
0.6463226154590258,-0.27283058840828855,2,Konservatif HNW (Grup 3),115000,104.0,,
2.51885288507684,-1.385160739637628,2,Konservatif HNW (Grup 3),205000,99.0,4.75,57.97
-0.6514336277805398,-1.613232414080605,2,Konservatif HNW (Grup 3),95000,57.0,8.0,
0.42088018964491086,-2.6155862067997533,2,Konservatif HNW (Grup 3),815000,280.0,,
-1.0142153417624,-2.157163539130863,2,Konservatif HNW (Grup 3),385000,250.0,6.375,80.0
0.5575366728046021,-1.6495290324464003,2,Konservatif HNW (Grup 3),175000,114.0,3.875,50.0
0.4927985361568456,-2.401041344978526,2,Konservatif HNW (Grup 3),265000,165.0,4.5,77.663
1.1941725389878879,-1.341796766052662,2,Konservatif HNW (Grup 3),165000,85.0,,37.76
-0.2755959165378996,-1.9363409253190003,2,Konservatif HNW (Grup 3),265000,137.0,5.75,40.625
-0.006196653508768057,-1.6150868425429024,2,Konservatif HNW (Grup 3),15000,183.0,3.75,66.2
0.22959137361356421,-1.3851247221026408,2,Konservatif HNW (Grup 3),665000,201.0,3.875,80.0
0.2543708374632071,-0.07162288702770829,2,Konservatif HNW (Grup 3),105000,314.0,,116.437
-0.390467276521391,-2.101664995091669,2,Konservatif HNW (Grup 3),175000,45.0,6.99,90.0
-0.21249975922715472,-1.3473716741878365,2,Konservatif HNW (Grup 3),255000,118.0,5.125,96.5
1.3017553464775664,0.39535994408141323,2,Konservatif HNW (Grup 3),205000,122.0,7.0,19.633
0.9672171281287459,-1.6789961318935107,2,Konservatif HNW (Grup 3),575000,231.0,5.5,85.0
2.054637946493282,-1.3012159928751437,2,Konservatif HNW (Grup 3),505000,322.0,4.5,
0.8239913426730837,-2.0308664427581853,2,Konservatif HNW (Grup 3),115000,54.0,,38.7
-0.7439347206478489,-1.5239188326650774,2,Konservatif HNW (Grup 3),535000,388.0,7.125,80.0
0.5163250438561964,-1.7170049843152544,2,Konservatif HNW (Grup 3),425000,145.0,4.99,80.0
0.37283262154416213,-0.9318506179824545,2,Konservatif HNW (Grup 3),325000,182.0,4.5,70.0
0.23046235198684498,-1.8235286296051911,2,Konservatif HNW (Grup 3),475000,234.0,2.375,40.0
-0.4865866201149526,-1.7822261557651105,2,Konservatif HNW (Grup 3),205000,210.0,3.75,76.63
0.15035363353206457,-2.239202918412869,2,Konservatif HNW (Grup 3),105000,37.0,4.375,80.0
-0.1523308660865878,-0.059216671477803434,2,Konservatif HNW (Grup 3),365000,137.0,4.25,40.667
1.4281548027823316,-1.2876857853939037,2,Konservatif HNW (Grup 3),95000,93.0,6.99,35.638
-0.010287432255712292,-0.7603304826729096,2,Konservatif HNW (Grup 3),85000,42.0,3.0,
1.1317869650878183,-1.5652092653547471,2,Konservatif HNW (Grup 3),65000,66.0,,
-0.03938380300027356,-2.037700257010779,2,Konservatif HNW (Grup 3),185000,142.0,,
-0.6006364050013452,-2.0490552018941246,2,Konservatif HNW (Grup 3),55000,196.0,6.25,67.56
0.8059645787563577,-0.7568371576144083,2,Konservatif HNW (Grup 3),275000,81.0,3.75,96.5
0.20193933614659867,-1.1374664469472522,2,Konservatif HNW (Grup 3),105000,147.0,,95.16
-0.017865566017142755,-1.9160498807679955,2,Konservatif HNW (Grup 3),65000,147.0,,53.854
-1.3227763319638968,-2.593086724311021,2,Konservatif HNW (Grup 3),355000,162.0,4.625,90.0
0.4390162542377903,-1.614622007105399,2,Konservatif HNW (Grup 3),35000,145.0,7.74,27.0
0.8684331576138506,-1.6010829053217717,2,Konservatif HNW (Grup 3),1045000,498.0,5.5,80.0
0.20785261285833154,-1.920501397374989,2,Konservatif HNW (Grup 3),205000,368.0,5.49,78.96
-0.5567715493639461,0.18287689702581142,2,Konservatif HNW (Grup 3),235000,94.0,,
0.47776881245129627,-1.4628249246730645,2,Konservatif HNW (Grup 3),395000,141.0,3.625,80.0
-0.43518228540408915,-1.6824435805191305,2,Konservatif HNW (Grup 3),155000,1075.0,,
-1.0363192343978556,-1.9381658214293964,2,Konservatif HNW (Grup 3),175000,46.0,6.0,97.0
-0.8260934874024057,-2.1508532485480205,2,Konservatif HNW (Grup 3),175000,34.0,4.75,64.0
1.2821257206633645,-0.963672869774877,2,Konservatif HNW (Grup 3),455000,167.0,5.875,66.423
-0.7844813146189841,-2.3064551104538165,2,Konservatif HNW (Grup 3),325000,81.0,3.95,79.853
-0.1639225359007892,-2.036129994288378,2,Konservatif HNW (Grup 3),95000,114.0,8.25,
-0.2539802063220488,-1.770897665435191,2,Konservatif HNW (Grup 3),385000,3120.0,3.5,79.588
0.5363113081534876,-1.3562911688060797,2,Konservatif HNW (Grup 3),1005000,291.0,,
1.1729080407532677,-2.376876967411407,2,Konservatif HNW (Grup 3),475000,103.0,,
-0.11614253365512571,-1.3275529134974857,2,Konservatif HNW (Grup 3),255000,40.0,3.625,41.437
2.746016748168031,-1.3565862202876764,2,Konservatif HNW (Grup 3),505000,518.0,3.3,65.43
-0.46132771222083596,-1.3316951841828675,2,Konservatif HNW (Grup 3),195000,96.0,5.875,59.0
1.7994143736563015,-1.0875774604049513,2,Konservatif HNW (Grup 3),155000,143.0,5.75,75.0
1.066869025439177,-2.227669537574229,2,Konservatif HNW (Grup 3),255000,122.0,5.25,94.0
-0.14882239436293765,-0.6946204517579949,2,Konservatif HNW (Grup 3),35000,180.0,,58.33
0.590507123731915,-0.5690599150115705,2,Konservatif HNW (Grup 3),105000,206.0,,
-0.22856249236369633,-1.3963962701035577,2,Konservatif HNW (Grup 3),395000,85.0,4.99,80.0
0.3102875098308457,-2.0022659601528816,2,Konservatif HNW (Grup 3),155000,90.0,5.0,90.0
-1.075890591314378,-1.9731014897195274,2,Konservatif HNW (Grup 3),205000,147.0,2.5,66.0
0.6147717956592168,-0.9170185254740878,2,Konservatif HNW (Grup 3),65000,68.0,5.3,75.0
1.4366804543419711,-1.3479529133305561,2,Konservatif HNW (Grup 3),285000,46.0,4.27,
-0.43473577428642357,-1.6212880708164807,2,Konservatif HNW (Grup 3),355000,87.0,6.125,99.833
-0.3185639262608994,-1.6280752422078069,2,Konservatif HNW (Grup 3),75000,153.0,4.09,
1.6635432632146803,-1.9476742059994139,2,Konservatif HNW (Grup 3),25000,127.0,4.25,80.0
0.47489947590864307,-1.4835630257204195,2,Konservatif HNW (Grup 3),165000,181.0,3.25,85.0
0.864302750366384,-0.7915242698920802,2,Konservatif HNW (Grup 3),315000,137.0,7.125,80.0
1.433140126377443,-1.178917592462444,2,Konservatif HNW (Grup 3),385000,87.0,2.75,51.622
1.235781634279294,-1.275794990855954,2,Konservatif HNW (Grup 3),155000,178.0,,
1.9503375646159138,-1.5127572732072405,2,Konservatif HNW (Grup 3),205000,150.0,5.5,85.0
-3.6312994422198464,-2.650474981048472,2,Konservatif HNW (Grup 3),35000,18.0,,
0.3568852966110015,-1.8366937097500426,2,Konservatif HNW (Grup 3),425000,250.0,5.625,75.0
-1.0786128554777648,-1.1840541437419954,2,Konservatif HNW (Grup 3),125000,60.0,2.75,88.09
-0.030564205146954904,-1.6143967613640073,2,Konservatif HNW (Grup 3),85000,115.0,,
-0.5875256967227923,-1.724368209670752,2,Konservatif HNW (Grup 3),195000,64.0,5.25,96.5
2.0166387627073172,-1.0685727005918144,2,Konservatif HNW (Grup 3),125000,110.0,,
-0.7652282857140789,-2.600577706414949,2,Konservatif HNW (Grup 3),105000,206.0,,
-1.2900056115777305,-1.6366118793439595,2,Konservatif HNW (Grup 3),155000,90.0,,144.333
-3.6224313629208655,-2.6470312484397156,2,Konservatif HNW (Grup 3),145000,57.0,,
1.9739180791216973,-1.6655349155346628,2,Konservatif HNW (Grup 3),355000,102.0,5.5,
1.8379933112591358,-2.367541801248653,2,Konservatif HNW (Grup 3),325000,77.0,5.25,44.99
0.7231188447123228,-0.2012813826303425,2,Konservatif HNW (Grup 3),1355000,292.0,3.125,80.0
-0.9575812779669864,-1.6680282615974245,2,Konservatif HNW (Grup 3),105000,90.0,,11.053
-0.7269568713533696,-1.834448916409051,2,Konservatif HNW (Grup 3),65000,32.0,5.82,
-0.06848348044246842,-1.8053523315861824,2,Konservatif HNW (Grup 3),155000,86.0,,
1.755916573272842,-1.144596298060063,2,Konservatif HNW (Grup 3),305000,417.0,3.0,49.92
-1.7976505445189697,-1.2866716479671285,2,Konservatif HNW (Grup 3),635000,193.0,2.95,87.329
-1.0175050460837527,-1.3346689925884454,2,Konservatif HNW (Grup 3),35000,47.0,10.0,
0.08549217893171823,-2.5334180954610304,2,Konservatif HNW (Grup 3),55000,140.0,7.81,77.657
-0.07284423057610388,-1.38512681873507,2,Konservatif HNW (Grup 3),435000,89.0,5.25,96.182
-1.2824827540517878,-1.5995839927743893,2,Konservatif HNW (Grup 3),415000,131.0,6.5,80.0
-1.0397417704730598,-2.2691319891215467,2,Konservatif HNW (Grup 3),355000,148.0,3.999,59.32
2.3145838084596666,-1.3666869723651982,2,Konservatif HNW (Grup 3),15000,118.0,,5.0
1.6054999778520003,-1.454591623026607,2,Konservatif HNW (Grup 3),505000,,2.375,56.08
-0.17879893962532759,-1.1961661193610806,2,Konservatif HNW (Grup 3),205000,96.0,5.875,59.0
0.685678993217577,-1.1080517361147026,2,Konservatif HNW (Grup 3),315000,83.0,3.625,100.016
-0.2825621601764783,-2.299743236423582,2,Konservatif HNW (Grup 3),335000,113.0,3.5,66.471
0.6891349662821126,-1.6487486518340662,2,Konservatif HNW (Grup 3),355000,305.0,5.375,97.0
0.38398085777120716,-1.6883157400171727,2,Konservatif HNW (Grup 3),295000,117.0,3.875,80.0
-0.8512148744141003,-1.8274360098058908,2,Konservatif HNW (Grup 3),135000,679.0,,
-3.5983604201368298,-2.6375370742235904,2,Konservatif HNW (Grup 3),445000,90.0,3.0,81.481
-0.7917559970116785,-1.2905499003175074,2,Konservatif HNW (Grup 3),45000,51.0,,22.277
-1.1551541485244776,-2.1874468533325717,2,Konservatif HNW (Grup 3),345000,97.0,2.75,55.36
-0.11746574887125441,-1.7051885905929915,2,Konservatif HNW (Grup 3),135000,78.0,,
-0.3520271445652339,-1.8731681457940348,2,Konservatif HNW (Grup 3),115000,41.0,3.5,54.21
-1.031812869512928,-1.9252574957126822,2,Konservatif HNW (Grup 3),255000,294.0,4.75,75.0
-3.581470257070116,-2.630927224139924,2,Konservatif HNW (Grup 3),655000,139.0,,
-0.1733558045308914,-0.01032886029587404,2,Konservatif HNW (Grup 3),185000,34.0,,
-0.1847799907102597,-2.3249432975662834,2,Konservatif HNW (Grup 3),305000,71.0,,60.0
0.9996996966149762,-1.2807867549952074,2,Konservatif HNW (Grup 3),565000,250.0,,
0.2931421200900176,-1.5950743665211562,2,Konservatif HNW (Grup 3),755000,358.0,3.375,75.0
0.9322642204857432,-1.347318389887471,2,Konservatif HNW (Grup 3),155000,101.0,5.5,60.624
1.6769072103700662,-0.9487651693077198,2,Konservatif HNW (Grup 3),375000,96.0,5.0,88.94
1.5482430286304332,-1.4170878695015203,2,Konservatif HNW (Grup 3),435000,129.0,4.25,96.5
-0.0906691580964492,-0.3921601747267103,2,Konservatif HNW (Grup 3),485000,66.0,2.5,94.99
-3.355945967490516,-2.824964350352905,2,Konservatif HNW (Grup 3),235000,147.0,,
0.042936104229899644,-2.0259654809880034,2,Konservatif HNW (Grup 3),165000,115.0,4.5,73.73
0.7172766790119152,-1.0447357934244952,2,Konservatif HNW (Grup 3),215000,118.0,5.75,80.0
1.976853971584719,-0.8897072053347816,2,Konservatif HNW (Grup 3),365000,106.0,,
-0.21662339999135752,-1.3424121572972207,2,Konservatif HNW (Grup 3),165000,95.0,3.79,80.0
1.5618279526287597,-1.9886387545836708,2,Konservatif HNW (Grup 3),345000,161.0,8.25,65.0
-0.713232754303503,-1.6804846989057183,2,Konservatif HNW (Grup 3),125000,82.0,,
0.5650962511804697,-1.3846728578030283,2,Konservatif HNW (Grup 3),485000,156.0,6.375,95.0
0.5412524238875658,-1.0769736034662107,2,Konservatif HNW (Grup 3),165000,101.0,3.875,73.636
0.7684667891058914,-0.4784604398115373,2,Konservatif HNW (Grup 3),655000,129.0,,
-0.3363075905077807,-1.9355320657852426,2,Konservatif HNW (Grup 3),435000,249.0,6.875,80.0
2.0454518533135353,-1.123722892566392,2,Konservatif HNW (Grup 3),415000,95.0,4.25,82.059
0.9721003409163901,-0.4236757586347892,2,Konservatif HNW (Grup 3),1505000,586.0,,
-0.1635753506079315,-2.1080468040344185,2,Konservatif HNW (Grup 3),235000,74.0,,
0.16409800767133575,-1.633241818092829,2,Konservatif HNW (Grup 3),115000,36.0,,
-1.0976056951639874,-1.8854962028824869,2,Konservatif HNW (Grup 3),335000,109.0,6.625,94.286
0.5947968290463812,-1.5358352282478287,2,Konservatif HNW (Grup 3),185000,147.0,,75.0
-0.560116356197213,-1.7080356389391427,2,Konservatif HNW (Grup 3),125000,84.0,,
0.752156301285407,-1.9058540690372807,2,Konservatif HNW (Grup 3),155000,47.0,3.875,100.0
0.7847810492117524,-1.427665215679167,2,Konservatif HNW (Grup 3),175000,235.0,4.0,80.0
-0.3580498016611619,-1.7129692534431835,2,Konservatif HNW (Grup 3),415000,79.0,5.25,
1.3264118551648851,-2.5080237523545477,2,Konservatif HNW (Grup 3),555000,103.0,4.5,95.0
2.207685750882173,-2.017404834911907,2,Konservatif HNW (Grup 3),555000,238.0,4.5,48.673
0.10034243490087755,-1.8962748577463548,2,Konservatif HNW (Grup 3),355000,106.0,5.75,95.0
1.6937616935586088,-1.4139878015252965,2,Konservatif HNW (Grup 3),205000,183.0,3.25,79.69
-0.26698154975761257,-1.618677662505332,2,Konservatif HNW (Grup 3),15000,38.0,4.24,37.019
-0.17615780749444057,-2.154035160802253,2,Konservatif HNW (Grup 3),265000,90.0,,
3.076446127107161,-2.2377357573087835,2,Konservatif HNW (Grup 3),355000,189.0,5.6,80.0
0.19812912620971665,-1.4948173146340153,2,Konservatif HNW (Grup 3),975000,223.0,4.25,85.0
-0.4116908318160988,-1.4316810346992885,2,Konservatif HNW (Grup 3),225000,,6.75,
-0.24681272429863094,-1.3451053587158834,2,Konservatif HNW (Grup 3),255000,73.0,3.375,80.0
-0.754320861007179,-2.202514819283756,2,Konservatif HNW (Grup 3),65000,133.0,4.24,73.886
2.321608382239929,-1.3278557492362861,2,Konservatif HNW (Grup 3),255000,81.0,4.625,95.0
0.1928228103406761,-1.4585712629768428,2,Konservatif HNW (Grup 3),75000,137.0,,
0.336254983634493,-2.0356587060800972,2,Konservatif HNW (Grup 3),555000,120.0,3.5,70.0
-0.6187969542266033,-1.591070899178411,2,Konservatif HNW (Grup 3),165000,62.0,4.5,60.0
-0.7535886196906604,-2.156717881929642,2,Konservatif HNW (Grup 3),235000,79.0,4.25,96.5
-1.4123338275055064,-2.3817703575873908,2,Konservatif HNW (Grup 3),175000,70.0,4.25,77.27
-0.3816600829667932,-2.535790871138153,2,Konservatif HNW (Grup 3),205000,85.0,,
2.931962820236172,-1.3843708699740367,2,Konservatif HNW (Grup 3),335000,122.0,,
2.0485958952420664,-0.9778097930996377,2,Konservatif HNW (Grup 3),205000,67.0,3.75,75.0
-0.16788589203815255,-1.2747551456622985,2,Konservatif HNW (Grup 3),725000,621.0,3.625,100.0
0.541196963973197,-1.4899722812425147,2,Konservatif HNW (Grup 3),135000,45.0,5.875,55.0
0.5081142315999287,-1.3631254977630813,2,Konservatif HNW (Grup 3),155000,182.0,6.75,69.0
2.5132539914254366,-1.5269534302827754,2,Konservatif HNW (Grup 3),655000,144.0,,
-1.7023426704619227,-1.4598100040761763,2,Konservatif HNW (Grup 3),315000,133.0,5.625,85.294
0.6459781382748714,-1.6971092816068583,2,Konservatif HNW (Grup 3),335000,73.0,5.5,96.5
-0.1026077854309092,-1.4971057695393486,2,Konservatif HNW (Grup 3),525000,194.0,3.95,75.0
0.7577939510314171,-1.8914314104811412,2,Konservatif HNW (Grup 3),125000,85.0,5.875,72.62
0.46558225586891316,-1.0673020354470615,2,Konservatif HNW (Grup 3),265000,74.0,,51.985
-0.6301556599831682,-1.038082003967686,2,Konservatif HNW (Grup 3),385000,149.0,5.875,88.69
0.7276434117758727,-1.8906289561153338,2,Konservatif HNW (Grup 3),725000,374.0,5.25,60.33
0.734092162747841,-1.1820694302758439,2,Konservatif HNW (Grup 3),105000,134.0,,
0.2877847313853117,-1.6044113586908841,2,Konservatif HNW (Grup 3),145000,54.0,3.99,78.0
1.50298325909261,-2.037928687013615,2,Konservatif HNW (Grup 3),285000,203.0,2.375,40.806
0.06522395549853817,-3.106064838828932,2,Konservatif HNW (Grup 3),625000,704.0,3.875,84.7
0.567324103223181,-1.2308080324476354,2,Konservatif HNW (Grup 3),495000,321.0,5.625,95.0
-3.6295058024058933,-2.650010278633884,2,Konservatif HNW (Grup 3),55000,141.0,0.0,66.804
-0.23001572418608673,-1.749936126305586,2,Konservatif HNW (Grup 3),225000,55.0,4.375,97.0
1.5626710641860395,-1.3256761187849428,2,Konservatif HNW (Grup 3),485000,235.0,9.375,90.0
0.4778293068773243,-2.0810434015866086,2,Konservatif HNW (Grup 3),45000,49.0,,
-0.199736916258038,-1.8768124122108578,2,Konservatif HNW (Grup 3),255000,153.0,5.375,90.0
0.3841986541670583,-0.9259897256440043,2,Konservatif HNW (Grup 3),315000,96.0,4.0,43.63
1.2013972671965552,-1.1178465975220062,2,Konservatif HNW (Grup 3),75000,122.0,4.54,27.451
0.2646655702521935,-2.012750828115178,2,Konservatif HNW (Grup 3),35000,201.0,2.99,80.48
1.127177114864351,0.04550597464882585,2,Konservatif HNW (Grup 3),305000,304.0,3.875,21.4286
1.208592077052509,-1.5288829189817197,2,Konservatif HNW (Grup 3),135000,84.0,,
0.8091472173657487,-1.6297417190444132,2,Konservatif HNW (Grup 3),55000,125.0,4.49,71.0
-0.5608135136474732,-0.8715479943517273,2,Konservatif HNW (Grup 3),535000,179.0,4.25,81.0
-1.2982836829362856,-2.47741533552574,2,Konservatif HNW (Grup 3),515000,150.0,,
-0.3542620126178597,-1.6674799661605089,2,Konservatif HNW (Grup 3),35000,88.0,7.0,21.544
1.6650059898357878,-0.91242596620404,2,Konservatif HNW (Grup 3),445000,289.0,,74.733
-1.448156964765988,-2.265630796040475,2,Konservatif HNW (Grup 3),55000,39.0,,94.899
0.4570841224366848,-1.5455049869549433,2,Konservatif HNW (Grup 3),275000,93.0,5.375,90.0
0.12048867785539291,-1.709830545786106,2,Konservatif HNW (Grup 3),225000,150.0,4.5,80.0
0.5296957068171595,-2.2111067850510984,2,Konservatif HNW (Grup 3),615000,114.0,3.5,85.0
0.7086878590761866,-2.794852357710943,2,Konservatif HNW (Grup 3),295000,160.0,3.25,80.0
0.09792525796698912,-2.073069705197651,2,Konservatif HNW (Grup 3),45000,78.0,,
-0.9155116448133186,-0.6909434185979714,2,Konservatif HNW (Grup 3),205000,283.0,4.74,57.322
-1.2763034462983756,-1.9932038771122023,2,Konservatif HNW (Grup 3),175000,35.0,,
0.785440341225175,-1.2676008193616952,2,Konservatif HNW (Grup 3),305000,119.0,3.99,75.0
1.177967822039122,-1.19678156837386,2,Konservatif HNW (Grup 3),315000,75.0,3.875,90.0
-0.488103906221084,-2.0496809444734563,2,Konservatif HNW (Grup 3),125000,95.0,,
0.2916758301515379,-1.6296144847669387,2,Konservatif HNW (Grup 3),305000,110.0,,
1.4504431449521193,-1.093928173296489,2,Konservatif HNW (Grup 3),665000,242.0,4.25,70.0
1.0048839733138892,-1.4104172367666676,2,Konservatif HNW (Grup 3),175000,123.0,2.99,69.591
-1.4975790084506495,-1.9039687540090267,2,Konservatif HNW (Grup 3),215000,71.0,3.375,97.0
0.9661634668258958,-1.457682349969268,2,Konservatif HNW (Grup 3),895000,247.0,6.875,75.0
-0.2796278790588248,-2.794848423328983,2,Konservatif HNW (Grup 3),165000,230.0,,95.044
2.0492918655914645,-1.8118039573600295,2,Konservatif HNW (Grup 3),115000,43.0,2.59,42.075
0.034537833500863785,-1.4441063798171554,2,Konservatif HNW (Grup 3),195000,86.0,,
1.039928238159545,-1.4242687036356136,2,Konservatif HNW (Grup 3),75000,118.0,,6.82
1.0679078541452507,-1.5736753462865436,2,Konservatif HNW (Grup 3),175000,137.0,2.99,80.0
2.3140977028775556,-1.2876640055100088,2,Konservatif HNW (Grup 3),1005000,702.0,3.25,78.0
-0.2768096875643698,-0.7168555473160374,2,Konservatif HNW (Grup 3),25000,134.0,,
-0.3000980997581012,-1.8470492184665126,2,Konservatif HNW (Grup 3),25000,86.0,2.49,36.52
-0.36637320807206647,-2.2150836568146164,2,Konservatif HNW (Grup 3),185000,62.0,3.49,79.0
0.43535970123573403,-0.7393384255476444,2,Konservatif HNW (Grup 3),325000,79.0,5.75,80.0
0.4478704180775202,-1.448898470724808,2,Konservatif HNW (Grup 3),215000,97.0,,
2.2203281771728416,-2.7746165404358223,2,Konservatif HNW (Grup 3),505000,225.0,2.875,77.519
-1.4820335717901336,-1.6831214887583663,2,Konservatif HNW (Grup 3),105000,34.0,5.875,95.0
1.4015321609947733,-1.3541305353899338,2,Konservatif HNW (Grup 3),45000,171.0,3.75,65.7
0.44402051510412804,-0.36644610337780525,2,Konservatif HNW (Grup 3),495000,200.0,4.375,67.16
-0.8917227016008107,-2.1722541551242873,2,Konservatif HNW (Grup 3),855000,149.0,3.25,80.0
-0.45531708343190014,-1.8588648262120984,2,Konservatif HNW (Grup 3),305000,98.0,,70.0
0.10634731029089836,-1.423670517002126,2,Konservatif HNW (Grup 3),155000,184.0,4.7,37.412
-0.6233017714271208,-3.5650412922977415,2,Konservatif HNW (Grup 3),25000,73.0,6.8,14.513
0.08254774279188964,-0.6433046525225109,2,Konservatif HNW (Grup 3),95000,325.0,3.125,90.0
-1.403692660109,-2.2971165547538037,2,Konservatif HNW (Grup 3),455000,163.0,,
1.638854046502573,-2.043350653800282,2,Konservatif HNW (Grup 3),285000,89.0,5.03,96.5
0.7236718684071045,-1.2649199518096168,2,Konservatif HNW (Grup 3),175000,70.0,3.875,58.24
2.012242720101206,-1.1196843687614793,2,Konservatif HNW (Grup 3),385000,265.0,6.625,80.0
1.8091203057009115,-0.9959406999733262,2,Konservatif HNW (Grup 3),235000,146.0,,
1.4267893745606692,-0.9246642753713593,2,Konservatif HNW (Grup 3),975000,369.0,4.125,80.0
1.4733028715686263,-1.1368192338228027,2,Konservatif HNW (Grup 3),345000,272.0,,
-0.4614237584845185,-2.1294390396305536,2,Konservatif HNW (Grup 3),225000,66.0,5.25,70.0
-0.17819105656005252,-1.171029263067608,2,Konservatif HNW (Grup 3),275000,45.0,,100.0
0.2852400521206869,-1.6043373303952895,2,Konservatif HNW (Grup 3),85000,99.0,5.99,76.216
-0.5753994768578323,-1.8150998926650463,2,Konservatif HNW (Grup 3),285000,50.0,3.375,62.667
-0.8734369442953542,-1.5082741471232342,2,Konservatif HNW (Grup 3),425000,130.0,5.25,90.0
0.6428660820506684,-1.9352534994324988,2,Konservatif HNW (Grup 3),55000,202.0,1.99,48.0
-2.0961076115792334,-2.420932990523965,2,Konservatif HNW (Grup 3),105000,53.0,4.0,103.423
-0.3891288163048278,-1.3678482266132008,2,Konservatif HNW (Grup 3),325000,83.0,6.5,97.0
1.0208526088291068,-1.4829987983838446,2,Konservatif HNW (Grup 3),55000,165.0,2.99,76.08
0.5769696136391943,-1.5822422155973908,2,Konservatif HNW (Grup 3),235000,64.0,5.75,95.0
1.8485322595402123,-0.9451860556249879,2,Konservatif HNW (Grup 3),525000,144.0,5.625,90.0
2.5917895822336705,-1.051424951688549,2,Konservatif HNW (Grup 3),125000,75.0,,
0.5820287771695619,-1.6988706434950074,2,Konservatif HNW (Grup 3),25000,144.0,4.365,82.6
0.0983647010891733,-1.4362264845921722,2,Konservatif HNW (Grup 3),145000,73.0,4.125,80.0
-1.5352814951855718,-2.1853598418373763,2,Konservatif HNW (Grup 3),225000,68.0,6.25,101.01
0.5582950564789895,-1.5680081632562688,2,Konservatif HNW (Grup 3),175000,145.0,2.75,80.573
1.3042091210865783,-1.3363829241774898,2,Konservatif HNW (Grup 3),355000,99.0,3.99,48.143
-0.9867636084144287,-0.5889447193786085,2,Konservatif HNW (Grup 3),105000,150.0,4.25,78.4
-3.6335887803292533,-2.651529271506065,2,Konservatif HNW (Grup 3),5000,90.0,,
1.1421771052779524,-1.3471551392324828,2,Konservatif HNW (Grup 3),535000,275.0,3.75,90.0
-0.008561306174630301,-2.1167963697028873,2,Konservatif HNW (Grup 3),665000,314.0,,
-1.270064940797186,-2.0357193616024305,2,Konservatif HNW (Grup 3),1675000,524.0,5.115,75.0
-0.28535502513312416,-1.485645742608886,2,Konservatif HNW (Grup 3),365000,154.0,5.125,85.0
1.3789021563572044,-1.3678465796110544,2,Konservatif HNW (Grup 3),15000,115.0,,97.0
-0.7950175859075878,-1.8005730844530021,2,Konservatif HNW (Grup 3),85000,305.0,5.99,79.989
-0.6718507062455317,-2.2449742510194755,2,Konservatif HNW (Grup 3),5000,648.0,,
-3.631221250872571,-2.650544617858552,2,Konservatif HNW (Grup 3),35000,68.0,,
0.35796056945893023,-2.039977417981251,2,Konservatif HNW (Grup 3),395000,108.0,,
0.6189718473827049,0.29120326131328195,2,Konservatif HNW (Grup 3),135000,91.0,,
0.2596995714502707,-1.680841081321458,2,Konservatif HNW (Grup 3),25000,102.0,,99.073
-0.6142503854032675,-0.6961266525885762,2,Konservatif HNW (Grup 3),165000,77.0,2.625,72.072
0.24255789605284642,-1.3663353537268723,2,Konservatif HNW (Grup 3),65000,182.0,3.74,79.222
0.797347883448784,-1.4687744684075659,2,Konservatif HNW (Grup 3),375000,93.0,4.0,95.0
-1.2269571034286595,-2.8512959898202546,2,Konservatif HNW (Grup 3),155000,64.0,,
-0.4036671510456898,-0.23812503973216334,2,Konservatif HNW (Grup 3),1235000,561.0,,
0.3076199374062174,-1.6932670167302404,2,Konservatif HNW (Grup 3),25000,0.0,,
2.2166472896638973,-1.3886313724948216,2,Konservatif HNW (Grup 3),325000,104.0,4.125,95.0
-0.7032324053816182,-2.05455221616347,2,Konservatif HNW (Grup 3),275000,70.0,3.99,90.0
0.6358696732738318,-1.4018478637178835,2,Konservatif HNW (Grup 3),685000,183.0,6.625,80.0
0.7427202626453762,-0.7397861062944733,2,Konservatif HNW (Grup 3),245000,824.0,,
2.383784156886232,-1.196308421251827,2,Konservatif HNW (Grup 3),75000,299.0,3.25,54.815
-1.0327698100307077,-1.668828625688294,2,Konservatif HNW (Grup 3),475000,133.0,3.75,95.0
1.55939119929481,-1.3633918887520118,2,Konservatif HNW (Grup 3),5000,34.0,,75.0
-0.3828737408577001,-2.1445138683984935,2,Konservatif HNW (Grup 3),325000,106.0,4.99,96.0
-0.47867487022400274,-1.7170378968603701,2,Konservatif HNW (Grup 3),285000,165.0,6.5,75.0
-1.430955458302001,-1.7861889348446696,2,Konservatif HNW (Grup 3),125000,100.0,6.25,80.0
-1.723828922713798,-2.7668626676912274,2,Konservatif HNW (Grup 3),485000,198.0,3.75,95.0
1.6921860530889992,-1.4905854770206193,2,Konservatif HNW (Grup 3),205000,303.0,4.625,49.02
0.6094421188429768,-1.9036418918680877,2,Konservatif HNW (Grup 3),145000,68.0,4.5,97.527
1.408266971640251,-1.299483773881287,2,Konservatif HNW (Grup 3),15000,74.0,4.74,73.432
2.216290264233508,-1.3326676366750727,2,Konservatif HNW (Grup 3),565000,183.0,4.15,59.827
0.5714993422892045,-1.748476219064094,2,Konservatif HNW (Grup 3),355000,245.0,2.625,53.03
-1.810993729164109,-1.981192989298843,2,Konservatif HNW (Grup 3),45000,202.0,4.0,64.28
-0.280535617789788,-1.7714940023743977,2,Konservatif HNW (Grup 3),285000,135.0,3.625,
0.14815286265383343,-1.0415528026181422,2,Konservatif HNW (Grup 3),555000,220.0,3.375,80.0
-0.669847536113561,-1.21172999489005,2,Konservatif HNW (Grup 3),345000,141.0,,
-0.22022273293405695,-2.1969547794991335,2,Konservatif HNW (Grup 3),175000,78.0,3.375,101.01
0.17004940309686148,-1.5042043916360452,2,Konservatif HNW (Grup 3),235000,56.0,3.25,67.0
-0.058745533943004795,-1.732445139052305,2,Konservatif HNW (Grup 3),655000,254.0,,
-1.042343799839188,-1.7639293850301683,2,Konservatif HNW (Grup 3),225000,101.0,4.625,80.0
0.2640504329817532,-1.8572880059555779,2,Konservatif HNW (Grup 3),645000,203.0,4.5,41.664
0.048470507947771,-2.0222988105282504,2,Konservatif HNW (Grup 3),15000,127.0,5.5,50.392
0.15035189985688052,-2.420270939435868,2,Konservatif HNW (Grup 3),485000,,,
0.574323769474303,-1.2977547354140224,2,Konservatif HNW (Grup 3),75000,,7.24,79.976
-0.06704993977491544,-1.6529141516727057,2,Konservatif HNW (Grup 3),95000,38.0,2.99,22.573
1.2876368675495469,-1.1277004885130153,2,Konservatif HNW (Grup 3),605000,254.0,4.75,83.611
0.42798405218566454,-1.7847245466829058,2,Konservatif HNW (Grup 3),665000,276.0,2.95,80.0
-0.47425306704468645,-0.845925985120693,2,Konservatif HNW (Grup 3),175000,120.0,,
0.6360670640027315,-1.3644685084995556,2,Konservatif HNW (Grup 3),295000,188.0,,85.0
-1.8277219684290416,-1.6463510865836393,2,Konservatif HNW (Grup 3),355000,111.0,4.125,80.0
1.1113164490549872,-1.4678070804769698,2,Konservatif HNW (Grup 3),495000,205.0,3.875,69.014
0.696530240454361,-0.5733941413527991,2,Konservatif HNW (Grup 3),925000,269.0,4.625,80.0
1.8703092495099765,-1.3473302040605903,2,Konservatif HNW (Grup 3),195000,190.0,4.2,45.78
0.28066412524064593,-0.4846218278366344,2,Konservatif HNW (Grup 3),545000,160.0,4.99,80.0
1.2168378531826178,-1.5696945517955927,2,Konservatif HNW (Grup 3),455000,291.0,3.824,80.0
2.593897842965549,-2.356871171415381,2,Konservatif HNW (Grup 3),1575000,275.0,3.125,84.666
-0.796806377978571,-1.9391059392174708,2,Konservatif HNW (Grup 3),185000,72.0,5.5,47.37
-0.058012850481948396,-1.8058214001856459,2,Konservatif HNW (Grup 3),185000,91.0,,
-0.37886149454382834,-2.1648252988329384,2,Konservatif HNW (Grup 3),65000,88.0,5.375,85.0
0.875365364964758,-1.5355948337506098,2,Konservatif HNW (Grup 3),185000,102.0,5.75,90.0
0.17127989454203663,-0.4679134860607527,2,Konservatif HNW (Grup 3),105000,93.0,,
-1.3260140520646495,-1.7288912462040578,2,Konservatif HNW (Grup 3),115000,102.0,6.25,42.265
-0.7837755790691108,1.1637392445311012,2,Konservatif HNW (Grup 3),295000,73.0,,
1.3673534553987607,-1.3648983279871094,2,Konservatif HNW (Grup 3),165000,17.0,5.0,26.23
1.2676630618063855,-1.7014481569721032,2,Konservatif HNW (Grup 3),395000,125.0,,
-0.3874721242529485,-1.1818663219733643,2,Konservatif HNW (Grup 3),135000,66.0,2.874,41.59
1.1279183999796645,-1.2990823470779962,2,Konservatif HNW (Grup 3),195000,92.0,5.0,68.663
-1.5209279518443393,-1.0571086461274848,2,Konservatif HNW (Grup 3),295000,161.0,4.375,80.0
1.831710423121658,-1.2444113223715363,2,Konservatif HNW (Grup 3),85000,102.0,,
-0.9843466241377032,-3.3831206558688125,2,Konservatif HNW (Grup 3),185000,95.0,,
-1.8452031150617332,-1.9908660431792602,2,Konservatif HNW (Grup 3),125000,54.0,4.375,80.0
0.5469371141867004,-1.603151946550144,2,Konservatif HNW (Grup 3),695000,273.0,,
0.2739717572407641,-1.7271674099357235,2,Konservatif HNW (Grup 3),505000,96.0,,
1.0667473164141055,-1.2678159544608494,2,Konservatif HNW (Grup 3),235000,213.0,,
2.2394050090806163,-1.201737039744543,2,Konservatif HNW (Grup 3),985000,500.0,4.625,80.0
1.8314232956017302,-0.3160521378719859,2,Konservatif HNW (Grup 3),2805000,,2.5,80.0
-0.6779149629666367,-1.897336023308813,2,Konservatif HNW (Grup 3),85000,128.0,4.0,79.95
2.3391012892370924,-1.2390253070499877,2,Konservatif HNW (Grup 3),575000,161.0,5.75,90.0
1.4523958476139596,-1.3862468505968477,2,Konservatif HNW (Grup 3),235000,112.0,6.125,74.803
-0.19062193628813887,-1.133790356777562,2,Konservatif HNW (Grup 3),75000,88.0,8.25,
0.7276434217512182,-1.5688321746316942,2,Konservatif HNW (Grup 3),125000,96.0,4.5,84.06
1.3430742267259819,-1.3670917349380594,2,Konservatif HNW (Grup 3),175000,93.0,3.375,76.087
1.9378988144941236,-1.0762211035427665,2,Konservatif HNW (Grup 3),85000,121.0,4.2,70.0
1.9071428176320047,-0.7503653009040349,2,Konservatif HNW (Grup 3),255000,,2.99,81.465
1.2637612918256784,-2.31255286467951,2,Konservatif HNW (Grup 3),315000,69.0,5.25,100.0
-0.9741629974353521,-1.8013761858785233,2,Konservatif HNW (Grup 3),155000,139.0,,
1.9489271465424514,-1.1732539454913342,2,Konservatif HNW (Grup 3),45000,155.0,3.99,72.168
-0.24788982808922608,-2.6589918988511534,2,Konservatif HNW (Grup 3),195000,36.0,5.5,96.5
-0.6290075215688031,-1.2464785804578573,2,Konservatif HNW (Grup 3),315000,117.0,4.25,74.824
-0.7072632815894578,-1.6745422394082694,2,Konservatif HNW (Grup 3),105000,92.0,,80.0
-0.7027773468014524,-2.2859681461231043,2,Konservatif HNW (Grup 3),535000,913.0,3.625,73.388
0.5009604109447597,-2.110254631548034,2,Konservatif HNW (Grup 3),335000,,5.0,
0.8795529367261271,-1.2850886426604295,2,Konservatif HNW (Grup 3),965000,475.0,5.35,73.8
-0.7352100214905588,-1.0663642791159957,2,Konservatif HNW (Grup 3),455000,303.0,4.75,75.0
-0.7460287032519095,-1.2716347878663135,2,Konservatif HNW (Grup 3),265000,131.0,,
2.676026597972714,-0.6170094583936299,2,Konservatif HNW (Grup 3),935000,320.0,3.75,89.96
-0.12974849438013583,-1.2290614545374352,2,Konservatif HNW (Grup 3),35000,113.0,,92.048
-0.6494065761634171,-1.2670356521036532,2,Konservatif HNW (Grup 3),155000,185.0,6.74,63.149
0.19310569021703983,-1.8987640201222866,2,Konservatif HNW (Grup 3),435000,71.0,4.375,95.0
1.2072753899502113,-0.6410849119385307,2,Konservatif HNW (Grup 3),225000,152.0,,
0.17370157444662493,-1.4317965387009246,2,Konservatif HNW (Grup 3),75000,272.0,1.49,79.979
0.052258734659701205,-1.8783035971860391,2,Konservatif HNW (Grup 3),445000,166.0,3.125,100.0
-1.4216450881191345,-2.69082935295302,2,Konservatif HNW (Grup 3),325000,217.0,,
-0.3456211271814086,-1.9910839389664627,2,Konservatif HNW (Grup 3),105000,50.0,,
-0.8739673435296558,-1.7567512523063524,2,Konservatif HNW (Grup 3),325000,37.0,2.44,
1.4074656915304935,-1.0895555025074235,2,Konservatif HNW (Grup 3),155000,162.0,,85.072
0.006459255783784548,-1.5179173750472061,2,Konservatif HNW (Grup 3),355000,128.0,,
-0.3947559134012679,-0.9915071617934311,2,Konservatif HNW (Grup 3),115000,,,71.17
-1.1819988551209148,-2.288350124522267,2,Konservatif HNW (Grup 3),315000,96.0,5.375,68.764
2.4854446718397,-1.0637674569574533,2,Konservatif HNW (Grup 3),95000,151.0,2.5,86.634
0.8714287589584003,-1.4171967989177185,2,Konservatif HNW (Grup 3),375000,66.0,,
-0.6677425416815833,-2.3255619051830507,2,Konservatif HNW (Grup 3),405000,95.0,4.75,96.5
-1.0401513566007734,-2.31477928929833,2,Konservatif HNW (Grup 3),405000,113.0,3.99,80.0
0.2990135920703801,-1.228023684423211,2,Konservatif HNW (Grup 3),275000,74.0,,
1.1507486444510215,-1.4284256530277075,2,Konservatif HNW (Grup 3),395000,167.0,,
0.28110814190933253,-1.2938053980510573,2,Konservatif HNW (Grup 3),185000,103.0,,
0.5818231340963155,-0.3259333780198938,2,Konservatif HNW (Grup 3),645000,213.0,4.125,70.0
0.39357838325852884,-1.4424779227077091,2,Konservatif HNW (Grup 3),325000,160.0,8.5,51.538
0.5738228005285637,-1.5162505372948145,2,Konservatif HNW (Grup 3),145000,52.0,4.5,59.67
0.8624534524698351,-2.0001011653430516,2,Konservatif HNW (Grup 3),555000,230.0,6.25,90.0
1.256435239736969,-1.442235616221155,2,Konservatif HNW (Grup 3),425000,260.0,,
-0.0435620232632193,-2.5977292218774175,2,Konservatif HNW (Grup 3),25000,69.0,4.5,68.475
1.377121758709676,-1.2183239792798009,2,Konservatif HNW (Grup 3),965000,229.0,3.625,100.0
0.1579775166334814,-1.5369415064960874,2,Konservatif HNW (Grup 3),165000,60.0,,96.5
-0.13940390549451967,-2.66339747673427,2,Konservatif HNW (Grup 3),95000,105.0,,
2.192639136615652,-1.3252446478015103,2,Konservatif HNW (Grup 3),245000,621.0,6.25,55.307
1.8342828010947334,-1.4152221218325534,2,Konservatif HNW (Grup 3),475000,154.0,,
0.03526731002807457,-1.4696198043211561,2,Konservatif HNW (Grup 3),145000,58.0,3.99,95.0
1.1001055706820795,-1.4299145683744554,2,Konservatif HNW (Grup 3),55000,,3.6,79.97
-0.990107937351069,-1.816220442777212,2,Konservatif HNW (Grup 3),145000,251.0,6.95,80.0
0.7394506028748434,-1.6505085876253585,2,Konservatif HNW (Grup 3),145000,59.0,,
0.24080505909063368,-2.0326884788350275,2,Konservatif HNW (Grup 3),495000,200.0,,
0.3472371988540114,-1.63444768160273,2,Konservatif HNW (Grup 3),55000,83.0,,
1.4364207616255702,-0.9962778540164404,2,Konservatif HNW (Grup 3),65000,67.0,,
1.1716117715526937,-0.9622024824150304,2,Konservatif HNW (Grup 3),85000,65.0,4.25,20.0
0.2827602285531725,-1.9276869737793838,2,Konservatif HNW (Grup 3),855000,339.0,,
0.29163561069485766,-1.662158385750276,2,Konservatif HNW (Grup 3),75000,,4.8,74.769
0.764006702912323,-0.560638883429344,2,Konservatif HNW (Grup 3),285000,164.0,,
0.1832224144663137,-2.0139818520548287,2,Konservatif HNW (Grup 3),325000,72.0,5.375,
2.1776495101359687,-1.0391572001457074,2,Konservatif HNW (Grup 3),205000,188.0,7.5,32.817
0.7493062598251634,-1.8281883032807438,2,Konservatif HNW (Grup 3),165000,53.0,2.49,80.0
2.3895894270233216,-1.0308161610512878,2,Konservatif HNW (Grup 3),45000,175.0,9.91,89.887
-0.004013228173179257,-2.2478261918831888,2,Konservatif HNW (Grup 3),85000,205.0,,89.92
-0.9355374910140799,-2.353784208782996,2,Konservatif HNW (Grup 3),35000,96.0,,
1.764542341989643,-2.498544135795616,2,Konservatif HNW (Grup 3),185000,106.0,5.875,90.0
1.5941967373431245,-1.2320025109704542,2,Konservatif HNW (Grup 3),55000,112.0,,88.655
0.8321867768531714,-1.1317045072380825,2,Konservatif HNW (Grup 3),465000,226.0,5.625,80.0
1.1303024446540748,-1.0796640121722332,2,Konservatif HNW (Grup 3),245000,96.0,2.75,48.0
1.054004179918205,-1.3048410583903616,2,Konservatif HNW (Grup 3),525000,183.0,,
-0.7208236412838336,-1.898360989625315,2,Konservatif HNW (Grup 3),305000,220.0,3.875,
-1.4850428790832204,-2.4339652678320483,2,Konservatif HNW (Grup 3),165000,86.0,5.625,85.816
-1.1897673845113859,-1.766955553420106,2,Konservatif HNW (Grup 3),105000,80.0,3.875,73.32
0.5234741784851132,-0.7986869047453662,2,Konservatif HNW (Grup 3),65000,124.0,6.99,61.315
-0.6858323745322792,-1.7753007634794837,2,Konservatif HNW (Grup 3),345000,122.0,5.125,95.0
2.102935210020739,-1.1094397074386229,2,Konservatif HNW (Grup 3),475000,153.0,,
-0.29094516919164143,-3.619131891801418,2,Konservatif HNW (Grup 3),725000,632.0,6.425,66.018
-1.0112528889422763,-2.0948858340389727,2,Konservatif HNW (Grup 3),215000,68.0,4.625,65.63
2.7641910532173624,-2.4548450311474017,2,Konservatif HNW (Grup 3),755000,209.0,,
-0.8682237934644776,-2.0171771363158792,2,Konservatif HNW (Grup 3),265000,174.0,4.99,92.93
0.7464145591994724,-0.10650796864194534,2,Konservatif HNW (Grup 3),905000,360.0,,78.97
-1.1355637723641225,-1.764486261763147,2,Konservatif HNW (Grup 3),945000,27.0,3.75,96.5
1.1176022333801092,-1.3952089803727958,2,Konservatif HNW (Grup 3),365000,155.0,4.75,80.0
-1.1906383729951662,-1.9531773978212659,2,Konservatif HNW (Grup 3),2245000,865.0,4.375,80.0
0.2309754912168603,-1.3768216242646643,2,Konservatif HNW (Grup 3),55000,121.0,4.0,10.823
-0.3434639879162648,-2.361636052938961,2,Konservatif HNW (Grup 3),135000,68.0,6.625,101.5
1.044003080708859,-1.4598624829153721,2,Konservatif HNW (Grup 3),1505000,319.0,,
0.5585961451784293,-1.602589795449061,2,Konservatif HNW (Grup 3),495000,296.0,5.975,
0.4717414486519905,-2.0425707702997795,2,Konservatif HNW (Grup 3),365000,102.0,5.125,100.0
2.0521809881246424,-1.1055634948869224,2,Konservatif HNW (Grup 3),145000,355.0,3.75,24.167
0.801770933942026,-1.4997296307498813,2,Konservatif HNW (Grup 3),255000,119.0,2.75,67.0
-0.36965329094282423,-1.4314055296252677,2,Konservatif HNW (Grup 3),395000,117.0,3.875,57.778
1.0355580740509012,-1.5953209511966606,2,Konservatif HNW (Grup 3),125000,175.0,4.29,79.889
-0.9578388675885119,-1.3933573842540186,2,Konservatif HNW (Grup 3),185000,117.0,,
-1.0197279334253457,-1.3971342850795985,2,Konservatif HNW (Grup 3),55000,99.0,4.49,61.931
1.0315051307008376,-1.3028595612306217,2,Konservatif HNW (Grup 3),375000,141.0,,
0.944113311176136,0.06659661384118182,2,Konservatif HNW (Grup 3),355000,68.0,,44.5
1.1325549718162407,-1.1987167900232656,2,Konservatif HNW (Grup 3),335000,143.0,4.375,86.842
2.106118558977092,-1.1618762351408676,2,Konservatif HNW (Grup 3),525000,155.0,4.0,100.0
1.0544545717952452,-1.4077708327817082,2,Konservatif HNW (Grup 3),45000,52.0,6.5,41.95
0.5905334746738137,-0.32806696314841494,2,Konservatif HNW (Grup 3),365000,122.0,4.375,80.0
0.3307083802855683,-3.486740034050352,2,Konservatif HNW (Grup 3),95000,140.0,5.24,43.109
0.021545176612861684,-1.648474240010158,2,Konservatif HNW (Grup 3),35000,60.0,,19.05
0.9979768135223418,-1.5718073745920746,2,Konservatif HNW (Grup 3),275000,85.0,2.99,67.0
1.1031546452511998,-1.465599467221216,2,Konservatif HNW (Grup 3),275000,143.0,5.25,80.0
-1.1383525767808922,-2.3297006972526573,2,Konservatif HNW (Grup 3),365000,114.0,5.125,100.43
-0.7383127237247079,-2.9379332439168433,2,Konservatif HNW (Grup 3),265000,126.0,,80.0
-1.6148980846116778,-2.1207735772497287,2,Konservatif HNW (Grup 3),325000,76.0,4.75,80.0
-0.2850482883226645,-1.4381935332441471,2,Konservatif HNW (Grup 3),345000,180.0,3.625,74.1
1.6560128503913658,-1.3074114771038445,2,Konservatif HNW (Grup 3),315000,134.0,4.375,69.933
1.4061608287705019,-0.8852385502639246,2,Konservatif HNW (Grup 3),345000,277.0,3.99,75.27
0.542415115980561,-0.34085017321855915,2,Konservatif HNW (Grup 3),275000,,2.99,
1.9890809032932508,-1.6191116634279703,2,Konservatif HNW (Grup 3),245000,70.0,3.5,75.862
1.595640584613138,-1.167106820075483,2,Konservatif HNW (Grup 3),565000,288.0,3.875,79.02
2.1861397770304687,-1.3972940209617086,2,Konservatif HNW (Grup 3),575000,124.0,5.25,98.189
1.298658147104709,-1.6040002039523449,2,Konservatif HNW (Grup 3),155000,161.0,,100.806
-0.6506404130180782,-1.693775045281957,2,Konservatif HNW (Grup 3),105000,103.0,6.75,50.25
-1.2643085753806058,-1.9269043894301212,2,Konservatif HNW (Grup 3),165000,65.0,5.5,74.0
-0.46682928348204783,-1.1457224789525469,2,Konservatif HNW (Grup 3),285000,167.0,5.125,
0.1996692056886221,-2.0378020264042234,2,Konservatif HNW (Grup 3),155000,256.0,5.29,81.582
-1.6245863550293398,-2.3560882958696396,2,Konservatif HNW (Grup 3),165000,76.0,5.125,96.5
1.9881237545738413,-1.2457284115641163,2,Konservatif HNW (Grup 3),45000,87.0,,
-0.6577780249604157,-2.041437001652549,2,Konservatif HNW (Grup 3),305000,,2.75,
1.8941442234005026,-1.4039289737101752,2,Konservatif HNW (Grup 3),455000,142.0,,
0.05142764122813309,-2.3259627836902026,2,Konservatif HNW (Grup 3),365000,,,
-3.632071937884655,-2.650818054783793,2,Konservatif HNW (Grup 3),25000,36.0,,
1.7499752046066328,-0.4249183109642674,2,Konservatif HNW (Grup 3),45000,95.0,,55.471
-0.5628657443388727,-0.9064555892983909,2,Konservatif HNW (Grup 3),465000,140.0,,
0.04189122518384909,-1.9255849916415235,2,Konservatif HNW (Grup 3),365000,271.0,4.75,80.0
3.5418440584453164,-1.9369709048701058,2,Konservatif HNW (Grup 3),455000,127.0,,
-1.727277213787029,-2.345338904873973,2,Konservatif HNW (Grup 3),235000,179.0,3.25,79.0
-0.12165535124062095,-2.1434901701348723,2,Konservatif HNW (Grup 3),335000,195.0,3.375,100.0
1.9059605576062142,-1.4709436893101833,2,Konservatif HNW (Grup 3),1365000,483.0,3.875,80.0
-0.9952791103961558,-2.479120765802353,2,Konservatif HNW (Grup 3),115000,129.0,5.5,70.0
0.5835473388182303,-1.4081461784812364,2,Konservatif HNW (Grup 3),185000,192.0,3.99,80.0
-0.8591713005584013,-2.22773183229943,2,Konservatif HNW (Grup 3),105000,80.0,4.875,74.816
1.4341148833985293,-2.0680377665693084,2,Konservatif HNW (Grup 3),105000,256.0,4.75,44.42
2.354841220491502,-1.2857883396574166,2,Konservatif HNW (Grup 3),235000,179.0,2.625,58.0
1.1093330033938251,-1.503696368470121,2,Konservatif HNW (Grup 3),495000,96.0,3.875,80.0
0.4616459403372674,-1.2137045018917954,2,Konservatif HNW (Grup 3),435000,576.0,4.625,70.0
1.5412320105332171,-1.684134602784516,2,Konservatif HNW (Grup 3),105000,177.0,4.25,44.52
0.6215803643818721,-0.5406661897355559,2,Konservatif HNW (Grup 3),35000,150.0,,52.3
0.08979741853173645,-2.0178547636329287,2,Konservatif HNW (Grup 3),195000,131.0,4.625,83.037
0.9006201485193152,-1.5380526671307533,2,Konservatif HNW (Grup 3),95000,27.0,,
-1.1597569522781963,-2.2789621111503853,2,Konservatif HNW (Grup 3),85000,166.0,,
1.2122806362501564,-1.6618227214356476,2,Konservatif HNW (Grup 3),255000,91.0,5.625,71.945
-0.5957835016625713,-0.41557443998134164,2,Konservatif HNW (Grup 3),325000,165.0,7.125,90.0
-1.062657555449271,-2.0430703387023263,2,Konservatif HNW (Grup 3),25000,69.0,8.5,97.0
-1.1778831307425957,-2.1472228109926412,2,Konservatif HNW (Grup 3),145000,105.0,4.375,95.0
-0.4324456719224963,-1.7556518725963672,2,Konservatif HNW (Grup 3),425000,90.0,4.25,65.38
1.1224977224308668,-0.9006975145293102,2,Konservatif HNW (Grup 3),75000,113.0,5.25,19.0
1.5379500902818362,-1.232903018553491,2,Konservatif HNW (Grup 3),305000,220.0,2.99,37.5
1.1162815704298907,-1.4274451202760932,2,Konservatif HNW (Grup 3),25000,96.0,,
0.43618427250764197,-1.3610264334572204,2,Konservatif HNW (Grup 3),415000,92.0,,85.62
1.2717483771187663,-0.7552151723385988,2,Konservatif HNW (Grup 3),145000,129.0,,
1.9371857310680363,-1.361675638589424,2,Konservatif HNW (Grup 3),155000,82.0,,
1.8112828412139637,-1.431061389293193,2,Konservatif HNW (Grup 3),305000,254.0,6.125,80.0
1.537667836363912,-1.4425861522935601,2,Konservatif HNW (Grup 3),405000,162.0,4.125,80.0
1.4622423088659158,-1.7362014127827679,2,Konservatif HNW (Grup 3),375000,80.0,5.8,62.438
0.5204409536697712,-0.1355891479679092,2,Konservatif HNW (Grup 3),135000,143.0,5.17,60.61
2.2998677177194895,-1.8941819732050373,2,Konservatif HNW (Grup 3),465000,133.0,3.625,59.0
-0.002678045570294684,-2.878463100013714,2,Konservatif HNW (Grup 3),75000,64.0,8.55,
-1.030411184584007,-1.8316403586044725,2,Konservatif HNW (Grup 3),325000,103.0,3.625,95.0
0.5177669487558894,-1.50493628165239,2,Konservatif HNW (Grup 3),15000,70.0,,66.5
1.7245718951891895,-1.3731465054707552,2,Konservatif HNW (Grup 3),1115000,333.0,,
-0.24429680940595805,-2.0579147188259235,2,Konservatif HNW (Grup 3),265000,67.0,,
0.04609135699719637,-1.2349303615574245,2,Konservatif HNW (Grup 3),475000,241.0,4.25,74.016
-1.2058007510171127,-1.1897511184495642,2,Konservatif HNW (Grup 3),315000,121.0,3.99,94.75
1.9960134842713573,-1.0524686501563538,2,Konservatif HNW (Grup 3),255000,94.0,,
0.6302448903580297,-1.3283813904466175,2,Konservatif HNW (Grup 3),355000,95.0,,
2.0645026423626556,-1.4109727554332998,2,Konservatif HNW (Grup 3),275000,131.0,,
-0.9577987055925762,-2.0212241662143593,2,Konservatif HNW (Grup 3),195000,78.0,2.375,47.805
-3.353860362375178,-3.5767626193025626,2,Konservatif HNW (Grup 3),615000,298.0,4.99,95.0
-1.363877383055552,-2.0947933162183214,2,Konservatif HNW (Grup 3),45000,74.0,,
0.44003083419839034,-1.8802873471515833,2,Konservatif HNW (Grup 3),65000,49.0,2.84,43.609
-0.34503104956706004,-1.188868850240822,2,Konservatif HNW (Grup 3),535000,133.0,6.5,100.427
0.25243807320669415,0.433142020547255,2,Konservatif HNW (Grup 3),625000,118.0,3.5,69.444
1.8500489016436361,-1.166716972553386,2,Konservatif HNW (Grup 3),1145000,311.0,,
0.6080590533581193,0.16158326306024023,2,Konservatif HNW (Grup 3),275000,101.0,3.99,
-3.6119838880994664,-2.642932008556752,2,Konservatif HNW (Grup 3),275000,82.0,4.5,84.375
2.257100084657811,-1.1771564775743057,2,Konservatif HNW (Grup 3),35000,95.0,6.78,53.979
0.022259299768000514,-1.5245427276425263,2,Konservatif HNW (Grup 3),255000,160.0,4.0,33.113
0.6074059182940977,-2.2603519587867305,2,Konservatif HNW (Grup 3),305000,135.0,1.99,30.0
0.4176861086975963,-1.8735836210004946,2,Konservatif HNW (Grup 3),305000,92.0,,
0.32070483121439175,-1.5505676625147622,2,Konservatif HNW (Grup 3),35000,109.0,3.0,75.442
1.7434904714419226,-1.817715837459123,2,Konservatif HNW (Grup 3),35000,210.0,4.0,80.45
-0.7975429835373486,-1.861283195018317,2,Konservatif HNW (Grup 3),145000,27.0,,
-1.5814205419317477,-1.7890719438580451,2,Konservatif HNW (Grup 3),155000,116.0,4.375,80.0
0.95756979675429,-1.3345060217039628,2,Konservatif HNW (Grup 3),145000,80.0,2.99,52.73
1.585621584898968,-1.6608020479237189,2,Konservatif HNW (Grup 3),375000,151.0,3.625,90.0
0.27195516203397846,-1.4271971586334742,2,Konservatif HNW (Grup 3),155000,155.0,1.74,32.26
1.6922331794998633,-1.2414844519966513,2,Konservatif HNW (Grup 3),445000,115.0,2.5,
-0.15069978172701795,-1.7018021156732872,2,Konservatif HNW (Grup 3),385000,250.0,3.875,75.0
-1.0680644668352515,-1.4157087592715762,2,Konservatif HNW (Grup 3),145000,240.0,,38.158
0.8020400057903659,-1.426571088527806,2,Konservatif HNW (Grup 3),225000,113.0,4.25,
-1.0035131100573167,-1.1775113969162117,2,Konservatif HNW (Grup 3),325000,78.0,4.875,86.25
0.7126484678274619,-2.714382748929862,2,Konservatif HNW (Grup 3),365000,129.0,7.5,80.0
5.419535409859354,1.796863579597674,1,Peminjam Agresif (Grup 2),35000,158.0,8.75,43.445
0.1379818371046967,0.9452681627491197,1,Peminjam Agresif (Grup 2),585000,159.0,,139.524
3.221007140555572,0.9542402918591046,1,Peminjam Agresif (Grup 2),315000,120.0,4.625,46.324
0.03410514489710624,0.44416265865379206,1,Peminjam Agresif (Grup 2),475000,88.0,3.375,
0.3518298440127418,1.3529650754931781,1,Peminjam Agresif (Grup 2),425000,109.0,6.375,
0.7210195217537196,0.7630621550958209,1,Peminjam Agresif (Grup 2),335000,60.0,,
1.7322014146246734,1.0021938873202332,1,Peminjam Agresif (Grup 2),325000,74.0,,
0.0919996290266844,0.5842648409042893,1,Peminjam Agresif (Grup 2),335000,,6.125,
0.6562199024587636,0.5285178661441325,1,Peminjam Agresif (Grup 2),85000,44.0,7.125,69.92
1.2291791122731466,0.8216730596335079,1,Peminjam Agresif (Grup 2),515000,,2.75,
0.8013471513723714,1.1029035075767992,1,Peminjam Agresif (Grup 2),285000,86.0,6.5,95.0
1.672587341774678,0.370720636186961,1,Peminjam Agresif (Grup 2),425000,82.0,3.5,90.0
1.451232905314959,1.1245071527832586,1,Peminjam Agresif (Grup 2),85000,53.0,,105.7
1.733932096904212,0.6155199154396778,1,Peminjam Agresif (Grup 2),305000,59.0,5.5,75.0
0.6016859547553124,0.9621441629018841,1,Peminjam Agresif (Grup 2),305000,72.0,,
2.583694038351466,1.4535574202206094,1,Peminjam Agresif (Grup 2),235000,120.0,3.99,70.0
0.5124128748367798,1.034342121837486,1,Peminjam Agresif (Grup 2),365000,,5.375,
2.9542318597404083,-0.06812086384268362,1,Peminjam Agresif (Grup 2),235000,234.0,2.5,50.0
2.9812454875022882,1.9862004211005986,1,Peminjam Agresif (Grup 2),275000,167.0,,73.0377
0.5917726122871476,0.9635470730510209,1,Peminjam Agresif (Grup 2),125000,100.0,8.99,68.1
1.3911923562645185,0.6791495982850847,1,Peminjam Agresif (Grup 2),325000,135.0,4.999,95.0
0.03847275388007214,-0.05274756415895193,1,Peminjam Agresif (Grup 2),575000,185.0,4.0,
1.065025134845579,1.1028137762934607,1,Peminjam Agresif (Grup 2),205000,73.0,4.375,65.0
1.8777965669670373,-0.5078612369072344,1,Peminjam Agresif (Grup 2),195000,315.0,3.99,78.93
0.7508502492883427,0.9633502512015464,1,Peminjam Agresif (Grup 2),385000,,5.575,
0.9698351955388894,1.4823195191691405,1,Peminjam Agresif (Grup 2),495000,,3.75,
1.0641744745010826,0.2690218240030971,1,Peminjam Agresif (Grup 2),295000,94.0,6.875,80.0
0.7191769805527289,0.5443727446199943,1,Peminjam Agresif (Grup 2),485000,,3.625,
1.1680916363475353,1.04949216331411,1,Peminjam Agresif (Grup 2),75000,90.0,,
1.7379280430248927,0.9624731124883132,1,Peminjam Agresif (Grup 2),985000,550.0,4.875,
0.6537371729744783,0.5939373663946697,1,Peminjam Agresif (Grup 2),435000,145.0,2.99,
0.43266885489452783,0.7696146714458445,1,Peminjam Agresif (Grup 2),235000,56.0,5.99,69.55
0.517950850938574,1.1243115133920685,1,Peminjam Agresif (Grup 2),125000,40.0,,96.5
1.1725377670494725,1.147109999937565,1,Peminjam Agresif (Grup 2),305000,127.0,4.99,80.0
0.38686530057875934,1.4609605650730928,1,Peminjam Agresif (Grup 2),415000,96.0,,
-0.06365304488657585,0.4612331247286456,1,Peminjam Agresif (Grup 2),175000,65.0,3.625,97.66
0.8782425827552224,1.0229770128502647,1,Peminjam Agresif (Grup 2),385000,,5.75,
0.8297704418287466,0.9788223578576497,1,Peminjam Agresif (Grup 2),295000,11.0,3.48,
2.006244011023304,-0.04532457535772501,1,Peminjam Agresif (Grup 2),405000,119.0,,75.146
0.6740752608383516,0.7080660905432453,1,Peminjam Agresif (Grup 2),115000,63.0,5.625,44.0
0.41953831339979103,0.5103894411699826,1,Peminjam Agresif (Grup 2),385000,233.0,5.625,75.0
1.7734822675531825,1.0261973351779188,1,Peminjam Agresif (Grup 2),295000,125.0,4.875,70.0
0.7712034060573466,0.35972598641452574,1,Peminjam Agresif (Grup 2),505000,131.0,,69.44
1.5661606614076942,0.8686656212625974,1,Peminjam Agresif (Grup 2),225000,132.0,,
1.9928176237011885,0.9785553891175094,1,Peminjam Agresif (Grup 2),275000,66.0,,
0.6227504498580518,0.9783683558154156,1,Peminjam Agresif (Grup 2),155000,376.0,5.0,69.79
0.5121358894121335,0.7343780591375594,1,Peminjam Agresif (Grup 2),275000,117.0,6.25,95.0
0.7598870380618094,0.9600525502770056,1,Peminjam Agresif (Grup 2),215000,71.0,,
1.9910793798128452,0.7102043543038907,1,Peminjam Agresif (Grup 2),535000,390.0,,
0.8232418057066987,1.659572017997363,1,Peminjam Agresif (Grup 2),445000,83.0,,
0.5622489557079896,1.2759621144475204,1,Peminjam Agresif (Grup 2),75000,44.0,,
0.45359724773085985,0.6842490312936642,1,Peminjam Agresif (Grup 2),35000,186.0,3.0,79.99
0.9781132162598973,0.8391040166811164,1,Peminjam Agresif (Grup 2),215000,61.0,6.0,
1.3003952462279702,1.174128949108756,1,Peminjam Agresif (Grup 2),545000,137.0,5.125,96.5
1.1169788801636713,1.1103523910477207,1,Peminjam Agresif (Grup 2),975000,295.0,4.375,78.947
0.783354507241971,0.9360710183004851,1,Peminjam Agresif (Grup 2),35000,240.0,4.5,74.467
2.6012556940717455,-1.097892836096511,1,Peminjam Agresif (Grup 2),25000,96.0,3.5,79.995
3.196738667164912,1.2303711085639202,1,Peminjam Agresif (Grup 2),215000,348.0,6.124,75.0
1.533610151910417,0.6758232617395904,1,Peminjam Agresif (Grup 2),475000,,5.499,
1.1574217082887075,0.8544146685716656,1,Peminjam Agresif (Grup 2),265000,69.0,,96.5
0.046354396790413255,2.8689368054320266,1,Peminjam Agresif (Grup 2),1705000,2163.0,4.875,59.0
2.8757340235919684,-1.365755861797234,1,Peminjam Agresif (Grup 2),755000,961.0,2.55,16.67
2.456147176277814,1.1960202039553585,1,Peminjam Agresif (Grup 2),725000,2065.0,5.75,
1.0274201876797175,-0.1146055910460716,1,Peminjam Agresif (Grup 2),285000,365.0,4.375,75.0
1.3949484601836544,1.1189520115159168,1,Peminjam Agresif (Grup 2),405000,,5.625,
2.2590369036372824,1.2352410768835445,1,Peminjam Agresif (Grup 2),275000,50.0,3.625,90.0
0.6919387260693084,0.5240310967776376,1,Peminjam Agresif (Grup 2),595000,,3.5,
2.2071574021009943,0.7987504085577487,1,Peminjam Agresif (Grup 2),55000,46.0,,68.17
1.1286569727332134,1.4746238245383678,1,Peminjam Agresif (Grup 2),845000,232.0,,
1.4523539864060218,0.7569955538598803,1,Peminjam Agresif (Grup 2),405000,93.0,4.6,
0.6481370869284228,0.9337847901412837,1,Peminjam Agresif (Grup 2),405000,85.0,4.625,71.88
1.2706783931575012,0.962664881129297,1,Peminjam Agresif (Grup 2),645000,,4.75,
0.45075247461047335,1.549930899338288,1,Peminjam Agresif (Grup 2),135000,,4.25,86.0
1.029511721075731,0.8537723706890666,1,Peminjam Agresif (Grup 2),15000,19.0,5.75,34.531
0.6144306470313365,0.878221598807448,1,Peminjam Agresif (Grup 2),255000,342.0,3.24,50.52
0.8597920049489807,0.8697590572286135,1,Peminjam Agresif (Grup 2),305000,90.0,,68.539
1.752140643425336,0.36925896448547724,1,Peminjam Agresif (Grup 2),325000,106.0,6.5,80.0
0.9296760285342469,0.7053010273989482,1,Peminjam Agresif (Grup 2),305000,,,
3.2828096745943793,1.4897113967723197,1,Peminjam Agresif (Grup 2),375000,86.0,6.5,98.464
3.2659982093168836,4.51718049524342,1,Peminjam Agresif (Grup 2),535000,291.0,,
-0.03557883211378031,0.42900321353120086,1,Peminjam Agresif (Grup 2),55000,52.0,6.25,35.4
0.11225200537538092,0.6665751925639708,1,Peminjam Agresif (Grup 2),145000,195.0,,75.0
0.1890704685539517,1.0525934779749664,1,Peminjam Agresif (Grup 2),255000,,5.75,
1.3159926310647618,1.1465880109061368,1,Peminjam Agresif (Grup 2),465000,,3.4,
2.2583436736800078,0.9024686713940069,1,Peminjam Agresif (Grup 2),315000,,4.5,
1.789818714281965,0.7290975323160293,1,Peminjam Agresif (Grup 2),955000,218.0,4.875,80.0
1.3808942868286884,1.1933535214456041,1,Peminjam Agresif (Grup 2),45000,145.0,,83.8
1.1565006841893262,1.127158563804591,1,Peminjam Agresif (Grup 2),405000,96.0,3.19,36.0
0.7266145307275421,0.9602035697111877,1,Peminjam Agresif (Grup 2),15000,141.0,0.0,97.439
0.9214850746342408,0.7878852877032008,1,Peminjam Agresif (Grup 2),215000,65.0,,
1.1081972071160835,1.3038081320173744,1,Peminjam Agresif (Grup 2),245000,220.0,5.25,90.0
1.8344338205584143,1.1720351498710042,1,Peminjam Agresif (Grup 2),355000,151.0,6.125,90.0
0.7740860220700493,0.9980883136321699,1,Peminjam Agresif (Grup 2),255000,27.0,,50.9
3.5408395876193914,1.5570037531367307,1,Peminjam Agresif (Grup 2),305000,92.0,,
1.0910500272555201,1.121401151793987,1,Peminjam Agresif (Grup 2),195000,41.0,,80.0
0.7661037157978029,1.2360668297974933,1,Peminjam Agresif (Grup 2),265000,57.0,3.25,80.0
0.7495796751339087,1.2254890351758723,1,Peminjam Agresif (Grup 2),215000,65.0,4.375,71.078
0.2560624978150424,0.8030352327348447,1,Peminjam Agresif (Grup 2),185000,65.0,2.875,83.889
0.799162484164632,1.1403276395004203,1,Peminjam Agresif (Grup 2),25000,23.0,,45.455
2.239755146738701,1.7371101628921148,1,Peminjam Agresif (Grup 2),35000,100.0,2.75,73.551
0.43292090157390367,1.0738574423410634,1,Peminjam Agresif (Grup 2),55000,45.0,,114.896
0.2312283812051654,0.7232679896463262,1,Peminjam Agresif (Grup 2),105000,135.0,,94.38
3.7705257726308274,-1.4359081873721349,1,Peminjam Agresif (Grup 2),845000,121.0,,79.096
0.5530685340792786,0.6954107401628409,1,Peminjam Agresif (Grup 2),325000,,3.25,
1.1447474709380185,0.9637497192770632,1,Peminjam Agresif (Grup 2),365000,96.0,,
0.1338778326726171,0.17700383144993817,1,Peminjam Agresif (Grup 2),445000,90.0,,
0.6981947438243005,1.2111979346074095,1,Peminjam Agresif (Grup 2),295000,127.0,6.125,60.0
1.892522469635975,1.13241450894038,1,Peminjam Agresif (Grup 2),545000,155.0,,
1.0915549763187622,0.8507632496510009,1,Peminjam Agresif (Grup 2),205000,253.0,4.99,78.13
0.8078243920696536,0.9451343347096179,1,Peminjam Agresif (Grup 2),305000,49.0,,
4.633166295513459,-0.7307780811731176,1,Peminjam Agresif (Grup 2),225000,123.0,,73.876
0.6521193344709808,0.6368807737239573,1,Peminjam Agresif (Grup 2),295000,57.0,3.25,68.97
1.54774743879564,0.9001854914447303,1,Peminjam Agresif (Grup 2),55000,98.0,7.5,70.84
1.3742021208904511,0.9917146212917939,1,Peminjam Agresif (Grup 2),65000,43.0,,79.32
2.162277236588251,-0.029345607740136927,1,Peminjam Agresif (Grup 2),75000,95.0,,79.01
2.389371148259079,1.1011283240620282,1,Peminjam Agresif (Grup 2),325000,87.0,6.5,79.9
0.2755776353314781,0.9925621752293466,1,Peminjam Agresif (Grup 2),175000,64.0,7.25,96.5
0.41968483080982616,0.8364737997677166,1,Peminjam Agresif (Grup 2),215000,138.0,5.5,100.0
0.41082422653488765,1.1536845474025024,1,Peminjam Agresif (Grup 2),165000,71.0,3.375,74.664
0.22644687569892338,0.6363411589707262,1,Peminjam Agresif (Grup 2),55000,365.0,4.0,79.6947
0.461661288931612,0.8919419704832001,1,Peminjam Agresif (Grup 2),265000,128.0,3.375,80.0
0.4872280238740701,1.0053284484180072,1,Peminjam Agresif (Grup 2),145000,44.0,,
1.6782768945271958,0.9815110664634653,1,Peminjam Agresif (Grup 2),205000,70.0,5.75,67.213
0.6164682681784088,1.4128479129835656,1,Peminjam Agresif (Grup 2),205000,91.0,4.75,72.464
1.1148835084780924,0.9708816408574327,1,Peminjam Agresif (Grup 2),225000,64.0,,
0.2328030457538334,0.5409544959522692,1,Peminjam Agresif (Grup 2),185000,90.0,5.5,95.0
1.3059212693860467,0.9799354651570577,1,Peminjam Agresif (Grup 2),325000,,5.5,
2.3970891632557576,0.8984646903280483,1,Peminjam Agresif (Grup 2),855000,437.0,3.25,66.1
2.803651186566119,1.8515066929920534,1,Peminjam Agresif (Grup 2),665000,,6.625,
1.5391494623329633,1.1872729078714455,1,Peminjam Agresif (Grup 2),585000,780.0,,
0.7460231280265575,1.2231653040903236,1,Peminjam Agresif (Grup 2),385000,60.0,,
1.116681124539571,0.9526585589614667,1,Peminjam Agresif (Grup 2),15000,68.0,0.0,101.41
2.351288814021488,-0.09745343639811864,1,Peminjam Agresif (Grup 2),805000,1175.0,4.375,70.0
0.9894767012574076,0.5577080580719764,1,Peminjam Agresif (Grup 2),975000,430.0,4.5,80.0
0.9433066023727874,0.7308518648721001,1,Peminjam Agresif (Grup 2),375000,68.0,4.5,
1.4039687018995242,0.9955382752364587,1,Peminjam Agresif (Grup 2),265000,82.0,,80.0
0.35907807945435266,1.0337871180789946,1,Peminjam Agresif (Grup 2),155000,,4.25,
1.1402200306993566,0.9711623380323731,1,Peminjam Agresif (Grup 2),95000,110.0,10.875,77.0
0.4660088547265438,0.8864275419349402,1,Peminjam Agresif (Grup 2),85000,,,
0.31018754671479126,0.7840557828710409,1,Peminjam Agresif (Grup 2),85000,70.0,,35.88
0.26347375775141846,0.7272007651656925,1,Peminjam Agresif (Grup 2),285000,115.0,3.125,38.066
0.2518941242329987,0.25021368302301833,1,Peminjam Agresif (Grup 2),85000,59.0,,
1.07942886794335,0.8021624714047823,1,Peminjam Agresif (Grup 2),35000,45.0,,12.727
1.6079211794105317,1.390899911082385,1,Peminjam Agresif (Grup 2),55000,128.0,,
0.6633211768641889,0.8839680713481767,1,Peminjam Agresif (Grup 2),195000,42.0,5.25,75.0
2.1358241001303724,1.339841233591286,1,Peminjam Agresif (Grup 2),325000,96.0,,
1.2413653220871093,0.8561734242612431,1,Peminjam Agresif (Grup 2),275000,185.0,,
2.1883637725407494,1.376990794840312,1,Peminjam Agresif (Grup 2),295000,,5.75,
2.385520098285639,0.9802373865807703,1,Peminjam Agresif (Grup 2),225000,,3.875,
0.5862659148289084,1.1675400420085524,1,Peminjam Agresif (Grup 2),425000,,,72.174
4.125848733122262,1.6705525930306118,1,Peminjam Agresif (Grup 2),195000,130.0,,95.066
3.472594051246419,1.6866393185495405,1,Peminjam Agresif (Grup 2),245000,182.0,5.625,30.968
0.6826182622580584,1.6102375536478566,1,Peminjam Agresif (Grup 2),145000,95.0,,
1.4162155281252993,-0.1652324136191161,1,Peminjam Agresif (Grup 2),185000,111.0,3.375,48.267
0.10862696228047738,0.39087433053547094,1,Peminjam Agresif (Grup 2),275000,69.0,4.999,95.0
0.9502875609094079,4.1603800040783385,1,Peminjam Agresif (Grup 2),615000,185.0,5.95,70.0
1.7361187832324605,1.6112772989521054,1,Peminjam Agresif (Grup 2),195000,149.0,,80.0
0.2708398825620137,0.6265361193158466,1,Peminjam Agresif (Grup 2),185000,,5.625,
1.7408879274055329,0.8516357849139068,1,Peminjam Agresif (Grup 2),285000,,9.74,57.46
0.3520266014450802,0.4741497613794996,1,Peminjam Agresif (Grup 2),185000,43.0,,36.058
-0.515221385061989,2.1325434013096207,1,Peminjam Agresif (Grup 2),45000,25.0,,15.385
0.1820333587688667,0.37847422193342695,1,Peminjam Agresif (Grup 2),395000,199.0,3.75,59.848
0.715770416041418,0.7115400471981107,1,Peminjam Agresif (Grup 2),365000,,8.5,72.75
1.1392846094146407,0.9817618609886732,1,Peminjam Agresif (Grup 2),225000,21.0,,78.212
1.5525983399255303,0.7229322359512589,1,Peminjam Agresif (Grup 2),585000,149.0,5.0,80.0
1.1767655543234021,0.8205982645358426,1,Peminjam Agresif (Grup 2),205000,48.0,,
1.5824040267490405,1.0582986114929351,1,Peminjam Agresif (Grup 2),295000,71.0,3.375,90.0
1.5598563593329484,0.9043216261378522,1,Peminjam Agresif (Grup 2),295000,,5.25,
6.342680017928468,0.12096823114930137,1,Peminjam Agresif (Grup 2),455000,180.0,4.999,60.0
3.593431700998045,1.5943620637182787,1,Peminjam Agresif (Grup 2),325000,124.0,,80.0
1.425959826617849,0.8484137763381834,1,Peminjam Agresif (Grup 2),175000,151.0,4.125,64.815
8.206873899605252,2.7118237837305736,1,Peminjam Agresif (Grup 2),695000,180.0,3.75,90.0
1.260227715367353,4.796829591854693,1,Peminjam Agresif (Grup 2),735000,1190.0,3.125,80.0
0.3362003208196599,0.6443406686945135,1,Peminjam Agresif (Grup 2),125000,158.0,,
3.088458470415617,-0.23900346399800484,1,Peminjam Agresif (Grup 2),75000,229.0,,
2.228208982067518,0.9202558639652209,1,Peminjam Agresif (Grup 2),245000,86.0,5.625,80.0
1.0778245008542056,1.107911597185954,1,Peminjam Agresif (Grup 2),365000,66.0,4.125,97.0
2.5125662727156923,1.3913080981117543,1,Peminjam Agresif (Grup 2),55000,96.0,,71.812
1.375995856168991,1.0381736710108158,1,Peminjam Agresif (Grup 2),175000,,3.625,
0.258226574613682,1.2826681038176826,1,Peminjam Agresif (Grup 2),35000,83.0,3.24,9.416
1.755262594106748,-0.5453775401948754,1,Peminjam Agresif (Grup 2),165000,,,
2.702557696396752,0.9326814028737482,1,Peminjam Agresif (Grup 2),145000,27.0,,80.0
0.5087995283151467,0.8386223494610032,1,Peminjam Agresif (Grup 2),65000,33.0,6.25,
0.8830111203303359,0.7266966518407959,1,Peminjam Agresif (Grup 2),75000,31.0,,
2.267112157521163,1.2383598413275998,1,Peminjam Agresif (Grup 2),375000,94.0,3.875,95.0
0.4973626177576557,0.6916143284364813,1,Peminjam Agresif (Grup 2),365000,,6.375,
5.758897722065682,2.122090808148629,1,Peminjam Agresif (Grup 2),505000,73.0,3.875,78.203
0.06851525772766646,0.5702683779316624,1,Peminjam Agresif (Grup 2),235000,110.0,5.625,96.5
1.3338175206565326,-0.5253390814103107,1,Peminjam Agresif (Grup 2),575000,120.0,3.875,96.5
1.1911529520530608,1.4329971789598162,1,Peminjam Agresif (Grup 2),145000,40.0,,51.47
3.212694656519397,-1.1876824984061976,1,Peminjam Agresif (Grup 2),245000,91.0,4.19,63.158
0.28088717591228507,0.17066020599603485,1,Peminjam Agresif (Grup 2),295000,72.0,,
1.5064633271914007,1.4430367905092374,1,Peminjam Agresif (Grup 2),605000,147.0,,
1.2199465338759092,0.6974928079329311,1,Peminjam Agresif (Grup 2),195000,,5.625,
2.1087146300792377,1.7681089795202403,1,Peminjam Agresif (Grup 2),25205000,,3.73,59.25
0.24895040078094102,1.175723372407775,1,Peminjam Agresif (Grup 2),405000,58.0,,80.0
2.723203486134703,1.2429330307442126,1,Peminjam Agresif (Grup 2),425000,82.0,4.625,86.6
1.5798524530773974,-0.18820968916275552,1,Peminjam Agresif (Grup 2),35000,238.0,3.75,51.57
2.653258026901964,1.2409357869634268,1,Peminjam Agresif (Grup 2),265000,95.0,5.875,74.65
0.4541236249329279,0.9088729557994443,1,Peminjam Agresif (Grup 2),145000,45.0,,
1.2740607471943592,-0.36001772443981456,1,Peminjam Agresif (Grup 2),345000,124.0,2.958,80.0
2.0837811932649224,0.8018100676417311,1,Peminjam Agresif (Grup 2),575000,123.0,2.75,100.0
1.3737885531211036,1.075659817572999,1,Peminjam Agresif (Grup 2),75000,82.0,,26.5
4.971043389849801,-0.3141462591382226,1,Peminjam Agresif (Grup 2),465000,105.0,5.5,102.116
1.4664573222865633,1.7516133817456996,1,Peminjam Agresif (Grup 2),1755000,429.0,5.99,65.0
2.741592975533595,-0.6409068745329469,1,Peminjam Agresif (Grup 2),265000,84.0,6.625,95.0
0.39263175568384784,0.7874290840959915,1,Peminjam Agresif (Grup 2),265000,74.0,,75.0
1.698581693436103,1.3994887055790244,1,Peminjam Agresif (Grup 2),385000,105.0,,
1.0426463517748998,0.9685585554470689,1,Peminjam Agresif (Grup 2),355000,164.0,6.325,49.296
0.07781903755449884,0.42989679094682853,1,Peminjam Agresif (Grup 2),355000,,6.25,
1.5142911268956314,0.7886154371118108,1,Peminjam Agresif (Grup 2),105000,90.0,,
2.894690917208695,-0.9328045973644472,1,Peminjam Agresif (Grup 2),195000,218.0,,65.957
2.411162641871573,-0.7979713647045795,1,Peminjam Agresif (Grup 2),115000,162.0,5.25,84.989
3.055446410042209,-1.0704863851932145,1,Peminjam Agresif (Grup 2),55000,153.0,,9.242
0.9439414113392259,0.7231664022055159,1,Peminjam Agresif (Grup 2),615000,300.0,4.99,75.0
0.1425268064176556,0.5558500417621979,1,Peminjam Agresif (Grup 2),275000,109.0,3.5,92.0
-0.7118015816810485,6.590515446446977,1,Peminjam Agresif (Grup 2),135000,,,
1.715554037545231,1.7608735395395239,1,Peminjam Agresif (Grup 2),145000,119.0,3.375,39.0
2.5515790297430647,-1.1281728423175799,1,Peminjam Agresif (Grup 2),535000,157.0,6.0,95.0
0.5084609252046499,0.905267129851538,1,Peminjam Agresif (Grup 2),25000,44.0,8.25,73.863
2.9900081643740934,-0.5024250061207387,1,Peminjam Agresif (Grup 2),55000,174.0,2.24,26.608
3.65213283939691,-0.42572451373189835,1,Peminjam Agresif (Grup 2),975000,227.0,3.875,65.0
2.009995523507251,1.108772449579287,1,Peminjam Agresif (Grup 2),405000,,6.875,
0.08585517891141109,1.2668068516806548,1,Peminjam Agresif (Grup 2),225000,51.0,,
0.8727000809121993,1.388381884562456,1,Peminjam Agresif (Grup 2),135000,245.0,,82.599
2.405624382644456,-1.0036641585289745,1,Peminjam Agresif (Grup 2),145000,52.0,2.625,32.192
1.435671916186384,1.1802425310482816,1,Peminjam Agresif (Grup 2),55000,131.0,7.0,68.534
4.702017070905081,-0.7660071170916731,1,Peminjam Agresif (Grup 2),235000,98.0,,
0.7454615361265843,0.9606138719639,1,Peminjam Agresif (Grup 2),175000,83.0,4.375,100.0
0.22012032851723812,3.193342073672753,1,Peminjam Agresif (Grup 2),505000,175.0,3.875,80.0
0.4285041613533544,0.9415273485392767,1,Peminjam Agresif (Grup 2),165000,314.0,,80.0
1.3138100521742533,0.5165356665718439,1,Peminjam Agresif (Grup 2),365000,118.0,6.125,97.0
1.6387854610773684,0.6982654697405161,1,Peminjam Agresif (Grup 2),355000,84.0,,
0.16560469115293017,0.796757803387197,1,Peminjam Agresif (Grup 2),1105000,598.0,,
2.528069029175484,-1.229605942057924,1,Peminjam Agresif (Grup 2),95000,64.0,5.75,
0.629801805561496,0.7397826301746119,1,Peminjam Agresif (Grup 2),65000,92.0,,
0.25744415646530383,0.48642447431635083,1,Peminjam Agresif (Grup 2),125000,58.0,,50.04
0.8811827600438765,1.2885572595248345,1,Peminjam Agresif (Grup 2),115000,145.0,8.61,90.0
1.3989977789096941,0.8609168476042321,1,Peminjam Agresif (Grup 2),575000,,3.75,
0.3446696562986245,1.0987877597744513,1,Peminjam Agresif (Grup 2),175000,87.0,2.99,25.071
3.309135394742406,1.4963149401283475,1,Peminjam Agresif (Grup 2),365000,125.0,,
0.6678030128252584,0.8464438543625833,1,Peminjam Agresif (Grup 2),75000,104.0,7.49,73.9
0.9066278840821047,1.0142599434509028,1,Peminjam Agresif (Grup 2),135000,,5.25,
0.32655908706683173,0.6466836227341397,1,Peminjam Agresif (Grup 2),205000,243.0,3.125,45.89
3.7016515305524855,-1.4191970705195651,1,Peminjam Agresif (Grup 2),135000,85.0,3.125,31.0
2.80369328987667,1.4351031541681925,1,Peminjam Agresif (Grup 2),755000,350.0,,
0.22235155896084557,0.5995469425583674,1,Peminjam Agresif (Grup 2),325000,77.0,5.25,80.0
1.0452448958352234,1.1195831362469646,1,Peminjam Agresif (Grup 2),525000,96.0,,
0.9470648286970337,1.5599590409437862,1,Peminjam Agresif (Grup 2),255000,21.0,3.625,57.931
0.7086386401207031,0.7355279459683262,1,Peminjam Agresif (Grup 2),365000,100.0,5.875,93.638
0.5732196390369941,0.6744504112641164,1,Peminjam Agresif (Grup 2),285000,111.0,,
0.48416528896460653,2.5999632784348528,1,Peminjam Agresif (Grup 2),605000,150.0,,
0.7914519986168508,1.0107871577521237,1,Peminjam Agresif (Grup 2),385000,,3.249,
0.6967349406575145,0.5782273207410841,1,Peminjam Agresif (Grup 2),305000,111.0,5.125,80.0
0.4727511616076642,0.5114918661435519,1,Peminjam Agresif (Grup 2),165000,,,
0.5536207615821371,0.5196017092188115,1,Peminjam Agresif (Grup 2),45000,33.0,8.0,
0.46403615645140284,1.0034759808054905,1,Peminjam Agresif (Grup 2),315000,94.0,4.625,90.0
1.3953557583584295,0.7689947696545194,1,Peminjam Agresif (Grup 2),245000,105.0,,
0.8087485169856158,0.6661279118679749,1,Peminjam Agresif (Grup 2),605000,,6.625,
0.4105920186638242,0.8534125027838202,1,Peminjam Agresif (Grup 2),105000,44.0,2.75,40.0
0.492511754919603,0.7927477331167566,1,Peminjam Agresif (Grup 2),595000,117.0,,
1.371193649823964,1.1289966072761033,1,Peminjam Agresif (Grup 2),225000,67.0,5.25,90.0
3.4085437578497166,1.7508362122544785,1,Peminjam Agresif (Grup 2),195000,55.0,6.99,51.0
0.5347725384902298,0.7090709034024703,1,Peminjam Agresif (Grup 2),265000,107.0,4.125,54.327
1.883529373790647,0.8671712624325197,1,Peminjam Agresif (Grup 2),625000,142.0,,
2.9858043462555703,1.2045638489719,1,Peminjam Agresif (Grup 2),475000,,3.625,
1.011244048915219,1.0292240888754207,1,Peminjam Agresif (Grup 2),425000,160.0,1.99,67.016
0.4005821201680512,0.8268056922202747,1,Peminjam Agresif (Grup 2),105000,26.0,,
0.5652331575149409,0.855333461805645,1,Peminjam Agresif (Grup 2),55000,35.0,,
0.2612260267930087,0.7275300602997372,1,Peminjam Agresif (Grup 2),425000,,5.25,
0.5323896433375327,0.8654158042139721,1,Peminjam Agresif (Grup 2),135000,135.0,7.0,89.99
0.45454830598739765,1.3948697682428564,1,Peminjam Agresif (Grup 2),145000,,,
1.2480641664887329,0.5580784106700808,1,Peminjam Agresif (Grup 2),245000,,2.99,
1.2141164251289456,0.8131930851865846,1,Peminjam Agresif (Grup 2),155000,94.0,,
0.4073031666354201,0.6159301202107421,1,Peminjam Agresif (Grup 2),285000,72.0,5.375,95.0
2.766051783296365,-0.862138518678357,1,Peminjam Agresif (Grup 2),295000,225.0,2.99,79.75
0.6405152027907788,1.2799104934610523,1,Peminjam Agresif (Grup 2),105000,96.0,,
-0.43160275787098734,7.993272998935479,1,Peminjam Agresif (Grup 2),305000,233.0,,66.465
0.4212958243295678,1.2251759910958666,1,Peminjam Agresif (Grup 2),175000,46.0,5.35,97.0
0.3834709110828774,0.9667597566073876,1,Peminjam Agresif (Grup 2),125000,,3.99,
0.5068191077662947,0.7131212772419714,1,Peminjam Agresif (Grup 2),255000,,8.49,80.0
2.1211118126189765,1.3633964634286728,1,Peminjam Agresif (Grup 2),195000,38.0,2.875,50.127
0.39782013903245383,0.8795603478943473,1,Peminjam Agresif (Grup 2),455000,78.0,,68.182
1.2343019128311636,-0.13834601999203724,1,Peminjam Agresif (Grup 2),495000,290.0,,
0.7894224283882022,0.9178389066449869,1,Peminjam Agresif (Grup 2),115000,,5.625,80.0
10.31095502738756,3.040859461690356,1,Peminjam Agresif (Grup 2),65000,165.0,,
0.9970512188060421,0.9227788497143936,1,Peminjam Agresif (Grup 2),185000,85.0,4.875,
0.6826668885056162,1.23941986065977,1,Peminjam Agresif (Grup 2),365000,121.0,4.625,
0.7085704585812809,0.5862846085765518,1,Peminjam Agresif (Grup 2),295000,80.0,5.5,77.355
0.629611955886625,1.5802854467068157,1,Peminjam Agresif (Grup 2),675000,202.0,2.875,22.433
1.988057428442565,1.0500079919444754,1,Peminjam Agresif (Grup 2),525000,,4.374,
2.2474115698881354,-0.13303079438513954,1,Peminjam Agresif (Grup 2),155000,94.0,,
0.7679056274030472,3.890230545431964,1,Peminjam Agresif (Grup 2),425000,176.0,4.125,80.0
1.4204482718798421,3.2911959875272596,1,Peminjam Agresif (Grup 2),975000,202.0,2.25,71.926
0.5862325902066072,0.9110886767745148,1,Peminjam Agresif (Grup 2),195000,35.0,3.635,69.818
1.0073255560995826,-0.12683803925145262,1,Peminjam Agresif (Grup 2),95000,288.0,9.375,59.934
0.27314362470849296,1.24665103665085,1,Peminjam Agresif (Grup 2),785000,272.0,5.25,90.0
1.276707520658029,0.9406032128552422,1,Peminjam Agresif (Grup 2),105000,28.0,6.0,62.0
1.3423471471245025,0.7344181189287111,1,Peminjam Agresif (Grup 2),335000,101.0,,
0.5328052423113326,1.1526554078024756,1,Peminjam Agresif (Grup 2),125000,34.0,,
1.4177894844967316,0.9240521499024893,1,Peminjam Agresif (Grup 2),35000,36.0,,87.668
1.344520803288918,0.8964363273680085,1,Peminjam Agresif (Grup 2),235000,88.0,3.375,72.0
0.1620124699399894,0.8139414560704886,1,Peminjam Agresif (Grup 2),185000,96.0,,73.77
1.1380424765581103,1.1775325578594293,1,Peminjam Agresif (Grup 2),245000,52.0,5.125,100.0
0.22926675524222712,0.9728030878197677,1,Peminjam Agresif (Grup 2),225000,78.0,,
1.6681385486767135,1.362564572062546,1,Peminjam Agresif (Grup 2),295000,,4.75,
1.4744805575129392,0.8279491240602317,1,Peminjam Agresif (Grup 2),325000,,5.125,
0.5787776443735391,0.5992073928519741,1,Peminjam Agresif (Grup 2),555000,145.0,6.0,50.0
0.5256743882632916,0.706547874421804,1,Peminjam Agresif (Grup 2),535000,,4.375,
2.068924441463326,1.2114977685257047,1,Peminjam Agresif (Grup 2),75000,534.0,,56.19
1.75801127284481,0.585465144239136,1,Peminjam Agresif (Grup 2),135000,35.0,5.875,68.421
0.512321305603422,0.7740921749582113,1,Peminjam Agresif (Grup 2),645000,184.0,3.75,54.0
0.6988805955240818,1.2303748998512645,1,Peminjam Agresif (Grup 2),105000,47.0,,76.923
2.621677572508938,1.3056235035971129,1,Peminjam Agresif (Grup 2),375000,612.0,4.5,48.387
1.2415154007308213,0.9513869351489311,1,Peminjam Agresif (Grup 2),75000,199.0,5.25,70.322
5.4397814061660394,1.804608959468353,1,Peminjam Agresif (Grup 2),285000,305.0,,
1.2689882830177976,1.0479649120478849,1,Peminjam Agresif (Grup 2),325000,141.0,2.75,53.908
2.037264230067193,1.1430134786322173,1,Peminjam Agresif (Grup 2),65000,,4.625,
0.026766213376734408,0.8222632462256652,1,Peminjam Agresif (Grup 2),115000,55.0,,80.0
0.5600252364810027,0.40917135078571343,1,Peminjam Agresif (Grup 2),365000,71.0,3.625,90.0
0.9585130331946636,1.540423642993298,1,Peminjam Agresif (Grup 2),5000,89.0,4.0,98.374
1.3452365235641468,0.802029397728429,1,Peminjam Agresif (Grup 2),575000,85.0,3.05,100.0
1.9213666272959902,1.2843620614325135,1,Peminjam Agresif (Grup 2),445000,120.0,5.5,
1.2722640215752692,0.7003056819417995,1,Peminjam Agresif (Grup 2),505000,125.0,4.75,67.114
1.283980586853202,1.1829042639638359,1,Peminjam Agresif (Grup 2),125000,140.0,,48.286
2.565363984322783,1.2666309474044524,1,Peminjam Agresif (Grup 2),75000,54.0,4.75,14.706
0.9635197084952972,0.6010022151532739,1,Peminjam Agresif (Grup 2),325000,144.0,3.25,
1.36596750293556,-0.008102208787092837,1,Peminjam Agresif (Grup 2),405000,103.0,5.125,100.0
0.5341896373072159,0.7755848216521414,1,Peminjam Agresif (Grup 2),25000,66.0,6.06,70.097
2.6230743874544555,-0.5353954141884525,1,Peminjam Agresif (Grup 2),205000,257.0,3.75,53.16
2.0546383241242854,0.7912377034294311,1,Peminjam Agresif (Grup 2),165000,53.0,,
3.830819570834547,3.5209079015572358,1,Peminjam Agresif (Grup 2),525000,160.0,5.525,80.0
1.5335409437518646,1.8424072613438136,1,Peminjam Agresif (Grup 2),455000,,3.25,
0.5651725892443222,0.5853730036869131,1,Peminjam Agresif (Grup 2),185000,61.0,2.5,52.571
1.432273683722279,0.7285081743466015,1,Peminjam Agresif (Grup 2),105000,37.0,5.875,47.34
1.0007221451926382,0.8657084273227683,1,Peminjam Agresif (Grup 2),125000,76.0,,
2.8619772971705397,1.3623778566966325,1,Peminjam Agresif (Grup 2),1755000,456.0,5.375,68.627
2.7691878521713806,-1.1513721331636262,1,Peminjam Agresif (Grup 2),115000,37.0,3.75,44.939
2.293489141751654,1.1138390730821923,1,Peminjam Agresif (Grup 2),355000,,3.99,
0.28049892713292895,0.5350188662297221,1,Peminjam Agresif (Grup 2),145000,,2.75,
0.20150315231962476,0.5894774538968733,1,Peminjam Agresif (Grup 2),145000,37.0,5.375,75.0
1.4993526049608787,0.9735276698265005,1,Peminjam Agresif (Grup 2),225000,53.0,5.5,80.0
0.33032147690970187,0.840514166783323,1,Peminjam Agresif (Grup 2),125000,,,
10.560481580657475,-0.025751555261027983,1,Peminjam Agresif (Grup 2),405000,116.0,,
0.3911049105889493,0.8024830317569628,1,Peminjam Agresif (Grup 2),315000,165.0,3.875,90.0
1.368949070954332,0.21486775102537933,1,Peminjam Agresif (Grup 2),415000,143.0,,
0.36581286875155494,0.4941337345044716,1,Peminjam Agresif (Grup 2),605000,188.0,,
0.8449582877682006,1.836760121528158,1,Peminjam Agresif (Grup 2),765000,171.0,,
0.4489041829867339,0.6502138162474478,1,Peminjam Agresif (Grup 2),205000,87.0,7.25,95.0
0.365920939021366,0.7637303825612922,1,Peminjam Agresif (Grup 2),195000,79.0,4.625,77.113
0.8916221465328654,0.8398526812293056,1,Peminjam Agresif (Grup 2),225000,108.0,5.0,65.0
1.638795759389322,1.005176963782548,1,Peminjam Agresif (Grup 2),305000,135.0,4.75,60.0
0.4653488331349505,0.9622528018961776,1,Peminjam Agresif (Grup 2),115000,48.0,2.99,90.0
2.508111797583898,-0.7893734154653179,1,Peminjam Agresif (Grup 2),885000,348.0,4.875,80.0
1.410504766573237,1.4307662798493155,1,Peminjam Agresif (Grup 2),105000,82.0,,
0.7251656146059926,0.6329361807732575,1,Peminjam Agresif (Grup 2),575000,,2.75,
0.6722722812393347,1.0232493492161459,1,Peminjam Agresif (Grup 2),245000,,2.625,
-0.781250597109643,2.456032735977604,1,Peminjam Agresif (Grup 2),45000,145.0,,
0.30793712166618986,0.7323515520864565,1,Peminjam Agresif (Grup 2),205000,42.0,4.75,90.0
0.6755329679664183,3.2084681623640097,1,Peminjam Agresif (Grup 2),415000,131.0,3.99,95.0
3.000524414256611,1.216867288267543,1,Peminjam Agresif (Grup 2),275000,84.0,,68.2
0.8295828541131013,1.1532601058190126,1,Peminjam Agresif (Grup 2),275000,92.0,7.25,80.0
0.42304639340775163,0.6560606463315369,1,Peminjam Agresif (Grup 2),55000,62.0,,59.495
2.0951922514258703,0.04433650734421387,1,Peminjam Agresif (Grup 2),525000,152.0,4.125,38.889
1.600860000395881,1.2767811929265678,1,Peminjam Agresif (Grup 2),35000,33.0,,
0.768192275339544,0.4925182738575844,1,Peminjam Agresif (Grup 2),225000,95.0,,
0.7428002041164156,1.1863774418717272,1,Peminjam Agresif (Grup 2),225000,27.0,2.28,
0.8937611917444878,0.5560961009633556,1,Peminjam Agresif (Grup 2),505000,100.0,4.75,95.0
0.5102498898317674,1.1320292027549468,1,Peminjam Agresif (Grup 2),655000,805.0,,
0.3773507608582556,0.6171997239310725,1,Peminjam Agresif (Grup 2),35000,123.0,8.63,84.87
1.2612941130272688,1.1296670956404848,1,Peminjam Agresif (Grup 2),375000,,4.125,
3.2153369544668116,-1.0296506609050629,1,Peminjam Agresif (Grup 2),1725000,660.0,3.625,75.0
-0.09394673148453556,0.5473573373484711,1,Peminjam Agresif (Grup 2),25000,,,
0.5689163549351034,0.4381625051387616,1,Peminjam Agresif (Grup 2),235000,,3.75,
0.24274652366947896,0.5527800639468013,1,Peminjam Agresif (Grup 2),105000,213.0,6.75,31.75
2.0137267381017643,1.3509741337687513,1,Peminjam Agresif (Grup 2),245000,125.0,3.875,70.0
0.10083521158298121,1.9683248657361845,1,Peminjam Agresif (Grup 2),5000,,,
2.5203779957363346,1.170575956085064,1,Peminjam Agresif (Grup 2),535000,216.0,5.375,79.552
1.5737768816257713,-0.021259437643004964,1,Peminjam Agresif (Grup 2),35000,99.0,6.25,56.134
1.289579361575227,0.9928506899592192,1,Peminjam Agresif (Grup 2),385000,80.0,,
1.098534823422978,-0.30602375461047177,1,Peminjam Agresif (Grup 2),575000,234.0,,
1.3027212938061523,1.4921959943708294,1,Peminjam Agresif (Grup 2),75000,120.0,7.5,79.59
0.9049117632598019,0.9104154366061371,1,Peminjam Agresif (Grup 2),315000,132.0,5.125,
0.2714290832701623,1.176272735980942,1,Peminjam Agresif (Grup 2),575000,166.0,,
0.24835197175642418,0.9121639003062489,1,Peminjam Agresif (Grup 2),305000,150.0,3.874,80.0
1.2849825712490308,3.01403888539798,1,Peminjam Agresif (Grup 2),455000,132.0,5.125,95.0
1.1875640530229803,1.3039647556841865,1,Peminjam Agresif (Grup 2),695000,211.0,5.375,55.96
1.3400806093277744,1.382086146555002,1,Peminjam Agresif (Grup 2),465000,91.0,4.875,94.68
0.4254730002982703,0.6680536803464546,1,Peminjam Agresif (Grup 2),115000,20.0,,66.864
1.0265881309125877,1.4168949584126396,1,Peminjam Agresif (Grup 2),165000,71.0,6.875,47.208
1.1359437513201573,-0.15730716622328245,1,Peminjam Agresif (Grup 2),285000,200.0,,
9.70823110579903,3.724847258141279,1,Peminjam Agresif (Grup 2),365000,174.0,,69.656
0.7779336062030247,1.4080696163573505,1,Peminjam Agresif (Grup 2),435000,116.0,5.125,76.982
-0.11942487906450001,0.4134346571218819,1,Peminjam Agresif (Grup 2),425000,,2.99,
0.67410590456767,0.8054768054248032,1,Peminjam Agresif (Grup 2),445000,157.0,2.75,79.214
1.0051721173569528,1.2685656034744748,1,Peminjam Agresif (Grup 2),15000,71.0,4.875,50.52
0.19627159833464086,0.2733807736192612,1,Peminjam Agresif (Grup 2),105000,204.0,4.77,78.41
1.157774447493018,1.2525149711612988,1,Peminjam Agresif (Grup 2),645000,,4.875,
1.4299459809451798,1.2477121628535297,1,Peminjam Agresif (Grup 2),755000,205.0,3.0,54.348
1.611866862567768,1.1233278121796795,1,Peminjam Agresif (Grup 2),495000,140.0,6.14,95.0
0.598523620034005,0.39930133275486035,1,Peminjam Agresif (Grup 2),675000,196.0,6.0,78.19
1.1952712637616956,0.6379227143912929,1,Peminjam Agresif (Grup 2),355000,202.0,,108.8
0.005458920995235782,0.7727101894599622,1,Peminjam Agresif (Grup 2),65000,48.0,,
0.528225017028961,1.1065925177835998,1,Peminjam Agresif (Grup 2),445000,106.0,6.575,
1.0217060423306663,0.46633871558235945,1,Peminjam Agresif (Grup 2),405000,,6.0,
0.5920586030355793,1.327013240763412,1,Peminjam Agresif (Grup 2),525000,152.0,4.75,80.0
0.6664656645163237,0.8464071138463077,1,Peminjam Agresif (Grup 2),165000,61.0,5.49,43.697
-0.21525580824283613,2.95351243812492,1,Peminjam Agresif (Grup 2),35000,44.0,,
3.095825384066041,1.738894629931117,1,Peminjam Agresif (Grup 2),135000,124.0,6.0,72.3
1.2539134107453347,1.0567368267618613,1,Peminjam Agresif (Grup 2),175000,117.0,,73.478
2.1728149267623604,1.575682146323764,1,Peminjam Agresif (Grup 2),195000,,,
0.2492533106916249,0.09029717638751843,1,Peminjam Agresif (Grup 2),1065000,434.0,4.5,80.0
1.5205870186098809,1.1101016742600063,1,Peminjam Agresif (Grup 2),285000,95.0,,
0.47470020174145044,0.690851497325949,1,Peminjam Agresif (Grup 2),155000,744.0,,84.439
1.3868013088024866,0.8472051955907921,1,Peminjam Agresif (Grup 2),355000,110.0,3.75,96.5
0.9598557007983207,1.317691751452382,1,Peminjam Agresif (Grup 2),235000,,5.25,
0.9516387103161238,0.7214149454416113,1,Peminjam Agresif (Grup 2),255000,82.0,5.25,101.01
0.15900653113318422,0.9896850907223317,1,Peminjam Agresif (Grup 2),205000,72.0,,
1.8207927865642188,1.0564638555151065,1,Peminjam Agresif (Grup 2),435000,167.0,4.875,90.0
2.632091197077516,-0.7020239227011086,1,Peminjam Agresif (Grup 2),295000,107.0,5.875,95.0
0.1342112765543019,0.6751279735547931,1,Peminjam Agresif (Grup 2),405000,,3.125,
1.7728494744589118,1.3691547254305665,1,Peminjam Agresif (Grup 2),265000,205.0,2.875,57.778
2.9671851742387205,1.497163568885603,1,Peminjam Agresif (Grup 2),525000,,5.25,
2.2481658510501545,1.4968090534234948,1,Peminjam Agresif (Grup 2),235000,48.0,,
1.7243086926967766,0.968866715530675,1,Peminjam Agresif (Grup 2),375000,191.0,,
1.295360361880064,1.4645665118249818,1,Peminjam Agresif (Grup 2),255000,,4.125,
0.928882583731206,1.006818422470948,1,Peminjam Agresif (Grup 2),205000,157.0,,12.82
2.026275472947178,-0.10366094545952284,1,Peminjam Agresif (Grup 2),445000,242.0,5.375,65.185
0.5756054021557748,3.4683414790601375,1,Peminjam Agresif (Grup 2),545000,160.0,,
0.7842773526222129,0.6755288613827982,1,Peminjam Agresif (Grup 2),125000,85.0,2.6,59.174
0.48187196368436785,1.7217862646676214,1,Peminjam Agresif (Grup 2),175000,36.0,,73.913
0.8480741844468216,0.7560615426908627,1,Peminjam Agresif (Grup 2),65000,85.0,3.49,83.902
3.224105557035354,0.08411092423123147,1,Peminjam Agresif (Grup 2),455000,575.0,6.24,56.25
0.7252745329274493,0.6418990405216066,1,Peminjam Agresif (Grup 2),185000,69.0,,97.0
0.7423879032972196,0.5647257086579034,1,Peminjam Agresif (Grup 2),385000,325.0,5.125,
1.0245753033728764,1.4350955561894785,1,Peminjam Agresif (Grup 2),165000,52.0,2.75,64.286
1.8690652927779385,1.129485449357905,1,Peminjam Agresif (Grup 2),175000,182.0,6.75,96.615
1.1957923101980195,0.8873037003362028,1,Peminjam Agresif (Grup 2),245000,71.0,,
0.24826303781446077,0.7934474921979243,1,Peminjam Agresif (Grup 2),25000,96.0,9.5,85.0
0.35164360820661716,0.46402683691317165,1,Peminjam Agresif (Grup 2),55000,90.0,9.74,68.08
1.5357870269587803,1.156414814745111,1,Peminjam Agresif (Grup 2),365000,388.0,,
2.2492194167817874,0.6684701965605966,1,Peminjam Agresif (Grup 2),625000,213.0,4.875,
2.1775727790088104,1.9107642389359898,1,Peminjam Agresif (Grup 2),25000,74.0,3.5,79.463
1.3684531038960137,0.8668614307836001,1,Peminjam Agresif (Grup 2),715000,203.0,4.875,
1.578980153553561,3.2851536047439054,1,Peminjam Agresif (Grup 2),25000,16.0,,5.914
1.1472386138558768,0.8503455223069827,1,Peminjam Agresif (Grup 2),425000,,4.5,
4.670024134113193,1.4565376399065824,1,Peminjam Agresif (Grup 2),205000,231.0,6.27,61.921
2.751789517556924,0.9751325731298265,1,Peminjam Agresif (Grup 2),205000,82.0,2.75,80.0
3.354184271356634,1.7137129105016808,1,Peminjam Agresif (Grup 2),245000,,2.99,
0.9736432634910669,1.010011093916435,1,Peminjam Agresif (Grup 2),955000,209.0,3.75,75.099
0.2726905361348294,0.9095107028311984,1,Peminjam Agresif (Grup 2),565000,154.0,5.5,80.0
2.6685620308894764,1.1985780394957364,1,Peminjam Agresif (Grup 2),485000,212.0,1.99,49.741
0.6173726322220928,0.9869587165200547,1,Peminjam Agresif (Grup 2),305000,80.0,,
2.8617154859438996,0.977315239188112,1,Peminjam Agresif (Grup 2),205000,0.0,6.875,65.0
0.8710034018407457,0.7761920998345235,1,Peminjam Agresif (Grup 2),25000,24.0,7.375,8.475
0.7007935924758645,0.7459641616110221,1,Peminjam Agresif (Grup 2),305000,87.0,2.249,53.74
0.2450577158753744,0.7793252395765085,1,Peminjam Agresif (Grup 2),155000,61.0,4.375,75.0
0.3930437348490107,1.1671160325512946,1,Peminjam Agresif (Grup 2),435000,72.0,,
0.8187608690697344,1.4305081490138907,1,Peminjam Agresif (Grup 2),255000,86.0,3.75,97.0
1.9678552586353117,1.2534145631909235,1,Peminjam Agresif (Grup 2),255000,101.0,4.718,80.0
0.6785582624014628,0.6165319196023884,1,Peminjam Agresif (Grup 2),345000,81.0,,
0.19295295300037468,0.8599159158705002,1,Peminjam Agresif (Grup 2),265000,112.0,3.375,57.98
0.3850113772104573,0.5080952100995845,1,Peminjam Agresif (Grup 2),365000,128.0,5.875,65.0
6.442127825016554,-0.2772608643939136,1,Peminjam Agresif (Grup 2),305000,208.0,3.187,90.0
0.4880480088102183,0.6095185556415827,1,Peminjam Agresif (Grup 2),195000,63.0,5.25,
2.7962195768737206,-1.2030769307667666,1,Peminjam Agresif (Grup 2),285000,88.0,4.75,74.033
2.7184114720167605,1.9353305078625913,1,Peminjam Agresif (Grup 2),395000,192.0,,
2.7099832192541293,-1.393174641589382,1,Peminjam Agresif (Grup 2),215000,279.0,3.625,80.0
0.33051696924543894,0.5595414816452019,1,Peminjam Agresif (Grup 2),135000,46.0,6.75,80.0
0.9759213625759395,0.8068235478997078,1,Peminjam Agresif (Grup 2),15000,52.0,,
2.2967511734905846,1.4303173121658816,1,Peminjam Agresif (Grup 2),155000,71.0,,60.0
0.2590269823740303,0.6276706776184248,1,Peminjam Agresif (Grup 2),125000,275.0,,69.62
0.9365481537426674,1.7457369781573149,1,Peminjam Agresif (Grup 2),325000,57.0,,
0.7524592057857163,2.4299695936848495,1,Peminjam Agresif (Grup 2),215000,158.0,4.5,80.0
0.3076069079570833,1.0057872473637661,1,Peminjam Agresif (Grup 2),295000,110.0,,
2.0406441255057834,1.027218404014832,1,Peminjam Agresif (Grup 2),205000,29.0,,73.929
1.8117412481740316,-0.5965222721464234,1,Peminjam Agresif (Grup 2),35000,400.0,,
2.186363331031613,1.5811439319946028,1,Peminjam Agresif (Grup 2),365000,55.0,,
0.19268913428300943,0.4968939794090394,1,Peminjam Agresif (Grup 2),285000,,3.25,
9.039562223908872,4.199924131212545,1,Peminjam Agresif (Grup 2),42075000,,,
1.186351023866741,1.404077287091711,1,Peminjam Agresif (Grup 2),185000,56.0,5.125,96.5
-0.03841069872949912,3.1177912854543197,1,Peminjam Agresif (Grup 2),345000,140.0,6.625,68.0
0.4903969742932935,0.8946690935914201,1,Peminjam Agresif (Grup 2),35000,28.0,8.24,7.317
2.0639017215101667,1.2184826858938425,1,Peminjam Agresif (Grup 2),665000,300.0,,
1.0729319886580413,0.9526029490727099,1,Peminjam Agresif (Grup 2),185000,60.0,5.625,94.52
9.716914463751914,3.3991155072302073,1,Peminjam Agresif (Grup 2),35000,93.0,,
1.0669647773223516,0.932584161713452,1,Peminjam Agresif (Grup 2),85000,150.0,,59.22
0.8489683830252583,0.28450739108425044,1,Peminjam Agresif (Grup 2),345000,120.0,,
0.18234645959711437,1.0364574802407842,1,Peminjam Agresif (Grup 2),265000,82.0,5.875,90.0
1.148700931933211,1.2830492495824064,1,Peminjam Agresif (Grup 2),315000,75.0,6.875,90.0
1.064689813921702,0.8116665075233946,1,Peminjam Agresif (Grup 2),295000,94.0,,
1.3702708744095453,0.34462709960341803,1,Peminjam Agresif (Grup 2),355000,94.0,,
1.1914534212728827,1.1367766917345534,1,Peminjam Agresif (Grup 2),285000,68.0,4.99,80.0
4.16149233861841,-0.5605599790092535,1,Peminjam Agresif (Grup 2),645000,195.0,,
1.3099634932768291,1.1070969373658606,1,Peminjam Agresif (Grup 2),145000,41.0,4.84,65.894
1.3057225244486979,1.0513044928900306,1,Peminjam Agresif (Grup 2),535000,104.0,5.125,94.998
1.6068885580444556,1.3246796126595295,1,Peminjam Agresif (Grup 2),315000,65.0,4.25,71.0
0.7941953214164021,-0.2429123212136455,1,Peminjam Agresif (Grup 2),475000,130.0,5.5,
3.574219856776295,0.573214022382242,1,Peminjam Agresif (Grup 2),115000,69.0,5.99,49.0
1.2460694311451972,-0.3919358159215169,1,Peminjam Agresif (Grup 2),255000,105.0,2.49,87.125
0.678775242645344,0.9549798684413192,1,Peminjam Agresif (Grup 2),75000,36.0,,79.851
0.1136540742069914,0.6112081362063296,1,Peminjam Agresif (Grup 2),55000,227.0,9.24,89.434
0.3159196371957996,0.4120991380725947,1,Peminjam Agresif (Grup 2),955000,579.0,3.125,90.0
2.4298043782780367,0.9062738850947744,1,Peminjam Agresif (Grup 2),985000,,4.75,
0.36318881443818835,0.4184817795236933,1,Peminjam Agresif (Grup 2),265000,52.0,4.25,87.04
0.9905601537051659,0.5613132671784747,1,Peminjam Agresif (Grup 2),495000,235.0,4.25,
0.5795962127496498,0.5783017662584014,1,Peminjam Agresif (Grup 2),825000,175.0,3.25,
0.4792080617678183,0.9003235423512019,1,Peminjam Agresif (Grup 2),385000,,5.5,
1.420952177480048,-0.21914078785810415,1,Peminjam Agresif (Grup 2),105000,219.0,5.2,85.2751
0.9848327561214071,0.8919850822365653,1,Peminjam Agresif (Grup 2),145000,117.0,4.0,72.218
1.756506363838238,1.3184419602444477,1,Peminjam Agresif (Grup 2),445000,114.0,6.75,96.5
1.6591417215189006,1.0511446257224288,1,Peminjam Agresif (Grup 2),375000,105.0,,
0.8993549156035207,2.1631179900568083,1,Peminjam Agresif (Grup 2),445000,210.0,,
0.9763918460064145,-0.3223394919390182,1,Peminjam Agresif (Grup 2),645000,232.0,5.375,77.509
2.9818648938481007,-1.2191356509217453,1,Peminjam Agresif (Grup 2),345000,146.0,4.875,95.0
0.7120385380372728,0.994747859240872,1,Peminjam Agresif (Grup 2),125000,121.0,,
0.33432539761066293,0.4443387097473505,1,Peminjam Agresif (Grup 2),55000,,,
0.914382245547297,0.9848789212899923,1,Peminjam Agresif (Grup 2),445000,,3.125,
1.4939937655858417,0.958773579996371,1,Peminjam Agresif (Grup 2),495000,100.0,,
0.43209780859789865,0.008965269801836257,1,Peminjam Agresif (Grup 2),105000,53.0,,
1.069004633040128,-0.3953216374618815,1,Peminjam Agresif (Grup 2),615000,153.0,6.0,100.0
1.1068582647979675,1.0565028824904816,1,Peminjam Agresif (Grup 2),445000,,5.5,
1.912238807361922,0.8814834325021759,1,Peminjam Agresif (Grup 2),995000,,3.5,
0.3034171599528821,0.7386966798583186,1,Peminjam Agresif (Grup 2),425000,91.0,4.75,96.5
1.1569794450029107,1.0006516457434074,1,Peminjam Agresif (Grup 2),525000,132.0,5.5,97.0
0.1631656471354229,0.5746862685484792,1,Peminjam Agresif (Grup 2),175000,157.0,3.5,62.105
1.362278269174605,-0.4392524792118271,1,Peminjam Agresif (Grup 2),255000,283.0,3.95,36.15
0.7758978026272461,0.617429566848817,1,Peminjam Agresif (Grup 2),105000,39.0,4.25,45.614
1.681888715977441,1.02864566470926,1,Peminjam Agresif (Grup 2),245000,70.0,5.75,77.903
0.8909614416431915,0.9388217412563854,1,Peminjam Agresif (Grup 2),415000,133.0,,
3.7424796488353462,-0.6018058364312384,1,Peminjam Agresif (Grup 2),445000,95.0,3.75,90.0
2.300874623491027,1.4366913742070981,1,Peminjam Agresif (Grup 2),405000,102.0,,68.03
1.2596833715028524,-0.14786380616895162,1,Peminjam Agresif (Grup 2),85000,195.0,6.5,79.61
2.2079695973218194,1.2603999758160969,1,Peminjam Agresif (Grup 2),195000,46.0,3.875,77.62
0.6258818740765535,1.1749459807846943,1,Peminjam Agresif (Grup 2),55000,160.0,2.99,70.0
0.8469327819697964,0.7968196120723712,1,Peminjam Agresif (Grup 2),315000,113.0,6.0,95.0
1.0712397667660514,0.8767490804772201,1,Peminjam Agresif (Grup 2),55000,125.0,,
2.6986416934221067,1.5212872258880978,1,Peminjam Agresif (Grup 2),475000,110.0,2.75,55.882
2.1273837122959454,1.1551830559767304,1,Peminjam Agresif (Grup 2),55000,120.0,,66.07
2.163233978897562,1.1824384747329297,1,Peminjam Agresif (Grup 2),615000,,4.75,
2.4769734421441094,0.8415746573950786,1,Peminjam Agresif (Grup 2),275000,59.0,3.75,
0.6450573912512043,0.7063458523670569,1,Peminjam Agresif (Grup 2),65000,,9.66,
0.6156171919788863,0.8399408702974169,1,Peminjam Agresif (Grup 2),355000,134.0,5.125,95.0
1.9898363562203207,1.0469553253511672,1,Peminjam Agresif (Grup 2),395000,66.0,3.25,85.0
0.4720435354883115,1.0629778632934153,1,Peminjam Agresif (Grup 2),115000,95.0,8.74,89.99
3.1342748641281486,-0.9017498520243605,1,Peminjam Agresif (Grup 2),245000,60.0,,86.679
3.115444958953313,-0.9929357073696692,1,Peminjam Agresif (Grup 2),115000,,2.25,
0.6292637729774849,0.566704286096273,1,Peminjam Agresif (Grup 2),535000,108.0,,
0.4841783648719464,0.6429145740352992,1,Peminjam Agresif (Grup 2),115000,161.0,2.24,80.0
0.31361600065871353,1.4586655119387069,1,Peminjam Agresif (Grup 2),225000,87.0,3.5,81.4
3.05034373836272,1.9667758990766215,1,Peminjam Agresif (Grup 2),295000,123.0,5.875,100.0
4.48433468702103,-0.11902386808774011,1,Peminjam Agresif (Grup 2),785000,192.0,4.75,90.0
2.0572977836915665,0.9068144328680183,1,Peminjam Agresif (Grup 2),85000,53.0,,
0.5584152153322084,0.8522118656995772,1,Peminjam Agresif (Grup 2),235000,341.0,3.125,52.691
0.48474987163724326,0.8528143852034842,1,Peminjam Agresif (Grup 2),255000,240.0,4.5,79.457
0.9069500699857365,0.747226482337737,1,Peminjam Agresif (Grup 2),185000,159.0,,
2.574436797482746,1.5355327956958162,1,Peminjam Agresif (Grup 2),205000,65.0,,45.455
0.38004578191510663,0.7237276429344288,1,Peminjam Agresif (Grup 2),325000,89.0,,
2.653254899248073,1.24093857243583,1,Peminjam Agresif (Grup 2),265000,93.0,3.375,80.0
-0.374409772356331,3.218589424347217,1,Peminjam Agresif (Grup 2),555000,124.0,,
0.4510976007340621,0.5174332969636143,1,Peminjam Agresif (Grup 2),295000,72.0,5.75,100.0
0.43908477461842793,1.079270451079601,1,Peminjam Agresif (Grup 2),225000,105.0,,
1.4832795311894345,1.3003313691956002,1,Peminjam Agresif (Grup 2),355000,,,
3.167262613848578,-0.8663729961456993,1,Peminjam Agresif (Grup 2),65000,120.0,,
0.11895300483653504,0.6829374180143871,1,Peminjam Agresif (Grup 2),555000,144.0,4.375,100.0
1.043501349892413,0.7870690817101028,1,Peminjam Agresif (Grup 2),265000,82.0,3.125,86.73
0.5321219491781336,0.49143826181958683,1,Peminjam Agresif (Grup 2),665000,211.0,,
3.3603643878872638,-0.6271173931827169,1,Peminjam Agresif (Grup 2),85000,134.0,,
0.07522077197857534,2.7112130322184984,1,Peminjam Agresif (Grup 2),255000,145.0,5.5,57.0
6.372203849104816,2.4181783994574273,1,Peminjam Agresif (Grup 2),245000,84.0,5.75,96.5
0.4424243129681846,0.5777634162097057,1,Peminjam Agresif (Grup 2),25000,96.0,4.64,72.263
0.5852738020332737,0.7431117869469589,1,Peminjam Agresif (Grup 2),145000,,5.625,
-0.03801055310850197,0.7200869804695443,1,Peminjam Agresif (Grup 2),55000,102.0,,83.47
1.7954190861135877,1.4702930257853875,1,Peminjam Agresif (Grup 2),1005000,,,
0.9000877368064912,0.6365824849350495,1,Peminjam Agresif (Grup 2),45000,45.0,,
1.2941128121538887,1.2837822332790991,1,Peminjam Agresif (Grup 2),395000,74.0,4.25,90.0
1.4085295214145022,2.8901691548206903,1,Peminjam Agresif (Grup 2),295000,92.0,,
0.13960063630485026,0.48225502627909017,1,Peminjam Agresif (Grup 2),345000,,5.25,
1.499886515520107,0.9359843657349531,1,Peminjam Agresif (Grup 2),45000,,4.0,
0.43713500047472525,0.8069964841554903,1,Peminjam Agresif (Grup 2),265000,57.0,5.875,
1.6363848568791104,1.8067107238852533,1,Peminjam Agresif (Grup 2),105000,,3.25,
1.444274845710189,-0.07230786515172372,1,Peminjam Agresif (Grup 2),135000,175.0,6.75,89.947
0.39413492423977187,0.5936682065297587,1,Peminjam Agresif (Grup 2),405000,0.0,6.25,
1.6623157479249961,0.7561189566429773,1,Peminjam Agresif (Grup 2),55000,180.0,6.75,40.09
0.6717938694419753,0.7582942540576234,1,Peminjam Agresif (Grup 2),125000,31.0,,
0.44756859634292984,1.1064348506094681,1,Peminjam Agresif (Grup 2),455000,,6.375,
1.7785036479393432,1.1441605907770926,1,Peminjam Agresif (Grup 2),125000,53.0,,
0.2839384488254352,0.7053251194391338,1,Peminjam Agresif (Grup 2),145000,70.0,6.5,59.27
0.2134462226999144,1.2367288411702302,1,Peminjam Agresif (Grup 2),105000,48.0,6.24,21.7
0.9461393423019493,0.8005632125020242,1,Peminjam Agresif (Grup 2),45000,51.0,9.49,
0.66747276126814,0.7296763552431522,1,Peminjam Agresif (Grup 2),265000,78.0,4.75,96.5
0.4698864242399348,0.6411531991081324,1,Peminjam Agresif (Grup 2),105000,180.0,,80.103
0.4948123186978782,0.9816524746183122,1,Peminjam Agresif (Grup 2),375000,240.0,7.123,75.0
0.737836265846493,0.7803696418919365,1,Peminjam Agresif (Grup 2),255000,158.0,5.625,
0.4938703037954794,1.0463596573689813,1,Peminjam Agresif (Grup 2),75000,180.0,5.0,66.99
2.6525281371018687,1.0764197167873015,1,Peminjam Agresif (Grup 2),425000,165.0,,85.0
0.32319978620055423,0.80204586663588,1,Peminjam Agresif (Grup 2),265000,,3.5,
1.6816111472305157,0.6656975452040079,1,Peminjam Agresif (Grup 2),25000,800.0,,
0.5242965439638849,1.6265887116717697,1,Peminjam Agresif (Grup 2),335000,80.0,2.625,64.0
0.8584045351178808,0.8413553797095025,1,Peminjam Agresif (Grup 2),55000,120.0,,79.2
0.3058580516567189,0.6545512333510924,1,Peminjam Agresif (Grup 2),175000,43.0,2.875,65.134
0.3173973927898164,0.8803618359594313,1,Peminjam Agresif (Grup 2),225000,130.0,,
0.5755450586694577,1.1726642342241154,1,Peminjam Agresif (Grup 2),85000,210.0,4.0,49.3
-0.06733231264126105,0.6482921902070728,1,Peminjam Agresif (Grup 2),235000,,3.75,47.96
0.8481746816678576,1.3049769640655158,1,Peminjam Agresif (Grup 2),185000,,5.25,
1.6098920317337697,1.428159830259789,1,Peminjam Agresif (Grup 2),185000,77.0,7.75,60.0
1.8855168334682315,-0.09285168059108392,1,Peminjam Agresif (Grup 2),135000,392.0,6.15,80.496
0.5199548251582071,0.533371059010056,1,Peminjam Agresif (Grup 2),305000,,4.625,
2.725711504002696,-0.8832485887378573,1,Peminjam Agresif (Grup 2),155000,101.0,3.3,26.0
0.5358806462694629,0.7410741178020734,1,Peminjam Agresif (Grup 2),105000,0.0,,79.52
4.662183076310344,3.694408104940208,1,Peminjam Agresif (Grup 2),505000,166.0,4.875,
3.863157638357072,-0.979125774647494,1,Peminjam Agresif (Grup 2),805000,250.0,2.375,62.5
0.9233082630015129,1.3930548165747034,1,Peminjam Agresif (Grup 2),225000,156.0,2.25,53.64
0.7279982382653862,0.6083194660717418,1,Peminjam Agresif (Grup 2),495000,123.0,6.125,80.0
0.9912011066833478,1.3029602970225407,1,Peminjam Agresif (Grup 2),205000,122.0,3.375,68.989
0.22853800752887113,0.5386502691911638,1,Peminjam Agresif (Grup 2),85000,38.0,,95.0
0.6939082568475808,0.6911418974931832,1,Peminjam Agresif (Grup 2),365000,93.0,,
1.3014703833569028,0.8141361625268088,1,Peminjam Agresif (Grup 2),195000,40.0,4.75,76.538
3.718177824921314,1.6643485872332648,1,Peminjam Agresif (Grup 2),35000,150.0,6.25,89.96
0.27381788951135605,1.0570717436644324,1,Peminjam Agresif (Grup 2),305000,102.0,4.25,
1.2298695730629232,4.147575569471216,1,Peminjam Agresif (Grup 2),365000,,2.625,95.95
0.7714694794557234,1.0531906011113439,1,Peminjam Agresif (Grup 2),75000,32.0,7.9,
1.46326654509763,1.2923784716308815,1,Peminjam Agresif (Grup 2),105000,97.0,4.25,90.0
0.3414813987954144,1.0307711740263763,1,Peminjam Agresif (Grup 2),285000,70.0,4.499,
1.4859889675425613,1.4372962019438462,1,Peminjam Agresif (Grup 2),185000,46.0,5.99,55.792
1.3318076281099087,0.7626923725773692,1,Peminjam Agresif (Grup 2),925000,148.0,4.125,80.0
4.016218118105728,1.6615565708863047,1,Peminjam Agresif (Grup 2),475000,110.0,,
0.7513204769012252,0.8542542170831885,1,Peminjam Agresif (Grup 2),255000,99.0,6.1,85.0
0.7507138225304343,0.6685668696251401,1,Peminjam Agresif (Grup 2),145000,23.0,3.375,56.78
0.8929680585529265,0.8613301602122345,1,Peminjam Agresif (Grup 2),405000,296.0,,
0.2863373237383498,0.5994498885894248,1,Peminjam Agresif (Grup 2),205000,69.0,5.5,96.977
1.9410565171362417,1.5470461393747692,1,Peminjam Agresif (Grup 2),455000,,4.625,
4.295042899593972,2.5064800344683316,1,Peminjam Agresif (Grup 2),115000,,4.625,
1.070530809045723,0.7541184597851713,1,Peminjam Agresif (Grup 2),95000,160.0,13.5,65.0
4.017899102591083,-1.009048911178636,1,Peminjam Agresif (Grup 2),255000,739.0,5.25,77.284
1.593420987422967,3.615390378956746,1,Peminjam Agresif (Grup 2),145000,52.0,,88.87
0.4145560968686774,0.8156891787358039,1,Peminjam Agresif (Grup 2),475000,249.0,3.375,47.025
0.521750256974899,0.9373976490426195,1,Peminjam Agresif (Grup 2),315000,123.0,,
0.632700414711154,0.6300986141686231,1,Peminjam Agresif (Grup 2),195000,51.0,5.625,100.0
0.3922488020640576,0.9154444587645472,1,Peminjam Agresif (Grup 2),255000,79.0,,45.455
0.3344000044701502,0.6779816221237971,1,Peminjam Agresif (Grup 2),35000,65.0,8.5,64.21
1.4434283586354733,1.0574768589672687,1,Peminjam Agresif (Grup 2),275000,,3.75,
1.9885879120459433,0.8438375021020915,1,Peminjam Agresif (Grup 2),505000,194.0,,
1.917683998410747,1.028018128103768,1,Peminjam Agresif (Grup 2),655000,179.0,4.25,78.31
0.4210533501830937,3.370019873486876,1,Peminjam Agresif (Grup 2),1235000,269.0,5.875,84.96
1.0407932774727102,1.149728302453331,1,Peminjam Agresif (Grup 2),305000,93.0,5.625,89.851
0.47473437940422486,1.2691966984387164,1,Peminjam Agresif (Grup 2),375000,100.0,,
1.3719500308497317,3.1843995045430744,1,Peminjam Agresif (Grup 2),305000,212.0,,66.3
2.6309582701379264,-1.3332538213531968,1,Peminjam Agresif (Grup 2),315000,147.0,6.375,100.0
1.5506470018631329,0.9704309847940341,1,Peminjam Agresif (Grup 2),285000,50.0,5.5,74.16
0.3736990292751511,0.7569706273738099,1,Peminjam Agresif (Grup 2),25000,133.0,6.3,48.88
3.713820014310156,-0.6702344575563874,1,Peminjam Agresif (Grup 2),425000,195.0,5.99,80.0
0.7477625137408261,0.9957767422988596,1,Peminjam Agresif (Grup 2),225000,66.0,,
1.5468219755155739,0.8395281447320038,1,Peminjam Agresif (Grup 2),1785000,299.0,2.99,
0.921648508676914,0.5031313811775072,1,Peminjam Agresif (Grup 2),215000,119.0,2.375,60.857
0.6065088705639138,0.5883344528142583,1,Peminjam Agresif (Grup 2),165000,62.0,4.25,89.982
2.387748690031111,-0.1651450021826434,1,Peminjam Agresif (Grup 2),185000,115.0,3.99,58.0
0.27174176848905013,1.1057586475557428,1,Peminjam Agresif (Grup 2),615000,0.0,,101.75
0.7486868540398945,1.0555613714911207,1,Peminjam Agresif (Grup 2),155000,159.0,,79.56
2.0414291355434266,1.078871908752039,1,Peminjam Agresif (Grup 2),305000,96.0,,
2.7906305136043184,-1.000411598399399,1,Peminjam Agresif (Grup 2),105000,136.0,,
0.5185056495356832,0.5669583850911019,1,Peminjam Agresif (Grup 2),465000,108.0,4.75,79.913
0.9103367219645861,0.8770847526462263,1,Peminjam Agresif (Grup 2),85000,133.0,8.99,89.422
0.26894430214194925,0.6538674525261218,1,Peminjam Agresif (Grup 2),345000,225.0,,
0.8417904885708247,0.8368141374586817,1,Peminjam Agresif (Grup 2),105000,75.0,4.375,61.714
2.6467320195698254,1.1132019898691514,1,Peminjam Agresif (Grup 2),105000,162.0,,78.123
0.08423759251659288,0.6431982519439415,1,Peminjam Agresif (Grup 2),115000,,3.99,
1.7720701431260528,-0.2639324539736908,1,Peminjam Agresif (Grup 2),305000,144.0,4.0,64.0
1.020663049479491,1.1404130647131143,1,Peminjam Agresif (Grup 2),755000,108.0,,80.0
0.7743488309385174,1.2495223162024962,1,Peminjam Agresif (Grup 2),305000,220.0,3.75,44.444
1.6173742329348584,1.5778248494777685,1,Peminjam Agresif (Grup 2),215000,65.0,,73.244
0.8433261504722235,0.8113177335733899,1,Peminjam Agresif (Grup 2),595000,170.0,,80.0
1.22684559355474,0.827828652730229,1,Peminjam Agresif (Grup 2),415000,145.0,4.625,100.0
1.3302096159932042,0.975897068605701,1,Peminjam Agresif (Grup 2),295000,,8.5,
1.1563318734458814,1.0981016531368173,1,Peminjam Agresif (Grup 2),395000,530.0,7.7,43.9
2.4156606362907564,-1.0289274405979512,1,Peminjam Agresif (Grup 2),155000,95.0,2.49,80.0
0.8245574815237294,0.6114379268886748,1,Peminjam Agresif (Grup 2),155000,49.0,5.625,62.762
0.5618416231786326,0.8639857613086275,1,Peminjam Agresif (Grup 2),205000,257.0,6.72,33.333
0.7648941223452291,1.1283432688664523,1,Peminjam Agresif (Grup 2),375000,94.0,,80.0
1.2911889600900708,1.4387396401431896,1,Peminjam Agresif (Grup 2),805000,150.0,,
1.6285558135855371,1.0038813397691608,1,Peminjam Agresif (Grup 2),145000,,3.75,83.565
1.6435302254468491,1.0861014656356043,1,Peminjam Agresif (Grup 2),535000,122.0,3.25,90.981
1.171005632013788,1.1419891021977384,1,Peminjam Agresif (Grup 2),105000,69.0,3.75,53.0
0.797618488493977,1.0027391915153443,1,Peminjam Agresif (Grup 2),1055000,,4.0,
0.5666494860387541,1.015437527880143,1,Peminjam Agresif (Grup 2),35000,41.0,9.26,71.125
1.493811703905503,1.3532134544962036,1,Peminjam Agresif (Grup 2),105000,53.0,0.99,74.292
1.8896429648232644,-0.37342405058665945,1,Peminjam Agresif (Grup 2),475000,77.0,6.625,86.594
1.304035257634112,0.9527256707096364,1,Peminjam Agresif (Grup 2),75000,106.0,6.125,14.423
0.6832462121631986,0.908693319255583,1,Peminjam Agresif (Grup 2),125000,45.0,4.25,45.263
0.24727278568035638,0.29101615071570747,1,Peminjam Agresif (Grup 2),275000,89.0,,
0.6557902275338585,0.8101081558425546,1,Peminjam Agresif (Grup 2),395000,145.0,5.0,100.0
0.41750774856657696,0.9504034841494322,1,Peminjam Agresif (Grup 2),295000,170.0,,
0.15931079691478967,0.7380123075537802,1,Peminjam Agresif (Grup 2),185000,51.0,6.125,79.158
0.8293645023724012,1.1575481340807465,1,Peminjam Agresif (Grup 2),315000,56.0,,
0.46215391278564,0.6629615302658353,1,Peminjam Agresif (Grup 2),185000,62.0,4.25,56.364
1.0036140604727508,0.9802178982274884,1,Peminjam Agresif (Grup 2),855000,140.0,4.5,78.0
0.21232110005558538,0.48363739278966494,1,Peminjam Agresif (Grup 2),95000,29.0,4.875,75.0
3.7114156788974575,1.4665606186260667,1,Peminjam Agresif (Grup 2),295000,68.0,,
1.8542801063932972,0.8776568899638852,1,Peminjam Agresif (Grup 2),195000,142.0,2.24,80.963
0.6379653172319052,1.531565344291921,1,Peminjam Agresif (Grup 2),635000,248.0,,
1.6747053241903656,1.3085036882106282,1,Peminjam Agresif (Grup 2),45000,172.0,,89.891
0.7856808597360003,0.5581853358125834,1,Peminjam Agresif (Grup 2),205000,181.0,,42.21
1.5043627466963012,1.0771468134499034,1,Peminjam Agresif (Grup 2),525000,113.0,,
1.7125289258734497,0.970075317644661,1,Peminjam Agresif (Grup 2),65000,37.0,3.125,22.523
0.6724601329857102,0.9343476324973015,1,Peminjam Agresif (Grup 2),65000,192.0,6.4,81.26
0.701311601188491,0.7796291538439786,1,Peminjam Agresif (Grup 2),75000,60.0,5.0,48.746
0.491238319797836,3.5916162432495287,1,Peminjam Agresif (Grup 2),335000,164.0,3.0,80.0
0.8418656850399348,0.9757266139593284,1,Peminjam Agresif (Grup 2),455000,121.0,,
2.0593664963284657,1.2658782115991665,1,Peminjam Agresif (Grup 2),1325000,,3.0,
0.1126492757934357,1.2153395458083038,1,Peminjam Agresif (Grup 2),405000,78.0,,69.565
3.1594466973971334,1.5558384696482106,1,Peminjam Agresif (Grup 2),345000,145.0,5.125,95.0
2.6026326227968184,1.3041755588575332,1,Peminjam Agresif (Grup 2),865000,275.0,4.875,
1.16954820738942,0.8187263152225887,1,Peminjam Agresif (Grup 2),1985000,1770.0,,
1.886844612238175,0.07381109448080087,1,Peminjam Agresif (Grup 2),455000,159.0,5.875,95.0
0.14717689552622606,0.9565974793331055,1,Peminjam Agresif (Grup 2),25000,73.0,6.75,74.674
0.34151176596437144,0.7848098954937148,1,Peminjam Agresif (Grup 2),225000,93.0,5.75,90.0
1.958588558239763,1.2553632917990112,1,Peminjam Agresif (Grup 2),115000,136.0,6.25,79.99
0.5053533511858995,0.8227519026759749,1,Peminjam Agresif (Grup 2),15000,75.0,7.75,66.04
1.1836221621283642,0.6039129712607088,1,Peminjam Agresif (Grup 2),165000,95.0,,
0.3408922453881886,0.9130704514784985,1,Peminjam Agresif (Grup 2),525000,240.0,4.25,80.0
2.2658268069597627,-0.17177356423354567,1,Peminjam Agresif (Grup 2),435000,174.0,5.125,75.0
1.1177680933899892,0.7008765703929977,1,Peminjam Agresif (Grup 2),275000,48.0,3.875,95.0
0.5326435379015922,0.41669971237623626,1,Peminjam Agresif (Grup 2),25000,28.0,3.5,17.986
1.2861551702801695,2.1600521240496917,1,Peminjam Agresif (Grup 2),605000,170.0,,
-0.12297297877414967,1.1308477407667823,1,Peminjam Agresif (Grup 2),305000,98.0,5.125,80.0
0.5085579658020889,0.85483671450067,1,Peminjam Agresif (Grup 2),855000,181.0,5.75,85.0
0.2321085107444499,0.7859859004887713,1,Peminjam Agresif (Grup 2),75000,160.0,,
0.002762251621687767,0.7182545084026574,1,Peminjam Agresif (Grup 2),65000,116.0,,
2.5299804448366725,-0.8421904682500393,1,Peminjam Agresif (Grup 2),335000,167.0,5.5,75.0
2.1687042968782557,0.8798458170681298,1,Peminjam Agresif (Grup 2),385000,90.0,5.75,95.0
0.3603525421920418,0.8979396218449507,1,Peminjam Agresif (Grup 2),215000,53.0,4.25,80.0
0.3485086230390929,0.6256734948218545,1,Peminjam Agresif (Grup 2),85000,103.0,5.6,79.19
0.4028170325684126,1.51663214451642,1,Peminjam Agresif (Grup 2),125000,92.0,,
0.5132576736659973,0.8504277680149517,1,Peminjam Agresif (Grup 2),445000,116.0,,
1.115145362023578,0.9596001845271135,1,Peminjam Agresif (Grup 2),635000,,5.125,
1.1269157092934974,0.9641632420539833,1,Peminjam Agresif (Grup 2),445000,,2.375,
0.8479654224249565,1.1646965015976851,1,Peminjam Agresif (Grup 2),545000,175.0,4.999,71.053
1.7657958294042133,-0.7150908483290639,1,Peminjam Agresif (Grup 2),235000,133.0,,
1.0608562136776654,1.7910286081932567,1,Peminjam Agresif (Grup 2),345000,95.0,4.875,95.0
0.9468977228539143,0.7079723219706259,1,Peminjam Agresif (Grup 2),635000,167.0,,
2.812327041732055,1.4289181630929344,1,Peminjam Agresif (Grup 2),705000,,3.375,
1.717564248294549,1.15549259906904,1,Peminjam Agresif (Grup 2),1045000,178.0,,34.833
3.917401366075498,-1.5226125700292374,1,Peminjam Agresif (Grup 2),245000,186.0,,80.0
0.3074464763426955,0.2792875623212339,1,Peminjam Agresif (Grup 2),135000,37.0,4.625,
0.4424518317757437,0.5755501775559336,1,Peminjam Agresif (Grup 2),145000,33.0,3.25,32.56
1.3641525584351557,0.6722979799605614,1,Peminjam Agresif (Grup 2),495000,62.0,,56.926
1.8255675655040886,1.233868203862864,1,Peminjam Agresif (Grup 2),1325000,311.0,4.75,57.45
2.680649069219883,1.2214200657954595,1,Peminjam Agresif (Grup 2),105000,170.0,,
2.709671628251376,1.2917005626116114,1,Peminjam Agresif (Grup 2),645000,156.0,6.375,88.658
2.819103201459649,1.434384014998516,1,Peminjam Agresif (Grup 2),405000,230.0,4.75,86.075
0.4865516789646223,1.4987158067583484,1,Peminjam Agresif (Grup 2),265000,,3.375,
1.1555168470399435,1.2119202966298144,1,Peminjam Agresif (Grup 2),525000,107.0,4.99,80.0
1.7464351021566051,0.7687282491179742,1,Peminjam Agresif (Grup 2),205000,120.0,4.49,50.901
2.92494855734855,-0.1499274835634993,1,Peminjam Agresif (Grup 2),1305000,476.0,,
0.5739096804700794,0.605143957609829,1,Peminjam Agresif (Grup 2),175000,64.0,,
0.37188118312756424,0.9711415319415699,1,Peminjam Agresif (Grup 2),325000,80.0,5.125,90.0
0.5247752522963218,0.6181854753034745,1,Peminjam Agresif (Grup 2),485000,197.0,5.25,80.0
2.8793586383573504,-1.011147519190657,1,Peminjam Agresif (Grup 2),325000,132.0,3.375,64.314
-0.21093207918298532,1.0348598650268246,1,Peminjam Agresif (Grup 2),475000,,,
0.3323561642674504,1.4280553489926378,1,Peminjam Agresif (Grup 2),395000,183.0,2.875,39.628
