antecedents,consequents,support,confidence,lift
"derived_dwelling_category_multifamily:site-built, purchaser_type_0",total_units_5-24,0.0026501590095405723,0.7181571815718157,251.9698568915514
"conforming_loan_limit_missing, purchaser_type_0",total_units_5-24,0.0027101626097565854,0.7112860892388451,249.5590919556108
"derived_dwelling_category_multifamily:site-built, state_code_other",total_units_5-24,0.0014100846050763046,0.6980198019801981,244.90453361125589
"conforming_loan_limit_missing, state_code_other",total_units_5-24,0.0014500870052203132,0.69377990430622,243.4169394778813
"derived_dwelling_category_multifamily:site-built, derived_loan_product_type_conventional:first lien",total_units_5-24,0.0027401644098645917,0.6936708860759493,243.37868976238062
"derived_dwelling_category_multifamily:site-built, lien_status_1",total_units_5-24,0.0027401644098645917,0.6919191919191918,242.7640971114655
"conforming_loan_limit_missing, construction_method_1",derived_dwelling_category_multifamily:site-built,0.004130247814868892,1.0,242.11622276029055
"construction_method_1, total_units_5-24",derived_dwelling_category_multifamily:site-built,0.0027901674100446025,1.0,242.11622276029055
"conforming_loan_limit_missing, derived_loan_product_type_conventional:first lien",total_units_5-24,0.0028001680100806048,0.6879606879606879,241.37523169102113
"conforming_loan_limit_missing, lien_status_1",total_units_5-24,0.0028001680100806048,0.6862745098039215,240.78362573099412
"combined_loan_to_value_ratio_bin_(0.129, 68.474], total_units_5-24",derived_dwelling_category_multifamily:site-built,0.0010100606036362182,0.9901960784313725,239.74253430185632
"conforming_loan_limit_missing, interest_rate_bin_missing",derived_dwelling_category_multifamily:site-built,0.0012700762045722742,0.9844961240310076,238.3624828725341
"derived_dwelling_category_multifamily:site-built, loan_type_1",total_units_5-24,0.0027901674100446025,0.6788321167883211,238.17241644256626
"derived_dwelling_category_multifamily:site-built, preapproval_2",total_units_5-24,0.0027801668100086007,0.6780487804878049,237.8975780915704
"loan_size_Large, total_units_5-24",derived_dwelling_category_multifamily:site-built,0.002180130807848471,0.981981981981982,237.7537682961412
total_units_5-24,derived_dwelling_category_multifamily:site-built,0.0027901674100446025,0.9789473684210526,237.0190391232318
"loan_type_1, total_units_5-24",derived_dwelling_category_multifamily:site-built,0.0027901674100446025,0.9789473684210526,237.0190391232318
"conforming_loan_limit_missing, total_units_5-24",derived_dwelling_category_multifamily:site-built,0.0027901674100446025,0.9789473684210526,237.0190391232318
"occupancy_type_3, total_units_5-24",derived_dwelling_category_multifamily:site-built,0.0027901674100446025,0.9789473684210526,237.0190391232318
derived_dwelling_category_multifamily:site-built,total_units_5-24,0.0027901674100446025,0.6755447941888619,237.0190391232318
"conforming_loan_limit_missing, derived_dwelling_category_multifamily:site-built",total_units_5-24,0.0027901674100446025,0.6755447941888619,237.0190391232318
"conforming_loan_limit_missing, construction_method_1",total_units_5-24,0.0027901674100446025,0.6755447941888619,237.0190391232318
"derived_dwelling_category_multifamily:site-built, occupancy_type_3",total_units_5-24,0.0027901674100446025,0.6755447941888619,237.0190391232318
"construction_method_1, derived_dwelling_category_multifamily:site-built",total_units_5-24,0.0027901674100446025,0.6755447941888619,237.0190391232318
"preapproval_2, total_units_5-24",derived_dwelling_category_multifamily:site-built,0.0027801668100086007,0.9788732394366199,237.0010912935239
"derived_loan_product_type_conventional:first lien, total_units_5-24",derived_dwelling_category_multifamily:site-built,0.0027401644098645917,0.9785714285714285,236.92801798685576
"lien_status_1, total_units_5-24",derived_dwelling_category_multifamily:site-built,0.0027401644098645917,0.9785714285714285,236.92801798685576
"reverse_mortgage_2, total_units_5-24",derived_dwelling_category_multifamily:site-built,0.0022801368082084926,0.9785407725321889,236.92059566243026
"debt_to_income_ratio_missing, total_units_5-24",derived_dwelling_category_multifamily:site-built,0.002260135608136488,0.9783549783549783,236.87561187803317
"purchaser_type_0, total_units_5-24",derived_dwelling_category_multifamily:site-built,0.0026501590095405723,0.977859778597786,236.75571598330995
"co_applicant_age_missing, total_units_5-24",derived_dwelling_category_multifamily:site-built,0.002560153609216553,0.9770992366412213,236.5715764375358
"combined_loan_to_value_ratio_bin_missing, conforming_loan_limit_missing",derived_dwelling_category_multifamily:site-built,0.0012700762045722742,0.9769230769230769,236.52892531197617
"derived_race_race not available, total_units_5-24",derived_dwelling_category_multifamily:site-built,0.00250015000900054,0.9765625,236.44162378934624
"conforming_loan_limit_missing, loan_type_1",total_units_5-24,0.0028501710102606156,0.6737588652482269,236.39243498817967
"applicant_age_missing, total_units_5-24",derived_dwelling_category_multifamily:site-built,0.002420145208712523,0.9758064516129031,236.25857220963834
"conforming_loan_limit_missing, preapproval_2",total_units_5-24,0.0028401704102246133,0.6729857819905213,236.1211939802112
"state_code_other, total_units_5-24",derived_dwelling_category_multifamily:site-built,0.0014100846050763046,0.9724137931034483,235.4371545462136
"loan_term_bin_(0.999, 300.0], total_units_5-24",derived_dwelling_category_multifamily:site-built,0.001750105006300378,0.9722222222222222,235.39077212806026
"conforming_loan_limit_missing, loan_purpose_31",derived_dwelling_category_multifamily:site-built,0.0014000840050403024,0.9722222222222221,235.39077212806023
"co_applicant_age_missing, conforming_loan_limit_missing",derived_dwelling_category_multifamily:site-built,0.0038402304138248295,0.9721518987341772,235.37374567076347
derived_dwelling_category_multifamily:site-built,conforming_loan_limit_missing,0.004130247814868892,1.0,235.28
"derived_dwelling_category_multifamily:site-built, occupancy_type_3",conforming_loan_limit_missing,0.004130247814868892,1.0,235.28
"construction_method_1, derived_dwelling_category_multifamily:site-built",conforming_loan_limit_missing,0.004130247814868892,1.0,235.28
"derived_dwelling_category_multifamily:site-built, loan_type_1",conforming_loan_limit_missing,0.004110246614796888,1.0,235.28
"derived_dwelling_category_multifamily:site-built, preapproval_2",conforming_loan_limit_missing,0.004100246014760885,1.0,235.28
"derived_dwelling_category_multifamily:site-built, lien_status_1",conforming_loan_limit_missing,0.003960237614256856,1.0,235.28
"derived_dwelling_category_multifamily:site-built, derived_loan_product_type_conventional:first lien",conforming_loan_limit_missing,0.003950237014220853,1.0,235.28
"co_applicant_age_missing, derived_dwelling_category_multifamily:site-built",conforming_loan_limit_missing,0.0038402304138248295,1.0,235.28
"derived_dwelling_category_multifamily:site-built, derived_race_race not available",conforming_loan_limit_missing,0.003800228013680821,1.0,235.28
"applicant_age_missing, derived_dwelling_category_multifamily:site-built",conforming_loan_limit_missing,0.0037302238134288056,1.0,235.28
"derived_dwelling_category_multifamily:site-built, purchaser_type_0",conforming_loan_limit_missing,0.003690221413284797,1.0,235.28
"derived_dwelling_category_multifamily:site-built, reverse_mortgage_2",conforming_loan_limit_missing,0.003440206412384743,1.0,235.28
"debt_to_income_ratio_missing, derived_dwelling_category_multifamily:site-built",conforming_loan_limit_missing,0.003420205212312739,1.0,235.28
total_units_5-24,conforming_loan_limit_missing,0.0028501710102606156,1.0,235.28
"loan_type_1, total_units_5-24",conforming_loan_limit_missing,0.0028501710102606156,1.0,235.28
"occupancy_type_3, total_units_5-24",conforming_loan_limit_missing,0.0028501710102606156,1.0,235.28
"preapproval_2, total_units_5-24",conforming_loan_limit_missing,0.0028401704102246133,1.0,235.28
"derived_loan_product_type_conventional:first lien, total_units_5-24",conforming_loan_limit_missing,0.0028001680100806048,1.0,235.28
"lien_status_1, total_units_5-24",conforming_loan_limit_missing,0.0028001680100806048,1.0,235.28
"derived_dwelling_category_multifamily:site-built, total_units_5-24",conforming_loan_limit_missing,0.0027901674100446025,1.0,235.28
"construction_method_1, total_units_5-24",conforming_loan_limit_missing,0.0027901674100446025,1.0,235.28
"derived_dwelling_category_multifamily:site-built, loan_term_bin_(0.999, 300.0]",conforming_loan_limit_missing,0.0027701662099725985,1.0,235.28
"purchaser_type_0, total_units_5-24",conforming_loan_limit_missing,0.0027101626097565854,1.0,235.28
"co_applicant_age_missing, total_units_5-24",conforming_loan_limit_missing,0.002620157209432566,1.0,235.28
"derived_race_race not available, total_units_5-24",conforming_loan_limit_missing,0.002560153609216553,1.0,235.28
"applicant_age_missing, total_units_5-24",conforming_loan_limit_missing,0.002480148808928536,1.0,235.28
"reverse_mortgage_2, total_units_5-24",conforming_loan_limit_missing,0.0023301398083885034,1.0,235.28
"debt_to_income_ratio_missing, total_units_5-24",conforming_loan_limit_missing,0.002310138608316499,1.0,235.28
"derived_dwelling_category_multifamily:site-built, state_code_other",conforming_loan_limit_missing,0.0020201212072724363,1.0,235.28
"derived_dwelling_category_multifamily:site-built, loan_purpose_1",conforming_loan_limit_missing,0.0018801128067684062,1.0,235.28
"loan_term_bin_(0.999, 300.0], total_units_5-24",conforming_loan_limit_missing,0.0018001080064803888,1.0,235.28
"combined_loan_to_value_ratio_bin_(0.129, 68.474], derived_dwelling_category_multifamily:site-built",conforming_loan_limit_missing,0.0016701002060123607,1.0,235.28
"state_code_other, total_units_5-24",conforming_loan_limit_missing,0.0014500870052203132,1.0,235.28
"derived_dwelling_category_multifamily:site-built, loan_purpose_31",conforming_loan_limit_missing,0.0014000840050403024,1.0,235.28
"loan_purpose_1, total_units_5-24",conforming_loan_limit_missing,0.0012900774046442787,1.0,235.28
"derived_dwelling_category_multifamily:site-built, interest_rate_bin_missing",conforming_loan_limit_missing,0.0012700762045722742,1.0,235.28
"combined_loan_to_value_ratio_bin_missing, derived_dwelling_category_multifamily:site-built",conforming_loan_limit_missing,0.0012700762045722742,1.0,235.28
"derived_dwelling_category_multifamily:site-built, interest_rate_bin_(3.99, 5.375]",conforming_loan_limit_missing,0.001240074404464268,1.0,235.28
"combined_loan_to_value_ratio_bin_(68.474, 82.976], derived_dwelling_category_multifamily:site-built",conforming_loan_limit_missing,0.0011600696041762506,1.0,235.28
"combined_loan_to_value_ratio_bin_(0.129, 68.474], total_units_5-24",conforming_loan_limit_missing,0.0010200612036722204,1.0,235.28
conforming_loan_limit_missing,total_units_5-24,0.0028501710102606156,0.6705882352941176,235.28
"conforming_loan_limit_missing, occupancy_type_3",total_units_5-24,0.0028501710102606156,0.6705882352941176,235.28
conforming_loan_limit_missing,derived_dwelling_category_multifamily:site-built,0.004130247814868892,0.9717647058823529,235.27999999999997
"conforming_loan_limit_missing, occupancy_type_3",derived_dwelling_category_multifamily:site-built,0.004130247814868892,0.9717647058823529,235.27999999999997
"conforming_loan_limit_missing, loan_type_1",derived_dwelling_category_multifamily:site-built,0.004110246614796888,0.9716312056737588,235.24767743375747
"conforming_loan_limit_missing, preapproval_2",derived_dwelling_category_multifamily:site-built,0.004100246014760885,0.971563981042654,235.2314012599979
"combined_loan_to_value_ratio_bin_(0.129, 68.474], conforming_loan_limit_missing",derived_dwelling_category_multifamily:site-built,0.0016701002060123607,0.9709302325581395,235.07796047074723
"conforming_loan_limit_missing, lien_status_1",derived_dwelling_category_multifamily:site-built,0.003960237614256856,0.9705882352941176,234.9951573849879
"conforming_loan_limit_missing, derived_loan_product_type_conventional:first lien",derived_dwelling_category_multifamily:site-built,0.003950237014220853,0.9705159705159705,234.9776609098643
"conforming_loan_limit_missing, derived_race_race not available",derived_dwelling_category_multifamily:site-built,0.003800228013680821,0.9693877551020409,234.70450165538372
"conforming_loan_limit_missing, reverse_mortgage_2",derived_dwelling_category_multifamily:site-built,0.003440206412384743,0.9690140845070422,234.61402994236605
"conforming_loan_limit_missing, debt_to_income_ratio_missing",derived_dwelling_category_multifamily:site-built,0.003420205212312739,0.9688385269121814,234.57152460062147
"applicant_age_missing, conforming_loan_limit_missing",derived_dwelling_category_multifamily:site-built,0.0037302238134288056,0.9688311688311688,234.56974308983993
"conforming_loan_limit_missing, purchaser_type_0",derived_dwelling_category_multifamily:site-built,0.003690221413284797,0.968503937007874,234.49051495681684
"combined_loan_to_value_ratio_bin_(68.474, 82.976], conforming_loan_limit_missing",derived_dwelling_category_multifamily:site-built,0.0011600696041762506,0.9666666666666668,234.04568200161424
"conforming_loan_limit_missing, state_code_other",derived_dwelling_category_multifamily:site-built,0.0020201212072724363,0.9665071770334928,234.0070669740607
"co_applicant_age_missing, derived_dwelling_category_multifamily:site-built",total_units_5-24,0.002560153609216553,0.6666666666666666,233.90409356725146
"conforming_loan_limit_missing, loan_term_bin_(0.999, 300.0]",derived_dwelling_category_multifamily:site-built,0.0027701662099725985,0.9618055555555555,232.8687281409739
"conforming_loan_limit_missing, interest_rate_bin_(3.99, 5.375]",derived_dwelling_category_multifamily:site-built,0.001240074404464268,0.9612403100775194,232.73187304089947
"co_applicant_age_missing, conforming_loan_limit_missing",total_units_5-24,0.002620157209432566,0.6632911392405063,232.71976904286032
"derived_dwelling_category_multifamily:site-built, reverse_mortgage_2",total_units_5-24,0.0022801368082084926,0.6627906976744187,232.54418604651167
"conforming_loan_limit_missing, loan_purpose_1",derived_dwelling_category_multifamily:site-built,0.0018801128067684062,0.9591836734693878,232.2339279537481
"debt_to_income_ratio_missing, derived_dwelling_category_multifamily:site-built",total_units_5-24,0.002260135608136488,0.6608187134502923,231.85230327280186
"conforming_loan_limit_missing, loan_purpose_1",total_units_5-24,0.0012900774046442787,0.6581632653061226,230.92062298603656
"loan_purpose_1, total_units_5-24",derived_dwelling_category_multifamily:site-built,0.0012300738044282657,0.9534883720930232,230.8550030970212
"derived_dwelling_category_multifamily:site-built, derived_race_race not available",total_units_5-24,0.00250015000900054,0.6578947368421052,230.82640812557707
"conforming_loan_limit_missing, reverse_mortgage_2",total_units_5-24,0.0023301398083885034,0.6563380281690141,230.28022732888562
"conforming_loan_limit_missing, debt_to_income_ratio_missing",total_units_5-24,0.002310138608316499,0.6543909348441926,229.5970776800358
"derived_dwelling_category_multifamily:site-built, loan_purpose_1",total_units_5-24,0.0012300738044282657,0.6542553191489361,229.54949608062708
"conforming_loan_limit_missing, derived_race_race not available",total_units_5-24,0.002560153609216553,0.653061224489796,229.13054063730758
"applicant_age_missing, derived_dwelling_category_multifamily:site-built",total_units_5-24,0.002420145208712523,0.6487935656836461,227.6332063402474
"applicant_age_missing, conforming_loan_limit_missing",total_units_5-24,0.002480148808928536,0.6441558441558441,226.00603326498063
"derived_dwelling_category_multifamily:site-built, loan_term_bin_(0.999, 300.0]",total_units_5-24,0.001750105006300378,0.631768953068592,221.6600164671607
"derived_dwelling_category_multifamily:site-built, loan_size_Large",total_units_5-24,0.002180130807848471,0.630057803468208,221.059649122807
"conforming_loan_limit_missing, loan_term_bin_(0.999, 300.0]",total_units_5-24,0.0018001080064803888,0.625,219.28508771929825
"combined_loan_to_value_ratio_bin_(0.129, 68.474], derived_dwelling_category_multifamily:site-built",total_units_5-24,0.0010100606036362182,0.6047904191616766,212.19443218825506
"loan_term_bin_missing, purchaser_type_2",reverse_mortgage_1,0.002310138608316499,0.9428571428571428,137.83634085213032
"derived_loan_product_type_fha:first lien, loan_term_bin_missing",reverse_mortgage_1,0.005730343820629238,0.9197431781701445,134.4573090028442
"loan_term_bin_missing, loan_type_2",reverse_mortgage_1,0.005730343820629238,0.9182692307692307,134.24183254610884
"interest_rate_bin_(5.375, 15.25], loan_term_bin_missing",reverse_mortgage_1,0.001870112206732404,0.8095238095238095,118.34433305485936
"applicant_age_>74, loan_term_bin_missing",reverse_mortgage_1,0.0028201692101526093,0.7833333333333333,114.51554580896685
"debt_to_income_ratio_missing, loan_term_bin_missing",reverse_mortgage_1,0.006630397823869432,0.6842105263157895,100.02477685441674
"loan_term_bin_missing, state_code_ca",reverse_mortgage_1,0.0018201092065523931,0.6431095406360423,94.01622135432808
"loan_purpose_4, reverse_mortgage_1111",debt_to_income_ratio_exempt,0.0014700882052923175,1.0,55.30641592920354
"co_applicant_age_25-34, reverse_mortgage_1111",debt_to_income_ratio_exempt,0.001380082804968298,1.0,55.30641592920354
"reverse_mortgage_1111, state_code_pa",debt_to_income_ratio_exempt,0.0010700642038522312,1.0,55.30641592920354
"co_applicant_age_45-54, debt_to_income_ratio_exempt",reverse_mortgage_1111,0.0017601056063363803,1.0,55.18432671081678
"debt_to_income_ratio_exempt, loan_purpose_32",reverse_mortgage_1111,0.0015500930055803348,1.0,55.18432671081678
"construction_method_2, debt_to_income_ratio_exempt",reverse_mortgage_1111,0.0010400624037442247,1.0,55.18432671081678
"debt_to_income_ratio_exempt, derived_dwelling_category_single family (1-4 units):manufactured",reverse_mortgage_1111,0.0010300618037082225,1.0,55.18432671081678
"loan_size_Large, reverse_mortgage_1111",debt_to_income_ratio_exempt,0.0043402604156249375,0.9977011494252873,55.17927474315939
"applicant_age_25-34, reverse_mortgage_1111",debt_to_income_ratio_exempt,0.002230133808028482,0.9955357142857143,55.059512286662454
"debt_to_income_ratio_exempt, loan_size_Medium",reverse_mortgage_1111,0.0039002340140408425,0.9974424552429668,55.04319032536712
"debt_to_income_ratio_exempt, loan_purpose_31",reverse_mortgage_1111,0.0038402304138248295,0.9974025974025974,55.04099079728219
"debt_to_income_ratio_exempt, income_bracket_Low",reverse_mortgage_1111,0.00375022501350081,0.9973404255319148,55.03755988445822
"loan_purpose_31, reverse_mortgage_1111",debt_to_income_ratio_exempt,0.0038402304138248295,0.9948186528497409,55.019854188637716
"applicant_age_45-54, debt_to_income_ratio_exempt",reverse_mortgage_1111,0.003330199811988719,0.997005988023952,55.01910417575445
"debt_to_income_ratio_exempt, occupancy_type_3",reverse_mortgage_1111,0.004750285017101026,0.9958071278825995,54.952945886033476
"derived_race_race not available, reverse_mortgage_1111",debt_to_income_ratio_exempt,0.00440026401584095,0.9932279909706546,54.93188038115024
"loan_purpose_1, reverse_mortgage_1111",debt_to_income_ratio_exempt,0.008960537632257936,0.9922480620155039,54.877684022775604
"applicant_age_missing, debt_to_income_ratio_exempt",reverse_mortgage_1111,0.0033201992119527173,0.9940119760479043,54.85388164069213
"debt_to_income_ratio_exempt, lien_status_1",reverse_mortgage_1111,0.014880892853571213,0.9939879759519037,54.852557211553346
"debt_to_income_ratio_exempt, derived_loan_product_type_conventional:first lien",reverse_mortgage_1111,0.014780886853211193,0.9939475453934096,54.8503260784043
"derived_sex_male, reverse_mortgage_1111",debt_to_income_ratio_exempt,0.00458027481648899,0.9913419913419914,54.82757250124507
"applicant_age_45-54, reverse_mortgage_1111",debt_to_income_ratio_exempt,0.003330199811988719,0.9910714285714285,54.81260864412136
"applicant_age_missing, reverse_mortgage_1111",debt_to_income_ratio_exempt,0.0033201992119527173,0.991044776119403,54.811134592524105
"combined_loan_to_value_ratio_bin_missing, reverse_mortgage_1111",debt_to_income_ratio_exempt,0.017881072864371864,0.9905817174515236,54.785524477238745
"debt_to_income_ratio_exempt, loan_term_bin_missing",reverse_mortgage_1111,0.017841070464227855,0.9927657206455204,54.785107875401856
"co_applicant_age_missing, reverse_mortgage_1111",debt_to_income_ratio_exempt,0.01041062463747825,0.9904852521408184,54.780189326642144
"income_bracket_Medium, reverse_mortgage_1111",debt_to_income_ratio_exempt,0.003120187211232674,0.9904761904761905,54.779688158449225
"income_bracket_Very High, reverse_mortgage_1111",debt_to_income_ratio_exempt,0.004100246014760885,0.9903381642512077,54.77205442264118
"co_applicant_age_missing, debt_to_income_ratio_exempt",reverse_mortgage_1111,0.01041062463747825,0.9923736892278361,54.763473885567464
"loan_term_bin_missing, reverse_mortgage_1111",debt_to_income_ratio_exempt,0.017841070464227855,0.9900110987791343,54.753965603606616
"occupancy_type_3, reverse_mortgage_1111",debt_to_income_ratio_exempt,0.004750285017101026,0.9895833333333334,54.73030742994101
"interest_rate_bin_missing, reverse_mortgage_1111",debt_to_income_ratio_exempt,0.017881072864371864,0.989485334809076,54.724887482797975
"reverse_mortgage_1111, state_code_other",debt_to_income_ratio_exempt,0.010990659439566374,0.9891989198919893,54.70904690026525
"debt_to_income_ratio_exempt, derived_sex_male",reverse_mortgage_1111,0.00458027481648899,0.9913419913419914,54.70654033236815
"derived_sex_female, reverse_mortgage_1111",debt_to_income_ratio_exempt,0.00273016380982859,0.9891304347826088,54.7052592343209
"debt_to_income_ratio_exempt, loan_purpose_1",reverse_mortgage_1111,0.008960537632257936,0.9911504424778762,54.69596983726973
"co_applicant_age_45-54, reverse_mortgage_1111",debt_to_income_ratio_exempt,0.0017601056063363803,0.9887640449438202,54.684995525504625
"debt_to_income_ratio_exempt, derived_race_white",reverse_mortgage_1111,0.011770706242374543,0.9907407407407407,54.67336072275366
"purchaser_type_0, reverse_mortgage_1111",debt_to_income_ratio_exempt,0.016220973258395503,0.9884216940889701,54.66606132673257
"construction_method_1, reverse_mortgage_1111",debt_to_income_ratio_exempt,0.016841010460627637,0.988262910798122,54.65727959200631
"debt_to_income_ratio_exempt, derived_ethnicity_not hispanic or latino",reverse_mortgage_1111,0.012280736844210653,0.9903225806451613,54.65028483942178
"lien_status_1, reverse_mortgage_1111",debt_to_income_ratio_exempt,0.014880892853571213,0.9880478087649401,54.64538306949194
"debt_to_income_ratio_exempt, purchaser_type_0",reverse_mortgage_1111,0.016220973258395503,0.9902319902319902,54.645285668464474
"derived_loan_product_type_conventional:first lien, reverse_mortgage_1111",debt_to_income_ratio_exempt,0.014780886853211193,0.9879679144385027,54.64096440064361
"debt_to_income_ratio_exempt, loan_purpose_2",reverse_mortgage_1111,0.00199011940716443,0.9900497512437813,54.6352289325997
"derived_dwelling_category_single family (1-4 units):site-built, reverse_mortgage_1111",debt_to_income_ratio_exempt,0.016150969058143488,0.9877675840978593,54.62988484750074
"debt_to_income_ratio_exempt, preapproval_2",reverse_mortgage_1111,0.017371042262535753,0.9897435897435898,54.61833361634687
"loan_size_Medium, reverse_mortgage_1111",debt_to_income_ratio_exempt,0.0039002340140408425,0.9873417721518988,54.60633471490983
"derived_ethnicity_not hispanic or latino, reverse_mortgage_1111",debt_to_income_ratio_exempt,0.012280736844210653,0.9871382636655949,54.59507938992118
"applicant_age_55-64, debt_to_income_ratio_exempt",reverse_mortgage_1111,0.0027701662099725985,0.9892857142857143,54.593066067486596
"debt_to_income_ratio_exempt, derived_sex_female",reverse_mortgage_1111,0.00273016380982859,0.9891304347826088,54.58449707265573
debt_to_income_ratio_exempt,reverse_mortgage_1111,0.017881072864371864,0.9889380530973453,54.573880618882974
"debt_to_income_ratio_exempt, interest_rate_bin_missing",reverse_mortgage_1111,0.017881072864371864,0.9889380530973453,54.573880618882974
"combined_loan_to_value_ratio_bin_missing, debt_to_income_ratio_exempt",reverse_mortgage_1111,0.017881072864371864,0.9889380530973453,54.573880618882974
reverse_mortgage_1111,debt_to_income_ratio_exempt,0.017881072864371864,0.9867549668874173,54.57388061888297
"debt_to_income_ratio_exempt, loan_type_1",reverse_mortgage_1111,0.01778106686401184,0.9888765294771968,54.57048547932827
"loan_type_1, reverse_mortgage_1111",debt_to_income_ratio_exempt,0.01778106686401184,0.9866814650388456,54.569815495074295
"debt_to_income_ratio_exempt, loan_size_Large",reverse_mortgage_1111,0.0043402604156249375,0.988610478359909,54.55580362755008
"preapproval_2, reverse_mortgage_1111",debt_to_income_ratio_exempt,0.017371042262535753,0.9863713798977854,54.55266579728936
"conforming_loan_limit_c, debt_to_income_ratio_exempt",reverse_mortgage_1111,0.016360981658899532,0.9885196374622356,54.55079063377416
"construction_method_1, debt_to_income_ratio_exempt",reverse_mortgage_1111,0.016841010460627637,0.988262910798122,54.53662334566634
"debt_to_income_ratio_exempt, total_units_1",reverse_mortgage_1111,0.015900954057243434,0.988191423244251,54.53267835313777
"occupancy_type_1, reverse_mortgage_1111",debt_to_income_ratio_exempt,0.012380742844570674,0.9856687898089173,54.51380805760668
"debt_to_income_ratio_exempt, derived_dwelling_category_single family (1-4 units):site-built",reverse_mortgage_1111,0.016150969058143488,0.9877675840978593,54.509289075210454
"conforming_loan_limit_c, reverse_mortgage_1111",debt_to_income_ratio_exempt,0.016360981658899532,0.9855421686746987,54.50680509649216
"debt_to_income_ratio_exempt, income_bracket_High",reverse_mortgage_1111,0.0032001920115206912,0.9876543209876544,54.50303872673262
"reverse_mortgage_1111, total_units_1",debt_to_income_ratio_exempt,0.015900954057243434,0.9851301115241634,54.484015692338055
"debt_to_income_ratio_exempt, derived_race_race not available",reverse_mortgage_1111,0.00440026401584095,0.9865470852017936,54.44193666537977
"debt_to_income_ratio_exempt, state_code_other",reverse_mortgage_1111,0.010990659439566374,0.9865350089766608,54.44127024702661
"debt_to_income_ratio_exempt, state_code_tx",reverse_mortgage_1111,0.0013900834050043004,0.9858156028368794,54.40157030357115
"co_applicant_age_25-34, debt_to_income_ratio_exempt",reverse_mortgage_1111,0.001380082804968298,0.9857142857142858,54.39597918637654
"debt_to_income_ratio_exempt, loan_size_Small",reverse_mortgage_1111,0.009640578434706082,0.9856850715746421,54.39436702374987
"debt_to_income_ratio_exempt, occupancy_type_1",reverse_mortgage_1111,0.012380742844570674,0.9856687898089173,54.39346852547068
"derived_race_white, reverse_mortgage_1111",debt_to_income_ratio_exempt,0.011770706242374543,0.9832915622389307,54.38233212086263
"applicant_age_35-44, reverse_mortgage_1111",debt_to_income_ratio_exempt,0.003500210012600756,0.9831460674157303,54.374285323655165
"debt_to_income_ratio_exempt, income_bracket_Medium",reverse_mortgage_1111,0.003120187211232674,0.9842271293375394,54.3139114630121
"applicant_age_65-74, reverse_mortgage_1111",debt_to_income_ratio_exempt,0.0016300978058683521,0.9819277108433735,54.30690238831432
"co_applicant_age_55-64, debt_to_income_ratio_exempt",reverse_mortgage_1111,0.0012300738044282657,0.984,54.30137748344371
"loan_size_Small, reverse_mortgage_1111",debt_to_income_ratio_exempt,0.009640578434706082,0.9816700610997964,54.292652704431994
"applicant_age_35-44, debt_to_income_ratio_exempt",reverse_mortgage_1111,0.003500210012600756,0.9831460674157303,54.254253788724355
"derived_loan_product_type_conventional:subordinate lien, reverse_mortgage_1111",debt_to_income_ratio_exempt,0.003000180010800648,0.9803921568627451,54.22197640117994
"lien_status_2, reverse_mortgage_1111",debt_to_income_ratio_exempt,0.003000180010800648,0.9803921568627451,54.22197640117994
"applicant_age_25-34, debt_to_income_ratio_exempt",reverse_mortgage_1111,0.002230133808028482,0.9823788546255507,54.21191566745437
"income_bracket_Low, reverse_mortgage_1111",debt_to_income_ratio_exempt,0.00375022501350081,0.97911227154047,54.15119053120451
"reverse_mortgage_1111, state_code_tx",debt_to_income_ratio_exempt,0.0013900834050043004,0.9788732394366199,54.137970522248544
"applicant_age_55-64, reverse_mortgage_1111",debt_to_income_ratio_exempt,0.0027701662099725985,0.9787985865724381,54.1338417398918
"debt_to_income_ratio_exempt, income_bracket_Very High",reverse_mortgage_1111,0.004100246014760885,0.9808612440191385,54.12816734793032
"income_bracket_High, reverse_mortgage_1111",debt_to_income_ratio_exempt,0.0032001920115206912,0.9756097560975611,53.95747895532053
"co_applicant_age_35-44, reverse_mortgage_1111",debt_to_income_ratio_exempt,0.0018901134068044082,0.9742268041237113,53.88099283824469
"applicant_age_65-74, debt_to_income_ratio_exempt",reverse_mortgage_1111,0.0016300978058683521,0.9760479041916168,53.862546430318176
"loan_purpose_2, reverse_mortgage_1111",debt_to_income_ratio_exempt,0.00199011940716443,0.9707317073170734,53.68769156054394
"debt_to_income_ratio_exempt, state_code_pa",reverse_mortgage_1111,0.0010700642038522312,0.9727272727272729,53.6792996187036
"co_applicant_age_55-64, reverse_mortgage_1111",debt_to_income_ratio_exempt,0.0012300738044282657,0.9685039370078741,53.56448156922863
"co_applicant_age_35-44, debt_to_income_ratio_exempt",reverse_mortgage_1111,0.0018901134068044082,0.9692307692307692,53.48634742740703
"construction_method_2, reverse_mortgage_1111",debt_to_income_ratio_exempt,0.0010400624037442247,0.962962962962963,53.25803015404786
"derived_dwelling_category_single family (1-4 units):manufactured, reverse_mortgage_1111",debt_to_income_ratio_exempt,0.0010300618037082225,0.9626168224299064,53.23888636175667
"debt_to_income_ratio_exempt, derived_loan_product_type_conventional:subordinate lien",reverse_mortgage_1111,0.003000180010800648,0.9646302250803859,53.232469495964736
"debt_to_income_ratio_exempt, lien_status_2",reverse_mortgage_1111,0.003000180010800648,0.9646302250803859,53.232469495964736
"loan_purpose_32, reverse_mortgage_1111",debt_to_income_ratio_exempt,0.0015500930055803348,0.9451219512195123,52.271307737966765
"debt_to_income_ratio_exempt, loan_purpose_4",reverse_mortgage_1111,0.0014700882052923175,0.9423076923076922,52.0006155544235
"loan_term_bin_missing, occupancy_type_3",reverse_mortgage_1111,0.004790287417245034,0.91412213740458,50.44521468412449
"loan_term_bin_missing, occupancy_type_3",debt_to_income_ratio_exempt,0.004770286217173031,0.9103053435114504,50.345725950820785
"loan_purpose_1, loan_term_bin_missing",debt_to_income_ratio_exempt,0.009030541832509951,0.8113207547169812,44.87124311237269
"loan_purpose_1, loan_term_bin_missing",reverse_mortgage_1111,0.008990539432365942,0.8077268643306379,44.5738631743255
"derived_loan_product_type_conventional:first lien, loan_term_bin_missing",reverse_mortgage_1111,0.014880892853571213,0.7428856714927609,40.99564560444102
"derived_loan_product_type_conventional:first lien, loan_term_bin_missing",debt_to_income_ratio_exempt,0.014840890453427206,0.7408886669995008,40.97589677430757
"applicant_age_missing, loan_term_bin_missing",debt_to_income_ratio_exempt,0.0033402004120247214,0.7260869565217392,40.15726721816083
"applicant_age_missing, loan_term_bin_missing",reverse_mortgage_1111,0.003330199811988719,0.7239130434782609,39.94865390152606
"loan_term_bin_missing, state_code_pa",debt_to_income_ratio_exempt,0.0011000660039602375,0.7142857142857143,39.50458280657396
"income_bracket_Very High, loan_term_bin_missing",debt_to_income_ratio_exempt,0.00412024721483289,0.7030716723549487,38.884374339303506
"income_bracket_Very High, loan_term_bin_missing",reverse_mortgage_1111,0.004100246014760885,0.6996587030716722,38.610194456373506
"loan_term_bin_missing, state_code_pa",reverse_mortgage_1111,0.0010700642038522312,0.6948051948051949,38.34235687050257
"co_applicant_age_25-34, loan_term_bin_missing",debt_to_income_ratio_exempt,0.001380082804968298,0.6831683168316832,37.78359108034697
"co_applicant_age_25-34, loan_term_bin_missing",reverse_mortgage_1111,0.001380082804968298,0.6831683168316832,37.70018359451839
"co_applicant_age_35-44, loan_term_bin_missing",reverse_mortgage_1111,0.001930115806948417,0.6701388888888888,36.98116338606818
"co_applicant_age_35-44, loan_term_bin_missing",debt_to_income_ratio_exempt,0.0019201152069124147,0.6666666666666666,36.87094395280236
"co_applicant_age_45-54, loan_term_bin_missing",reverse_mortgage_1111,0.0017801068064083846,0.6666666666666666,36.78955114054452
"co_applicant_age_45-54, loan_term_bin_missing",debt_to_income_ratio_exempt,0.0017601056063363803,0.6591760299625469,36.45666368366975
"combined_loan_to_value_ratio_bin_missing, loan_term_bin_missing",debt_to_income_ratio_exempt,0.01797107826469588,0.6584829607914987,36.418332511828055
"combined_loan_to_value_ratio_bin_missing, loan_term_bin_missing",reverse_mortgage_1111,0.017991079464767887,0.6592158299743497,36.37838173424676
"interest_rate_bin_missing, loan_term_bin_missing",reverse_mortgage_1111,0.01801108066483989,0.6575392479006936,36.28586068133662
"interest_rate_bin_missing, loan_term_bin_missing",debt_to_income_ratio_exempt,0.01797107826469588,0.6560788608981379,36.28537036319049
"loan_term_bin_missing, loan_type_1",reverse_mortgage_1111,0.017921075264515873,0.6270118964310707,34.60122934422102
"loan_term_bin_missing, loan_type_1",debt_to_income_ratio_exempt,0.01787107226433586,0.625262421273618,34.5810235358596
"loan_term_bin_missing, state_code_other",debt_to_income_ratio_exempt,0.011040662439746385,0.6198764738910724,34.283146089747724
"co_applicant_age_55-64, loan_term_bin_missing",reverse_mortgage_1111,0.0012600756045362722,0.6206896551724138,34.25234071705869
"loan_term_bin_missing, state_code_other",reverse_mortgage_1111,0.011050663039782386,0.6204379562043795,34.23845087897391
"construction_method_2, loan_term_bin_missing",reverse_mortgage_1111,0.0010700642038522312,0.6184971098265897,34.13134657836645
"co_applicant_age_55-64, loan_term_bin_missing",debt_to_income_ratio_exempt,0.00125007500450027,0.6157635467980295,34.055674833253406
"derived_dwelling_category_single family (1-4 units):manufactured, loan_term_bin_missing",reverse_mortgage_1111,0.001060063603816229,0.6162790697674418,34.008945531084755
"construction_method_2, loan_term_bin_missing",debt_to_income_ratio_exempt,0.0010400624037442247,0.6011560693641619,33.24778761061947
reverse_mortgage_1,loan_term_bin_missing,0.006840410424625478,1.0,28.545246931201824
"preapproval_2, reverse_mortgage_1",loan_term_bin_missing,0.006840410424625478,1.0,28.545246931201824
"lien_status_1, reverse_mortgage_1",loan_term_bin_missing,0.006840410424625478,1.0,28.545246931201824
"occupancy_type_1, reverse_mortgage_1",loan_term_bin_missing,0.006840410424625478,1.0,28.545246931201824
"reverse_mortgage_1, total_units_1",loan_term_bin_missing,0.006770406224373462,1.0,28.545246931201824
"derived_dwelling_category_single family (1-4 units):site-built, reverse_mortgage_1",loan_term_bin_missing,0.006640398423905435,1.0,28.545246931201824
"construction_method_1, reverse_mortgage_1",loan_term_bin_missing,0.006640398423905435,1.0,28.545246931201824
"debt_to_income_ratio_missing, reverse_mortgage_1",loan_term_bin_missing,0.006630397823869432,1.0,28.545246931201824
"conforming_loan_limit_c, reverse_mortgage_1",loan_term_bin_missing,0.006590395423725423,1.0,28.545246931201824
"combined_loan_to_value_ratio_bin_missing, reverse_mortgage_1",loan_term_bin_missing,0.006500390023401404,1.0,28.545246931201824
"loan_type_2, reverse_mortgage_1",loan_term_bin_missing,0.005730343820629238,1.0,28.545246931201824
"derived_loan_product_type_fha:first lien, reverse_mortgage_1",loan_term_bin_missing,0.005730343820629238,1.0,28.545246931201824
"income_bracket_Low, reverse_mortgage_1",loan_term_bin_missing,0.00528031681900914,1.0,28.545246931201824
"loan_purpose_31, reverse_mortgage_1",loan_term_bin_missing,0.005180310818649119,1.0,28.545246931201824
"debt_to_income_ratio_exempt, occupancy_type_3",loan_term_bin_missing,0.004770286217173031,1.0,28.545246931201824
"derived_ethnicity_not hispanic or latino, reverse_mortgage_1",loan_term_bin_missing,0.004670280216813009,1.0,28.545246931201824
"co_applicant_age_missing, reverse_mortgage_1",loan_term_bin_missing,0.004650279016741005,1.0,28.545246931201824
"derived_race_white, reverse_mortgage_1",loan_term_bin_missing,0.004330259815588935,1.0,28.545246931201824
"debt_to_income_ratio_exempt, loan_size_Medium",loan_term_bin_missing,0.003910234614076844,1.0,28.545246931201824
"applicant_age_45-54, reverse_mortgage_1111",loan_term_bin_missing,0.003360201612096726,1.0,28.545246931201824
"applicant_age_missing, debt_to_income_ratio_exempt",loan_term_bin_missing,0.0033402004120247214,1.0,28.545246931201824
"debt_to_income_ratio_exempt, income_bracket_High",loan_term_bin_missing,0.0032401944116647,1.0,28.545246931201824
"purchaser_type_0, reverse_mortgage_1",loan_term_bin_missing,0.003000180010800648,1.0,28.545246931201824
"applicant_age_>74, reverse_mortgage_1",loan_term_bin_missing,0.0028201692101526093,1.0,28.545246931201824
"applicant_age_65-74, reverse_mortgage_1",loan_term_bin_missing,0.00273016380982859,1.0,28.545246931201824
"loan_size_Medium, reverse_mortgage_1",loan_term_bin_missing,0.0026501590095405723,1.0,28.545246931201824
"reverse_mortgage_1, state_code_other",loan_term_bin_missing,0.0025401524091445485,1.0,28.545246931201824
"purchaser_type_2, reverse_mortgage_1",loan_term_bin_missing,0.002310138608316499,1.0,28.545246931201824
"derived_sex_female, reverse_mortgage_1",loan_term_bin_missing,0.002250135008100486,1.0,28.545246931201824
"interest_rate_bin_missing, reverse_mortgage_1",loan_term_bin_missing,0.002240134408064484,1.0,28.545246931201824
"loan_size_Large, reverse_mortgage_1",loan_term_bin_missing,0.0021701302078124688,1.0,28.545246931201824
"loan_size_Small, reverse_mortgage_1",loan_term_bin_missing,0.0020201212072724363,1.0,28.545246931201824
"interest_rate_bin_(5.375, 15.25], reverse_mortgage_1",loan_term_bin_missing,0.001870112206732404,1.0,28.545246931201824
"derived_race_race not available, reverse_mortgage_1",loan_term_bin_missing,0.0018501110066603996,1.0,28.545246931201824
"reverse_mortgage_1, state_code_ca",loan_term_bin_missing,0.0018201092065523931,1.0,28.545246931201824
"co_applicant_age_45-54, reverse_mortgage_1111",loan_term_bin_missing,0.0017801068064083846,1.0,28.545246931201824
"co_applicant_age_45-54, debt_to_income_ratio_exempt",loan_term_bin_missing,0.0017601056063363803,1.0,28.545246931201824
"interest_rate_bin_(-0.001, 3.99], reverse_mortgage_1",loan_term_bin_missing,0.001690101406084365,1.0,28.545246931201824
"debt_to_income_ratio_exempt, loan_purpose_32",loan_term_bin_missing,0.0015500930055803348,1.0,28.545246931201824
"loan_purpose_4, reverse_mortgage_1111",loan_term_bin_missing,0.0014700882052923175,1.0,28.545246931201824
"derived_sex_male, reverse_mortgage_1",loan_term_bin_missing,0.0014500870052203132,1.0,28.545246931201824
"reverse_mortgage_1111, state_code_tx",loan_term_bin_missing,0.0014200852051123067,1.0,28.545246931201824
"debt_to_income_ratio_exempt, state_code_tx",loan_term_bin_missing,0.0014100846050763046,1.0,28.545246931201824
"co_applicant_age_25-34, reverse_mortgage_1111",loan_term_bin_missing,0.001380082804968298,1.0,28.545246931201824
"co_applicant_age_55-64, debt_to_income_ratio_exempt",loan_term_bin_missing,0.00125007500450027,1.0,28.545246931201824
"debt_to_income_ratio_exempt, state_code_pa",loan_term_bin_missing,0.0011000660039602375,1.0,28.545246931201824
"loan_type_1, reverse_mortgage_1",loan_term_bin_missing,0.0010700642038522312,1.0,28.545246931201824
"reverse_mortgage_1111, state_code_pa",loan_term_bin_missing,0.0010700642038522312,1.0,28.545246931201824
"derived_loan_product_type_conventional:first lien, reverse_mortgage_1",loan_term_bin_missing,0.0010700642038522312,1.0,28.545246931201824
"interest_rate_bin_(3.99, 5.375], reverse_mortgage_1",loan_term_bin_missing,0.0010400624037442247,1.0,28.545246931201824
"construction_method_2, debt_to_income_ratio_exempt",loan_term_bin_missing,0.0010400624037442247,1.0,28.545246931201824
"debt_to_income_ratio_exempt, derived_dwelling_category_single family (1-4 units):manufactured",loan_term_bin_missing,0.0010300618037082225,1.0,28.545246931201824
"debt_to_income_ratio_exempt, loan_purpose_1",loan_term_bin_missing,0.009030541832509951,0.9988938053097346,28.513670330614215
"debt_to_income_ratio_exempt, lien_status_1",loan_term_bin_missing,0.014940896453787227,0.9979959919839678,28.488042027532078
"debt_to_income_ratio_exempt, derived_loan_product_type_conventional:first lien",loan_term_bin_missing,0.014840890453427206,0.9979825151311366,28.487657327440154
"occupancy_type_3, reverse_mortgage_1111",loan_term_bin_missing,0.004790287417245034,0.9979166666666667,28.485777666761823
"debt_to_income_ratio_exempt, reverse_mortgage_1111",loan_term_bin_missing,0.017841070464227855,0.9977628635346756,28.481387318380342
"derived_race_race not available, reverse_mortgage_1111",loan_term_bin_missing,0.004420265215912955,0.9977426636568849,28.480810707880828
"debt_to_income_ratio_exempt, loan_size_Large",loan_term_bin_missing,0.0043802628157689465,0.997722095671982,28.4802235896729
"loan_purpose_31, reverse_mortgage_1111",loan_term_bin_missing,0.0038502310138608317,0.9974093264248705,28.471295514281614
"debt_to_income_ratio_exempt, loan_purpose_31",loan_term_bin_missing,0.0038402304138248295,0.9974025974025974,28.47110343267922
"debt_to_income_ratio_exempt, income_bracket_Low",loan_term_bin_missing,0.00375022501350081,0.9973404255319148,28.469328721278416
"applicant_age_35-44, reverse_mortgage_1111",loan_term_bin_missing,0.003550213012780767,0.997191011235955,28.46506365330519
"applicant_age_45-54, debt_to_income_ratio_exempt",loan_term_bin_missing,0.003330199811988719,0.997005988023952,28.45978212003056
"income_bracket_High, reverse_mortgage_1111",loan_term_bin_missing,0.0032701962117727065,0.9969512195121952,28.45821873933841
"interest_rate_bin_missing, reverse_mortgage_1111",loan_term_bin_missing,0.01801108066483989,0.9966795794133925,28.450464705641668
"combined_loan_to_value_ratio_bin_missing, reverse_mortgage_1111",loan_term_bin_missing,0.017991079464767887,0.9966759002770084,28.450359683785088
"loan_size_Small, reverse_mortgage_1111",loan_term_bin_missing,0.009780586835210112,0.9959266802443991,28.428973012948454
"debt_to_income_ratio_exempt, purchaser_type_0",loan_term_bin_missing,0.016310978658719524,0.9957264957264957,28.4232586964531
"derived_sex_male, reverse_mortgage_1111",loan_term_bin_missing,0.004600276016560993,0.9956709956709956,28.42167443366415
"loan_purpose_1, reverse_mortgage_1111",loan_term_bin_missing,0.008990539432365942,0.9955703211517165,28.41880065465165
"applicant_age_25-34, reverse_mortgage_1111",loan_term_bin_missing,0.002230133808028482,0.9955357142857143,28.417812793116102
"debt_to_income_ratio_exempt, derived_race_race not available",loan_term_bin_missing,0.004440266415984959,0.9955156950672646,28.417241339582084
"loan_size_Large, reverse_mortgage_1111",loan_term_bin_missing,0.004330259815588935,0.9954022988505746,28.414004416575608
"co_applicant_age_missing, debt_to_income_ratio_exempt",loan_term_bin_missing,0.010440626437586255,0.9952335557673976,28.409187603598387
"co_applicant_age_35-44, reverse_mortgage_1111",loan_term_bin_missing,0.001930115806948417,0.9948453608247423,28.398106483102847
"income_bracket_Low, reverse_mortgage_1111",loan_term_bin_missing,0.003810228613716823,0.9947780678851176,28.396185589524535
"construction_method_1, reverse_mortgage_1111",loan_term_bin_missing,0.01695101706102366,0.9947183098591549,28.39447978191731
"lien_status_1, reverse_mortgage_1111",loan_term_bin_missing,0.014980898853931236,0.9946879150066401,28.393612153346837
"derived_loan_product_type_conventional:first lien, reverse_mortgage_1111",loan_term_bin_missing,0.014880892853571213,0.9946524064171123,28.392598551890586
"reverse_mortgage_1111, state_code_other",loan_term_bin_missing,0.011050663039782386,0.9945994599459945,28.391087181798394
"derived_dwelling_category_single family (1-4 units):site-built, reverse_mortgage_1111",loan_term_bin_missing,0.01626097565853951,0.9944954128440366,28.38811713158053
reverse_mortgage_1111,loan_term_bin_missing,0.018021081264875893,0.9944812362030906,28.38771245586407
"loan_type_1, reverse_mortgage_1111",loan_term_bin_missing,0.017921075264515873,0.9944506104328524,28.386838235690163
"applicant_age_35-44, debt_to_income_ratio_exempt",loan_term_bin_missing,0.0035402124127447646,0.9943820224719101,28.384880375408557
"preapproval_2, reverse_mortgage_1111",loan_term_bin_missing,0.017511050663039783,0.9943214082907439,28.383150128639635
"applicant_age_missing, reverse_mortgage_1111",loan_term_bin_missing,0.003330199811988719,0.9940298507462686,28.374827546537933
"conforming_loan_limit_c, reverse_mortgage_1111",loan_term_bin_missing,0.016500990059403566,0.9939759036144579,28.373287612339166
debt_to_income_ratio_exempt,loan_term_bin_missing,0.01797107826469588,0.9939159292035398,28.371575627969953
"debt_to_income_ratio_exempt, interest_rate_bin_missing",loan_term_bin_missing,0.01797107826469588,0.9939159292035398,28.371575627969953
"combined_loan_to_value_ratio_bin_missing, debt_to_income_ratio_exempt",loan_term_bin_missing,0.01797107826469588,0.9939159292035398,28.371575627969953
"purchaser_type_0, reverse_mortgage_1111",loan_term_bin_missing,0.016310978658719524,0.9939061547836685,28.37129661474112
"debt_to_income_ratio_exempt, loan_type_1",loan_term_bin_missing,0.01787107226433586,0.9938820912124583,28.370609714158878
"reverse_mortgage_1111, total_units_1",loan_term_bin_missing,0.016040962457747464,0.993804213135068,28.368386665209243
"debt_to_income_ratio_exempt, preapproval_2",loan_term_bin_missing,0.017441046462787768,0.9937321937321937,28.36633085357036
"derived_ethnicity_not hispanic or latino, reverse_mortgage_1111",loan_term_bin_missing,0.01236074164449867,0.9935691318327974,28.36167621138702
"debt_to_income_ratio_exempt, derived_ethnicity_not hispanic or latino",loan_term_bin_missing,0.01232073924435466,0.9935483870967742,28.361084047774717
"construction_method_1, debt_to_income_ratio_exempt",loan_term_bin_missing,0.016931015860951658,0.9935446009389671,28.360975970965193
"derived_loan_product_type_conventional:subordinate lien, reverse_mortgage_1111",loan_term_bin_missing,0.0030401824109446566,0.9934640522875816,28.35867668982142
"lien_status_2, reverse_mortgage_1111",loan_term_bin_missing,0.0030401824109446566,0.9934640522875816,28.35867668982142
"conforming_loan_limit_c, debt_to_income_ratio_exempt",loan_term_bin_missing,0.01644098645918755,0.9933534743202417,28.35552021443855
"co_applicant_age_missing, reverse_mortgage_1111",loan_term_bin_missing,0.010440626437586255,0.9933396764985728,28.355126352211897
"debt_to_income_ratio_exempt, derived_dwelling_category_single family (1-4 units):site-built",loan_term_bin_missing,0.01624097445846751,0.9932721712538226,28.353199398331352
"debt_to_income_ratio_exempt, derived_race_white",loan_term_bin_missing,0.011800708042482549,0.9932659932659932,28.353023046143225
"debt_to_income_ratio_exempt, total_units_1",loan_term_bin_missing,0.015980958857531452,0.9931634555624611,28.350096082076142
"occupancy_type_1, reverse_mortgage_1111",loan_term_bin_missing,0.012470748244894693,0.9928343949044586,28.340702964338117
"debt_to_income_ratio_exempt, derived_sex_female",loan_term_bin_missing,0.0027401644098645917,0.9927536231884058,28.338397315758332
"derived_race_white, reverse_mortgage_1111",loan_term_bin_missing,0.011880712842770567,0.9924812030075189,28.330621014425873
"co_applicant_age_55-64, reverse_mortgage_1111",loan_term_bin_missing,0.0012600756045362722,0.9921259842519686,28.320481207334097
"debt_to_income_ratio_exempt, derived_sex_male",loan_term_bin_missing,0.00458027481648899,0.9913419913419914,28.298101936126486
"debt_to_income_ratio_exempt, occupancy_type_1",loan_term_bin_missing,0.012450747044822689,0.9912420382165605,28.295248749479516
"applicant_age_25-34, debt_to_income_ratio_exempt",loan_term_bin_missing,0.002250135008100486,0.9911894273127753,28.293746958239694
"debt_to_income_ratio_exempt, state_code_other",loan_term_bin_missing,0.011040662439746385,0.9910233393177739,28.28900593541007
"construction_method_2, reverse_mortgage_1111",loan_term_bin_missing,0.0010700642038522312,0.9907407407407408,28.280939089246253
"derived_dwelling_category_single family (1-4 units):manufactured, reverse_mortgage_1111",loan_term_bin_missing,0.001060063603816229,0.9906542056074765,28.278468922499002
"income_bracket_Medium, reverse_mortgage_1111",loan_term_bin_missing,0.003120187211232674,0.9904761904761905,28.27338743661895
"income_bracket_Very High, reverse_mortgage_1111",loan_term_bin_missing,0.004100246014760885,0.9903381642512077,28.269447443943836
"loan_purpose_2, reverse_mortgage_1111",loan_term_bin_missing,0.0020301218073084386,0.9902439024390245,28.266756717238884
"debt_to_income_ratio_exempt, loan_purpose_2",loan_term_bin_missing,0.00199011940716443,0.9900497512437813,28.26121462342868
"loan_size_Medium, reverse_mortgage_1111",loan_term_bin_missing,0.003910234614076844,0.9898734177215189,28.25618113949345
"debt_to_income_ratio_exempt, loan_size_Small",loan_term_bin_missing,0.009680580834850091,0.9897750511247445,28.253373240698743
"applicant_age_55-64, reverse_mortgage_1111",loan_term_bin_missing,0.0028001680100806048,0.989399293286219,28.242647140411698
"applicant_age_55-64, debt_to_income_ratio_exempt",loan_term_bin_missing,0.0027701662099725985,0.9892857142857143,28.239404999796093
"debt_to_income_ratio_exempt, income_bracket_Medium",loan_term_bin_missing,0.003130187811268676,0.9873817034700314,28.185054540902744
"co_applicant_age_25-34, debt_to_income_ratio_exempt",loan_term_bin_missing,0.001380082804968298,0.9857142857142858,28.137457689327515
"debt_to_income_ratio_exempt, income_bracket_Very High",loan_term_bin_missing,0.00412024721483289,0.985645933014354,28.13550654462955
"derived_sex_female, reverse_mortgage_1111",loan_term_bin_missing,0.0027201632097925877,0.9855072463768116,28.131547700314844
"co_applicant_age_35-44, debt_to_income_ratio_exempt",loan_term_bin_missing,0.0019201152069124147,0.9846153846153846,28.10608928610641
"applicant_age_65-74, debt_to_income_ratio_exempt",loan_term_bin_missing,0.0016400984059043542,0.9820359281437125,28.032458064174246
"applicant_age_65-74, reverse_mortgage_1111",loan_term_bin_missing,0.0016300978058683521,0.9819277108433735,28.029368974613842
"loan_purpose_32, reverse_mortgage_1111",loan_term_bin_missing,0.0016100966057963479,0.9817073170731708,28.023077780021307
"debt_to_income_ratio_exempt, derived_loan_product_type_conventional:subordinate lien",loan_term_bin_missing,0.0030301818109086543,0.9742765273311896,27.810964051942612
"debt_to_income_ratio_exempt, lien_status_2",loan_term_bin_missing,0.0030301818109086543,0.9742765273311896,27.810964051942612
"debt_to_income_ratio_exempt, loan_purpose_4",loan_term_bin_missing,0.001490089405364322,0.9551282051282052,27.264370466340207
"conforming_loan_limit_c, construction_method_2",derived_dwelling_category_single family (1-4 units):manufactured,0.04377262635758145,1.0,22.829680365296802
"construction_method_2, total_units_1",derived_dwelling_category_single family (1-4 units):manufactured,0.043552613156789405,1.0,22.829680365296802
"construction_method_2, occupancy_type_1",derived_dwelling_category_single family (1-4 units):manufactured,0.04198251895113707,1.0,22.829680365296802
"construction_method_2, derived_race_white",derived_dwelling_category_single family (1-4 units):manufactured,0.028541712502750165,1.0,22.829680365296802
"construction_method_2, derived_ethnicity_not hispanic or latino",derived_dwelling_category_single family (1-4 units):manufactured,0.027791667500050004,1.0,22.829680365296802
"construction_method_2, income_bracket_Low",derived_dwelling_category_single family (1-4 units):manufactured,0.02250135008100486,1.0,22.829680365296802
"construction_method_2, derived_sex_male",derived_dwelling_category_single family (1-4 units):manufactured,0.013320799247954877,1.0,22.829680365296802
"construction_method_2, derived_sex_female",derived_dwelling_category_single family (1-4 units):manufactured,0.012260735644138649,1.0,22.829680365296802
"construction_method_2, income_bracket_Medium",derived_dwelling_category_single family (1-4 units):manufactured,0.01162069724183451,1.0,22.829680365296802
"construction_method_2, loan_term_bin_(300.0, 360.0]",derived_dwelling_category_single family (1-4 units):manufactured,0.01162069724183451,1.0,22.829680365296802
"applicant_age_25-34, construction_method_2",derived_dwelling_category_single family (1-4 units):manufactured,0.010170610236614197,1.0,22.829680365296802
"applicant_age_35-44, construction_method_2",derived_dwelling_category_single family (1-4 units):manufactured,0.008860531631897914,1.0,22.829680365296802
"combined_loan_to_value_ratio_bin_(82.976, 27777.78], construction_method_2",derived_dwelling_category_single family (1-4 units):manufactured,0.0072804368262095725,1.0,22.829680365296802
"applicant_age_45-54, construction_method_2",derived_dwelling_category_single family (1-4 units):manufactured,0.006970418225093505,1.0,22.829680365296802
"construction_method_2, state_code_tx",derived_dwelling_category_single family (1-4 units):manufactured,0.0064803888233294,1.0,22.829680365296802
"applicant_age_55-64, construction_method_2",derived_dwelling_category_single family (1-4 units):manufactured,0.0064803888233294,1.0,22.829680365296802
"construction_method_2, derived_ethnicity_hispanic or latino",derived_dwelling_category_single family (1-4 units):manufactured,0.006310378622717363,1.0,22.829680365296802
"construction_method_2, income_bracket_High",derived_dwelling_category_single family (1-4 units):manufactured,0.005250315018901134,1.0,22.829680365296802
"construction_method_2, loan_type_2",derived_dwelling_category_single family (1-4 units):manufactured,0.004960297617857072,1.0,22.829680365296802
"construction_method_2, derived_loan_product_type_fha:first lien",derived_dwelling_category_single family (1-4 units):manufactured,0.004960297617857072,1.0,22.829680365296802
"construction_method_2, debt_to_income_ratio_>60%",derived_dwelling_category_single family (1-4 units):manufactured,0.004930295817749065,1.0,22.829680365296802
"construction_method_2, derived_race_black or african american",derived_dwelling_category_single family (1-4 units):manufactured,0.004320259215552933,1.0,22.829680365296802
"applicant_age_65-74, construction_method_2",derived_dwelling_category_single family (1-4 units):manufactured,0.003970238214292858,1.0,22.829680365296802
"co_applicant_age_25-34, construction_method_2",derived_dwelling_category_single family (1-4 units):manufactured,0.0039002340140408425,1.0,22.829680365296802
"construction_method_2, debt_to_income_ratio_20%-<30%",derived_dwelling_category_single family (1-4 units):manufactured,0.0039002340140408425,1.0,22.829680365296802
"construction_method_2, debt_to_income_ratio_30%-<36%",derived_dwelling_category_single family (1-4 units):manufactured,0.00375022501350081,1.0,22.829680365296802
"applicant_age_<25, construction_method_2",derived_dwelling_category_single family (1-4 units):manufactured,0.0035702142128527714,1.0,22.829680365296802
"construction_method_2, debt_to_income_ratio_50%-60%",derived_dwelling_category_single family (1-4 units):manufactured,0.0034502070124207453,1.0,22.829680365296802
"construction_method_2, state_code_fl",derived_dwelling_category_single family (1-4 units):manufactured,0.003330199811988719,1.0,22.829680365296802
"construction_method_2, loan_purpose_32",derived_dwelling_category_single family (1-4 units):manufactured,0.0033201992119527173,1.0,22.829680365296802
"co_applicant_age_35-44, construction_method_2",derived_dwelling_category_single family (1-4 units):manufactured,0.003140188411304678,1.0,22.829680365296802
"co_applicant_age_55-64, construction_method_2",derived_dwelling_category_single family (1-4 units):manufactured,0.0028401704102246133,1.0,22.829680365296802
"co_applicant_age_45-54, construction_method_2",derived_dwelling_category_single family (1-4 units):manufactured,0.002610156609396564,1.0,22.829680365296802
"construction_method_2, purchaser_type_2",derived_dwelling_category_single family (1-4 units):manufactured,0.002420145208712523,1.0,22.829680365296802
"construction_method_2, debt_to_income_ratio_<20%",derived_dwelling_category_single family (1-4 units):manufactured,0.0018301098065883954,1.0,22.829680365296802
"co_applicant_age_<25, construction_method_2",derived_dwelling_category_single family (1-4 units):manufactured,0.0018001080064803888,1.0,22.829680365296802
"construction_method_2, state_code_az",derived_dwelling_category_single family (1-4 units):manufactured,0.001680100806048363,1.0,22.829680365296802
"construction_method_2, loan_type_3",derived_dwelling_category_single family (1-4 units):manufactured,0.0016500990059403564,1.0,22.829680365296802
"construction_method_2, derived_loan_product_type_va:first lien",derived_dwelling_category_single family (1-4 units):manufactured,0.0016500990059403564,1.0,22.829680365296802
"construction_method_2, income_bracket_Very High",derived_dwelling_category_single family (1-4 units):manufactured,0.001490089405364322,1.0,22.829680365296802
"applicant_age_>74, construction_method_2",derived_dwelling_category_single family (1-4 units):manufactured,0.0013400804048242895,1.0,22.829680365296802
"construction_method_2, purchaser_type_9",derived_dwelling_category_single family (1-4 units):manufactured,0.0011800708042482549,1.0,22.829680365296802
"construction_method_2, lien_status_2",derived_dwelling_category_single family (1-4 units):manufactured,0.0010700642038522312,1.0,22.829680365296802
"construction_method_2, derived_loan_product_type_conventional:subordinate lien",derived_dwelling_category_single family (1-4 units):manufactured,0.001060063603816229,1.0,22.829680365296802
"construction_method_2, purchaser_type_1",derived_dwelling_category_single family (1-4 units):manufactured,0.0010300618037082225,1.0,22.829680365296802
"construction_method_2, debt_to_income_ratio_42",derived_dwelling_category_single family (1-4 units):manufactured,0.0010200612036722204,1.0,22.829680365296802
"construction_method_2, loan_size_Small",derived_dwelling_category_single family (1-4 units):manufactured,0.031401884113046785,0.9996816300541228,22.82241208119451
"construction_method_2, interest_rate_bin_missing",derived_dwelling_category_single family (1-4 units):manufactured,0.028111686701202072,0.9992890152861714,22.813448811535483
"combined_loan_to_value_ratio_bin_missing, construction_method_2",derived_dwelling_category_single family (1-4 units):manufactured,0.0301018061083665,0.9990043146365749,22.806949186705403
"construction_method_2, loan_size_Medium",derived_dwelling_category_single family (1-4 units):manufactured,0.010800648038882333,0.9981515711645101,22.78748132580457
"construction_method_2, interest_rate_bin_(5.375, 15.25]",derived_dwelling_category_single family (1-4 units):manufactured,0.010220613236794207,0.998046875,22.785091145833334
"construction_method_2, loan_purpose_1",derived_dwelling_category_single family (1-4 units):manufactured,0.03573214392863572,0.9977659871544261,22.778678566100385
"construction_method_2, reverse_mortgage_2",derived_dwelling_category_single family (1-4 units):manufactured,0.042532551953117184,0.9974202626641651,22.77078578649327
derived_dwelling_category_single family (1-4 units):manufactured,construction_method_2,0.04380262815768946,1.0,22.76730418943534
"conforming_loan_limit_c, derived_dwelling_category_single family (1-4 units):manufactured",construction_method_2,0.04377262635758145,1.0,22.76730418943534
"derived_dwelling_category_single family (1-4 units):manufactured, total_units_1",construction_method_2,0.043552613156789405,1.0,22.76730418943534
"derived_dwelling_category_single family (1-4 units):manufactured, preapproval_2",construction_method_2,0.043212592755565334,1.0,22.76730418943534
"derived_dwelling_category_single family (1-4 units):manufactured, lien_status_1",construction_method_2,0.04273256395383723,1.0,22.76730418943534
"derived_dwelling_category_single family (1-4 units):manufactured, reverse_mortgage_2",construction_method_2,0.042532551953117184,1.0,22.76730418943534
"derived_dwelling_category_single family (1-4 units):manufactured, occupancy_type_1",construction_method_2,0.04198251895113707,1.0,22.76730418943534
"derived_dwelling_category_single family (1-4 units):manufactured, loan_type_1",construction_method_2,0.03708222493349601,1.0,22.76730418943534
"derived_dwelling_category_single family (1-4 units):manufactured, purchaser_type_0",construction_method_2,0.03693221593295598,1.0,22.76730418943534
"derived_dwelling_category_single family (1-4 units):manufactured, derived_loan_product_type_conventional:first lien",construction_method_2,0.03602216132967978,1.0,22.76730418943534
"derived_dwelling_category_single family (1-4 units):manufactured, loan_purpose_1",construction_method_2,0.03573214392863572,1.0,22.76730418943534
"derived_dwelling_category_single family (1-4 units):manufactured, loan_size_Small",construction_method_2,0.031401884113046785,1.0,22.76730418943534
"combined_loan_to_value_ratio_bin_missing, derived_dwelling_category_single family (1-4 units):manufactured",construction_method_2,0.0301018061083665,1.0,22.76730418943534
"derived_dwelling_category_single family (1-4 units):manufactured, loan_term_bin_(0.999, 300.0]",construction_method_2,0.029791787507250436,1.0,22.76730418943534
"derived_dwelling_category_single family (1-4 units):manufactured, derived_race_white",construction_method_2,0.028541712502750165,1.0,22.76730418943534
"derived_dwelling_category_single family (1-4 units):manufactured, interest_rate_bin_missing",construction_method_2,0.028111686701202072,1.0,22.76730418943534
"derived_dwelling_category_single family (1-4 units):manufactured, derived_ethnicity_not hispanic or latino",construction_method_2,0.027791667500050004,1.0,22.76730418943534
"co_applicant_age_missing, derived_dwelling_category_single family (1-4 units):manufactured",construction_method_2,0.027121627297637858,1.0,22.76730418943534
"derived_dwelling_category_single family (1-4 units):manufactured, state_code_other",construction_method_2,0.023621417285037104,1.0,22.76730418943534
"derived_dwelling_category_single family (1-4 units):manufactured, income_bracket_Low",construction_method_2,0.02250135008100486,1.0,22.76730418943534
"debt_to_income_ratio_missing, derived_dwelling_category_single family (1-4 units):manufactured",construction_method_2,0.014130847850871053,1.0,22.76730418943534
"derived_dwelling_category_single family (1-4 units):manufactured, derived_sex_male",construction_method_2,0.013320799247954877,1.0,22.76730418943534
"derived_dwelling_category_single family (1-4 units):manufactured, derived_sex_female",construction_method_2,0.012260735644138649,1.0,22.76730418943534
"derived_dwelling_category_single family (1-4 units):manufactured, income_bracket_Medium",construction_method_2,0.01162069724183451,1.0,22.76730418943534
"derived_dwelling_category_single family (1-4 units):manufactured, loan_term_bin_(300.0, 360.0]",construction_method_2,0.01162069724183451,1.0,22.76730418943534
"derived_dwelling_category_single family (1-4 units):manufactured, loan_size_Medium",construction_method_2,0.010800648038882333,1.0,22.76730418943534
"derived_dwelling_category_single family (1-4 units):manufactured, interest_rate_bin_(5.375, 15.25]",construction_method_2,0.010220613236794207,1.0,22.76730418943534
"applicant_age_25-34, derived_dwelling_category_single family (1-4 units):manufactured",construction_method_2,0.010170610236614197,1.0,22.76730418943534
"derived_dwelling_category_single family (1-4 units):manufactured, derived_race_race not available",construction_method_2,0.009080544832689962,1.0,22.76730418943534
"applicant_age_35-44, derived_dwelling_category_single family (1-4 units):manufactured",construction_method_2,0.008860531631897914,1.0,22.76730418943534
"combined_loan_to_value_ratio_bin_(82.976, 27777.78], derived_dwelling_category_single family (1-4 units):manufactured",construction_method_2,0.0072804368262095725,1.0,22.76730418943534
"applicant_age_45-54, derived_dwelling_category_single family (1-4 units):manufactured",construction_method_2,0.006970418225093505,1.0,22.76730418943534
"derived_dwelling_category_single family (1-4 units):manufactured, state_code_tx",construction_method_2,0.0064803888233294,1.0,22.76730418943534
"applicant_age_55-64, derived_dwelling_category_single family (1-4 units):manufactured",construction_method_2,0.0064803888233294,1.0,22.76730418943534
"derived_dwelling_category_single family (1-4 units):manufactured, derived_ethnicity_hispanic or latino",construction_method_2,0.006310378622717363,1.0,22.76730418943534
"derived_dwelling_category_single family (1-4 units):manufactured, income_bracket_High",construction_method_2,0.005250315018901134,1.0,22.76730418943534
"derived_dwelling_category_single family (1-4 units):manufactured, loan_type_2",construction_method_2,0.004960297617857072,1.0,22.76730418943534
"derived_dwelling_category_single family (1-4 units):manufactured, derived_loan_product_type_fha:first lien",construction_method_2,0.004960297617857072,1.0,22.76730418943534
"debt_to_income_ratio_>60%, derived_dwelling_category_single family (1-4 units):manufactured",construction_method_2,0.004930295817749065,1.0,22.76730418943534
"derived_dwelling_category_single family (1-4 units):manufactured, derived_race_black or african american",construction_method_2,0.004320259215552933,1.0,22.76730418943534
"applicant_age_65-74, derived_dwelling_category_single family (1-4 units):manufactured",construction_method_2,0.003970238214292858,1.0,22.76730418943534
"co_applicant_age_25-34, derived_dwelling_category_single family (1-4 units):manufactured",construction_method_2,0.0039002340140408425,1.0,22.76730418943534
"debt_to_income_ratio_20%-<30%, derived_dwelling_category_single family (1-4 units):manufactured",construction_method_2,0.0039002340140408425,1.0,22.76730418943534
"debt_to_income_ratio_30%-<36%, derived_dwelling_category_single family (1-4 units):manufactured",construction_method_2,0.00375022501350081,1.0,22.76730418943534
"combined_loan_to_value_ratio_bin_(0.129, 68.474], derived_dwelling_category_single family (1-4 units):manufactured",construction_method_2,0.00361021661299678,1.0,22.76730418943534
"applicant_age_<25, derived_dwelling_category_single family (1-4 units):manufactured",construction_method_2,0.0035702142128527714,1.0,22.76730418943534
"debt_to_income_ratio_50%-60%, derived_dwelling_category_single family (1-4 units):manufactured",construction_method_2,0.0034502070124207453,1.0,22.76730418943534
"derived_dwelling_category_single family (1-4 units):manufactured, interest_rate_bin_(3.99, 5.375]",construction_method_2,0.0034002040122407345,1.0,22.76730418943534
"derived_dwelling_category_single family (1-4 units):manufactured, state_code_fl",construction_method_2,0.003330199811988719,1.0,22.76730418943534
"derived_dwelling_category_single family (1-4 units):manufactured, loan_purpose_32",construction_method_2,0.0033201992119527173,1.0,22.76730418943534
"co_applicant_age_35-44, derived_dwelling_category_single family (1-4 units):manufactured",construction_method_2,0.003140188411304678,1.0,22.76730418943534
"derived_dwelling_category_single family (1-4 units):manufactured, loan_purpose_31",construction_method_2,0.0030101806108366502,1.0,22.76730418943534
"co_applicant_age_55-64, derived_dwelling_category_single family (1-4 units):manufactured",construction_method_2,0.0028401704102246133,1.0,22.76730418943534
"combined_loan_to_value_ratio_bin_(68.474, 82.976], derived_dwelling_category_single family (1-4 units):manufactured",construction_method_2,0.002810168610116607,1.0,22.76730418943534
"co_applicant_age_45-54, derived_dwelling_category_single family (1-4 units):manufactured",construction_method_2,0.002610156609396564,1.0,22.76730418943534
"applicant_age_missing, derived_dwelling_category_single family (1-4 units):manufactured",construction_method_2,0.002440146408784527,1.0,22.76730418943534
"derived_dwelling_category_single family (1-4 units):manufactured, purchaser_type_2",construction_method_2,0.002420145208712523,1.0,22.76730418943534
"derived_dwelling_category_single family (1-4 units):manufactured, state_code_nc",construction_method_2,0.0023801428085685142,1.0,22.76730418943534
"derived_dwelling_category_single family (1-4 units):manufactured, state_code_ca",construction_method_2,0.0021501290077404643,1.0,22.76730418943534
"derived_dwelling_category_single family (1-4 units):manufactured, interest_rate_bin_(-0.001, 3.99]",construction_method_2,0.002070124207452447,1.0,22.76730418943534
"debt_to_income_ratio_<20%, derived_dwelling_category_single family (1-4 units):manufactured",construction_method_2,0.0018301098065883954,1.0,22.76730418943534
"co_applicant_age_<25, derived_dwelling_category_single family (1-4 units):manufactured",construction_method_2,0.0018001080064803888,1.0,22.76730418943534
"derived_dwelling_category_single family (1-4 units):manufactured, loan_term_bin_missing",construction_method_2,0.0017201032061923715,1.0,22.76730418943534
"derived_dwelling_category_single family (1-4 units):manufactured, state_code_az",construction_method_2,0.001680100806048363,1.0,22.76730418943534
"co_applicant_age_65-74, derived_dwelling_category_single family (1-4 units):manufactured",construction_method_2,0.0016701002060123607,1.0,22.76730418943534
"derived_dwelling_category_single family (1-4 units):manufactured, loan_type_3",construction_method_2,0.0016500990059403564,1.0,22.76730418943534
"derived_dwelling_category_single family (1-4 units):manufactured, derived_loan_product_type_va:first lien",construction_method_2,0.0016500990059403564,1.0,22.76730418943534
"derived_dwelling_category_single family (1-4 units):manufactured, state_code_ga",construction_method_2,0.0016300978058683521,1.0,22.76730418943534
"derived_dwelling_category_single family (1-4 units):manufactured, loan_size_Large",construction_method_2,0.0016000960057603456,1.0,22.76730418943534
"derived_dwelling_category_single family (1-4 units):manufactured, income_bracket_Very High",construction_method_2,0.001490089405364322,1.0,22.76730418943534
"applicant_age_>74, derived_dwelling_category_single family (1-4 units):manufactured",construction_method_2,0.0013400804048242895,1.0,22.76730418943534
"derived_dwelling_category_single family (1-4 units):manufactured, purchaser_type_9",construction_method_2,0.0011800708042482549,1.0,22.76730418943534
"derived_dwelling_category_single family (1-4 units):manufactured, lien_status_2",construction_method_2,0.0010700642038522312,1.0,22.76730418943534
"derived_dwelling_category_single family (1-4 units):manufactured, reverse_mortgage_1111",construction_method_2,0.0010700642038522312,1.0,22.76730418943534
"derived_dwelling_category_single family (1-4 units):manufactured, derived_loan_product_type_conventional:subordinate lien",construction_method_2,0.001060063603816229,1.0,22.76730418943534
"derived_dwelling_category_single family (1-4 units):manufactured, purchaser_type_1",construction_method_2,0.0010300618037082225,1.0,22.76730418943534
"debt_to_income_ratio_exempt, derived_dwelling_category_single family (1-4 units):manufactured",construction_method_2,0.0010300618037082225,1.0,22.76730418943534
"debt_to_income_ratio_42, derived_dwelling_category_single family (1-4 units):manufactured",construction_method_2,0.0010200612036722204,1.0,22.76730418943534
"derived_dwelling_category_single family (1-4 units):manufactured, occupancy_type_3",construction_method_2,0.0010100606036362182,1.0,22.76730418943534
construction_method_2,derived_dwelling_category_single family (1-4 units):manufactured,0.04380262815768946,0.9972677595628416,22.76730418943534
"construction_method_2, preapproval_2",derived_dwelling_category_single family (1-4 units):manufactured,0.043212592755565334,0.9972305561966306,22.76645484847623
"construction_method_2, lien_status_1",derived_dwelling_category_single family (1-4 units):manufactured,0.04273256395383723,0.9971995332555427,22.765746604647198
"construction_method_2, state_code_other",derived_dwelling_category_single family (1-4 units):manufactured,0.023621417285037104,0.9970451667370198,22.76222246637022
"construction_method_2, loan_type_1",derived_dwelling_category_single family (1-4 units):manufactured,0.03708222493349601,0.9967741935483869,22.756036235086164
"construction_method_2, purchaser_type_0",derived_dwelling_category_single family (1-4 units):manufactured,0.03693221593295598,0.9967611336032389,22.75573808071285
"construction_method_2, derived_loan_product_type_conventional:first lien",derived_dwelling_category_single family (1-4 units):manufactured,0.03602216132967978,0.9966795794133925,22.753876224626204
"construction_method_2, loan_term_bin_(0.999, 300.0]",derived_dwelling_category_single family (1-4 units):manufactured,0.029791787507250436,0.9963210702341138,22.745691574655243
"co_applicant_age_missing, construction_method_2",derived_dwelling_category_single family (1-4 units):manufactured,0.027121627297637858,0.9959603378626515,22.737456169917344
"construction_method_2, state_code_nc",derived_dwelling_category_single family (1-4 units):manufactured,0.0023801428085685142,0.9958158995815901,22.7341586901282
"construction_method_2, state_code_ca",derived_dwelling_category_single family (1-4 units):manufactured,0.0021501290077404643,0.9953703703703703,22.723987400642653
"construction_method_2, loan_term_bin_missing",derived_dwelling_category_single family (1-4 units):manufactured,0.0017201032061923715,0.9942196531791907,22.697716894977166
"co_applicant_age_65-74, construction_method_2",derived_dwelling_category_single family (1-4 units):manufactured,0.0016701002060123607,0.994047619047619,22.693789410741463
"construction_method_2, state_code_ga",derived_dwelling_category_single family (1-4 units):manufactured,0.0016300978058683521,0.9939024390243903,22.690474997215727
"construction_method_2, debt_to_income_ratio_missing",derived_dwelling_category_single family (1-4 units):manufactured,0.014130847850871053,0.9922752808988764,22.65332749730645
"construction_method_2, reverse_mortgage_1111",derived_dwelling_category_single family (1-4 units):manufactured,0.0010700642038522312,0.9907407407407408,22.618294435988503
"construction_method_2, debt_to_income_ratio_exempt",derived_dwelling_category_single family (1-4 units):manufactured,0.0010300618037082225,0.9903846153846153,22.61016420793818
"construction_method_2, derived_race_race not available",derived_dwelling_category_single family (1-4 units):manufactured,0.009080544832689962,0.9869565217391305,22.531901925749455
"construction_method_2, loan_purpose_31",derived_dwelling_category_single family (1-4 units):manufactured,0.0030101806108366502,0.9868852459016394,22.530274721161764
"combined_loan_to_value_ratio_bin_(0.129, 68.474], construction_method_2",derived_dwelling_category_single family (1-4 units):manufactured,0.00361021661299678,0.9863387978142076,22.51779948598947
"combined_loan_to_value_ratio_bin_(68.474, 82.976], construction_method_2",derived_dwelling_category_single family (1-4 units):manufactured,0.002810168610116607,0.9859649122807018,22.509263798766323
"construction_method_2, interest_rate_bin_(-0.001, 3.99]",derived_dwelling_category_single family (1-4 units):manufactured,0.002070124207452447,0.9857142857142858,22.503542074363992
"construction_method_2, interest_rate_bin_(3.99, 5.375]",derived_dwelling_category_single family (1-4 units):manufactured,0.0034002040122407345,0.9855072463768116,22.498815432466415
"applicant_age_missing, construction_method_2",derived_dwelling_category_single family (1-4 units):manufactured,0.002440146408784527,0.9531249999999999,21.759539098173512
"construction_method_2, loan_size_Large",derived_dwelling_category_single family (1-4 units):manufactured,0.0016000960057603456,0.9467455621301776,21.6138985706952
"construction_method_2, occupancy_type_3",derived_dwelling_category_single family (1-4 units):manufactured,0.0010100606036362182,0.8938053097345133,20.405289530044048
"combined_loan_to_value_ratio_bin_missing, debt_to_income_ratio_>60%",derived_dwelling_category_single family (1-4 units):manufactured,0.003880232813968838,0.708029197080292,16.1640802586408
"combined_loan_to_value_ratio_bin_missing, debt_to_income_ratio_>60%",construction_method_2,0.003880232813968838,0.708029197080292,16.11991610492867
"co_applicant_age_<25, loan_term_bin_(0.999, 300.0]",derived_dwelling_category_single family (1-4 units):manufactured,0.0014800888053283197,0.6851851851851852,15.642558768814478
"co_applicant_age_<25, loan_term_bin_(0.999, 300.0]",construction_method_2,0.0014800888053283197,0.6851851851851852,15.599819537205695
conforming_loan_limit_missing,occupancy_type_3,0.004250255015300918,1.0,13.505402485143167
"conforming_loan_limit_missing, loan_type_1",occupancy_type_3,0.004230253815228914,1.0,13.505402485143167
"conforming_loan_limit_missing, preapproval_2",occupancy_type_3,0.004220253215192911,1.0,13.505402485143167
derived_dwelling_category_multifamily:site-built,occupancy_type_3,0.004130247814868892,1.0,13.505402485143167
"conforming_loan_limit_missing, derived_dwelling_category_multifamily:site-built",occupancy_type_3,0.004130247814868892,1.0,13.505402485143167
"conforming_loan_limit_missing, construction_method_1",occupancy_type_3,0.004130247814868892,1.0,13.505402485143167
"construction_method_1, derived_dwelling_category_multifamily:site-built",occupancy_type_3,0.004130247814868892,1.0,13.505402485143167
"derived_dwelling_category_multifamily:site-built, loan_type_1",occupancy_type_3,0.004110246614796888,1.0,13.505402485143167
"derived_dwelling_category_multifamily:site-built, preapproval_2",occupancy_type_3,0.004100246014760885,1.0,13.505402485143167
"conforming_loan_limit_missing, lien_status_1",occupancy_type_3,0.004080244814688882,1.0,13.505402485143167
"conforming_loan_limit_missing, derived_loan_product_type_conventional:first lien",occupancy_type_3,0.0040702442146528794,1.0,13.505402485143167
"derived_dwelling_category_multifamily:site-built, lien_status_1",occupancy_type_3,0.003960237614256856,1.0,13.505402485143167
"co_applicant_age_missing, conforming_loan_limit_missing",occupancy_type_3,0.003950237014220853,1.0,13.505402485143167
"derived_dwelling_category_multifamily:site-built, derived_loan_product_type_conventional:first lien",occupancy_type_3,0.003950237014220853,1.0,13.505402485143167
"conforming_loan_limit_missing, derived_race_race not available",occupancy_type_3,0.003920235214112847,1.0,13.505402485143167
"applicant_age_missing, conforming_loan_limit_missing",occupancy_type_3,0.0038502310138608317,1.0,13.505402485143167
"co_applicant_age_missing, derived_dwelling_category_multifamily:site-built",occupancy_type_3,0.0038402304138248295,1.0,13.505402485143167
"conforming_loan_limit_missing, purchaser_type_0",occupancy_type_3,0.003810228613716823,1.0,13.505402485143167
"derived_dwelling_category_multifamily:site-built, derived_race_race not available",occupancy_type_3,0.003800228013680821,1.0,13.505402485143167
"applicant_age_missing, derived_dwelling_category_multifamily:site-built",occupancy_type_3,0.0037302238134288056,1.0,13.505402485143167
"derived_dwelling_category_multifamily:site-built, purchaser_type_0",occupancy_type_3,0.003690221413284797,1.0,13.505402485143167
"conforming_loan_limit_missing, reverse_mortgage_2",occupancy_type_3,0.003550213012780767,1.0,13.505402485143167
"conforming_loan_limit_missing, debt_to_income_ratio_missing",occupancy_type_3,0.0035302118127087624,1.0,13.505402485143167
"derived_dwelling_category_multifamily:site-built, loan_size_Large",occupancy_type_3,0.0034602076124567475,1.0,13.505402485143167
"derived_dwelling_category_multifamily:site-built, reverse_mortgage_2",occupancy_type_3,0.003440206412384743,1.0,13.505402485143167
"debt_to_income_ratio_missing, derived_dwelling_category_multifamily:site-built",occupancy_type_3,0.003420205212312739,1.0,13.505402485143167
"conforming_loan_limit_missing, loan_term_bin_(0.999, 300.0]",occupancy_type_3,0.0028801728103686223,1.0,13.505402485143167
total_units_5-24,occupancy_type_3,0.0028501710102606156,1.0,13.505402485143167
"loan_type_1, total_units_5-24",occupancy_type_3,0.0028501710102606156,1.0,13.505402485143167
"conforming_loan_limit_missing, total_units_5-24",occupancy_type_3,0.0028501710102606156,1.0,13.505402485143167
"preapproval_2, total_units_5-24",occupancy_type_3,0.0028401704102246133,1.0,13.505402485143167
"derived_loan_product_type_conventional:first lien, total_units_5-24",occupancy_type_3,0.0028001680100806048,1.0,13.505402485143167
"lien_status_1, total_units_5-24",occupancy_type_3,0.0028001680100806048,1.0,13.505402485143167
"derived_dwelling_category_multifamily:site-built, total_units_5-24",occupancy_type_3,0.0027901674100446025,1.0,13.505402485143167
"construction_method_1, total_units_5-24",occupancy_type_3,0.0027901674100446025,1.0,13.505402485143167
"derived_dwelling_category_multifamily:site-built, loan_term_bin_(0.999, 300.0]",occupancy_type_3,0.0027701662099725985,1.0,13.505402485143167
"purchaser_type_0, total_units_5-24",occupancy_type_3,0.0027101626097565854,1.0,13.505402485143167
"co_applicant_age_missing, total_units_5-24",occupancy_type_3,0.002620157209432566,1.0,13.505402485143167
"derived_race_race not available, total_units_5-24",occupancy_type_3,0.002560153609216553,1.0,13.505402485143167
"applicant_age_missing, total_units_5-24",occupancy_type_3,0.002480148808928536,1.0,13.505402485143167
"reverse_mortgage_2, total_units_5-24",occupancy_type_3,0.0023301398083885034,1.0,13.505402485143167
"debt_to_income_ratio_missing, total_units_5-24",occupancy_type_3,0.002310138608316499,1.0,13.505402485143167
"loan_size_Large, total_units_5-24",occupancy_type_3,0.0022201332079924796,1.0,13.505402485143167
"conforming_loan_limit_missing, state_code_other",occupancy_type_3,0.0020901254075244517,1.0,13.505402485143167
"derived_dwelling_category_multifamily:site-built, state_code_other",occupancy_type_3,0.0020201212072724363,1.0,13.505402485143167
"conforming_loan_limit_missing, loan_purpose_1",occupancy_type_3,0.0019601176070564233,1.0,13.505402485143167
"derived_dwelling_category_multifamily:site-built, loan_purpose_1",occupancy_type_3,0.0018801128067684062,1.0,13.505402485143167
"loan_term_bin_(0.999, 300.0], total_units_5-24",occupancy_type_3,0.0018001080064803888,1.0,13.505402485143167
"combined_loan_to_value_ratio_bin_(0.129, 68.474], conforming_loan_limit_missing",occupancy_type_3,0.0017201032061923715,1.0,13.505402485143167
"combined_loan_to_value_ratio_bin_(0.129, 68.474], derived_dwelling_category_multifamily:site-built",occupancy_type_3,0.0016701002060123607,1.0,13.505402485143167
"state_code_other, total_units_5-24",occupancy_type_3,0.0014500870052203132,1.0,13.505402485143167
"conforming_loan_limit_missing, loan_purpose_31",occupancy_type_3,0.0014400864051843112,1.0,13.505402485143167
"derived_dwelling_category_multifamily:site-built, loan_purpose_31",occupancy_type_3,0.0014000840050403024,1.0,13.505402485143167
"combined_loan_to_value_ratio_bin_missing, conforming_loan_limit_missing",occupancy_type_3,0.0013000780046802808,1.0,13.505402485143167
"loan_purpose_1, total_units_5-24",occupancy_type_3,0.0012900774046442787,1.0,13.505402485143167
"conforming_loan_limit_missing, interest_rate_bin_(3.99, 5.375]",occupancy_type_3,0.0012900774046442787,1.0,13.505402485143167
"conforming_loan_limit_missing, interest_rate_bin_missing",occupancy_type_3,0.0012900774046442787,1.0,13.505402485143167
"derived_dwelling_category_multifamily:site-built, interest_rate_bin_missing",occupancy_type_3,0.0012700762045722742,1.0,13.505402485143167
"combined_loan_to_value_ratio_bin_missing, derived_dwelling_category_multifamily:site-built",occupancy_type_3,0.0012700762045722742,1.0,13.505402485143167
"derived_dwelling_category_multifamily:site-built, interest_rate_bin_(3.99, 5.375]",occupancy_type_3,0.001240074404464268,1.0,13.505402485143167
"combined_loan_to_value_ratio_bin_(68.474, 82.976], conforming_loan_limit_missing",occupancy_type_3,0.0012000720043202592,1.0,13.505402485143167
"combined_loan_to_value_ratio_bin_(68.474, 82.976], derived_dwelling_category_multifamily:site-built",occupancy_type_3,0.0011600696041762506,1.0,13.505402485143167
"combined_loan_to_value_ratio_bin_(0.129, 68.474], total_units_5-24",occupancy_type_3,0.0010200612036722204,1.0,13.505402485143167
"applicant_age_missing, combined_loan_to_value_ratio_bin_(68.474, 82.976]",occupancy_type_3,0.0054103246194771686,0.9507908611599297,12.840813259160726
"conforming_loan_limit_nc, purchaser_type_2",loan_type_3,0.0012600756045362722,0.9402985074626865,12.526539962060202
"conforming_loan_limit_nc, purchaser_type_2",derived_loan_product_type_va:first lien,0.0012600756045362722,0.9402985074626865,12.526539962060202
"applicant_age_missing, combined_loan_to_value_ratio_bin_(0.129, 68.474]",occupancy_type_3,0.004270256215372923,0.9242424242424243,12.482265933238383
"applicant_age_missing, combined_loan_to_value_ratio_bin_(82.976, 27777.78]",occupancy_type_3,0.001380082804968298,0.9019607843137255,12.181343417972268
"derived_loan_product_type_conventional:first lien, total_units_4",occupancy_type_3,0.0023001380082804967,0.8273381294964027,11.173534430154417
"combined_loan_to_value_ratio_bin_(68.474, 82.976], debt_to_income_ratio_missing",occupancy_type_3,0.007930475828549713,0.8269030239833158,11.167658155076673
"applicant_age_missing, debt_to_income_ratio_exempt",occupancy_type_3,0.00273016380982859,0.8173652694610779,11.038846941449355
"applicant_age_missing, reverse_mortgage_1111",occupancy_type_3,0.0027201632097925877,0.8119402985074627,10.965580525250571
"applicant_age_missing, interest_rate_bin_missing",occupancy_type_3,0.006370382222933376,0.8053097345132744,10.876032089805559
"derived_race_race not available, total_units_4",occupancy_type_3,0.0010900654039242355,0.8014705882352942,10.824182874122098
"debt_to_income_ratio_missing, total_units_4",occupancy_type_3,0.0012600756045362722,0.7974683544303798,10.770131095747082
"loan_type_1, total_units_4",occupancy_type_3,0.0023301398083885034,0.7818791946308725,10.559593218249523
"lien_status_1, total_units_4",occupancy_type_3,0.0023001380082804967,0.7540983606557377,10.184401874042388
"loan_purpose_1, total_units_4",occupancy_type_3,0.0012700762045722742,0.7470588235294117,10.089330091842246
"loan_size_Large, total_units_4",occupancy_type_3,0.00125007500450027,0.744047619047619,10.04866256335057
"state_code_other, total_units_4",occupancy_type_3,0.0011900714042842571,0.7391304347826086,9.982254010757993
"combined_loan_to_value_ratio_bin_(0.129, 68.474], debt_to_income_ratio_missing",occupancy_type_3,0.006070364221853311,0.7252090800477897,9.794240511925809
"loan_purpose_5, loan_type_2",applicant_age_missing,0.0025201512090725444,0.9960474308300394,9.771290768019128
"derived_loan_product_type_fha:first lien, loan_purpose_5",applicant_age_missing,0.002510150609036542,0.996031746031746,9.771136899116886
"derived_race_race not available, loan_purpose_5",applicant_age_missing,0.003970238214292858,0.9949874686716794,9.760892469572836
"applicant_age_missing, purchaser_type_5",occupancy_type_3,0.0019001140068404105,0.7224334600760456,9.756754647061603
"loan_purpose_5, loan_term_bin_(300.0, 360.0]",applicant_age_missing,0.00287017221033262,0.9930795847750866,9.742176003139411
"interest_rate_bin_(5.375, 15.25], loan_purpose_5",applicant_age_missing,0.0014000840050403024,0.9929078014184397,9.740490797119147
"applicant_age_missing, loan_type_3",purchaser_type_2,0.009340560433626018,0.7757475083056479,9.714476686977452
"applicant_age_missing, derived_loan_product_type_va:first lien",purchaser_type_2,0.009340560433626018,0.7757475083056479,9.714476686977452
"debt_to_income_ratio_missing, loan_purpose_5",applicant_age_missing,0.003910234614076844,0.9898734177215189,9.710723293598113
"loan_purpose_5, state_code_other",applicant_age_missing,0.0018201092065523931,0.9891304347826088,9.703434582130107
"derived_dwelling_category_single family (1-4 units):site-built, total_units_4",occupancy_type_3,0.002320139208352501,0.7182662538699691,9.700474850009954
"construction_method_1, total_units_4",occupancy_type_3,0.002320139208352501,0.7182662538699691,9.700474850009954
"combined_loan_to_value_ratio_bin_missing, loan_purpose_5",applicant_age_missing,0.0039002340140408425,0.9873417721518988,9.685887684151572
total_units_4,occupancy_type_3,0.0023301398083885034,0.716923076923077,9.68233470473341
"lien_status_1, loan_purpose_5",applicant_age_missing,0.003740224413464808,0.9868073878627969,9.680645339149663
"loan_purpose_5, loan_size_Small",applicant_age_missing,0.0028401704102246133,0.9861111111111109,9.673814818448388
"preapproval_2, total_units_4",occupancy_type_3,0.0022701362081724904,0.7160883280757098,9.671061085575706
"loan_purpose_5, occupancy_type_1",applicant_age_missing,0.0037802268136088164,0.984375,9.656783454331404
"conforming_loan_limit_c, total_units_4",occupancy_type_3,0.002260135608136488,0.7129337539432176,9.628457292247177
"interest_rate_bin_(3.99, 5.375], loan_purpose_5",applicant_age_missing,0.001560093605616337,0.9811320754716982,9.624970151546846
"loan_purpose_5, purchaser_type_0",applicant_age_missing,0.0036402184131047862,0.9811320754716981,9.624970151546844
loan_purpose_5,applicant_age_missing,0.00398023881432886,0.9802955665024631,9.616763943573757
"loan_purpose_5, reverse_mortgage_2",applicant_age_missing,0.003910234614076844,0.9799498746867168,9.613372684138483
"conforming_loan_limit_c, loan_purpose_5",applicant_age_missing,0.0038902334140048403,0.9798488664987405,9.612381787175028
"loan_purpose_5, total_units_1",applicant_age_missing,0.0038902334140048403,0.9798488664987405,9.612381787175028
"conforming_loan_limit_missing, derived_race_race not available",applicant_age_missing,0.0038402304138248295,0.979591836734694,9.60986030829481
"co_applicant_age_missing, total_units_4",occupancy_type_3,0.001750105006300378,0.7113821138211383,9.607501767886399
"construction_method_1, loan_purpose_5",applicant_age_missing,0.0037802268136088164,0.9792746113989637,9.606748306899634
"derived_dwelling_category_multifamily:site-built, derived_race_race not available",applicant_age_missing,0.0037202232133928034,0.9789473684210526,9.603538031776193
"derived_dwelling_category_single family (1-4 units):site-built, loan_purpose_5",applicant_age_missing,0.0037202232133928034,0.9789473684210526,9.603538031776193
"derived_race_race not available, total_units_5-24",applicant_age_missing,0.002480148808928536,0.9687500000000001,9.503501177278526
"reverse_mortgage_2, total_units_4",occupancy_type_3,0.0021601296077764665,0.7035830618892508,9.502172432543727
"debt_to_income_ratio_missing, purchaser_type_5",occupancy_type_3,0.002450147008820529,0.692090395480226,9.346959347062361
"purchaser_type_0, total_units_4",occupancy_type_3,0.0016000960057603456,0.6866952789699571,9.274096127136938
"derived_ethnicity_not hispanic or latino, total_units_4",occupancy_type_3,0.0010900654039242355,0.68125,9.200555443003783
"applicant_age_missing, loan_type_4",purchaser_type_2,0.0015100906054363262,0.7259615384615384,9.091020422908338
"applicant_age_missing, derived_loan_product_type_fsa/rhs:first lien",purchaser_type_2,0.0015100906054363262,0.7259615384615384,9.091020422908338
"combined_loan_to_value_ratio_bin_missing, conforming_loan_limit_missing",applicant_age_missing,0.0012000720043202592,0.923076923076923,9.055445290508569
"derived_dwelling_category_multifamily:site-built, loan_size_Large",applicant_age_missing,0.003190191411484689,0.9219653179190751,9.044540370842736
"combined_loan_to_value_ratio_bin_missing, derived_dwelling_category_multifamily:site-built",applicant_age_missing,0.0011700702042122526,0.9212598425196851,9.037619610802844
"combined_loan_to_value_ratio_bin_(0.129, 68.474], conforming_loan_limit_missing",applicant_age_missing,0.0015800948056883413,0.9186046511627908,9.011572009062307
"combined_loan_to_value_ratio_bin_(0.129, 68.474], derived_dwelling_category_multifamily:site-built",applicant_age_missing,0.0015300918055083305,0.9161676646706587,8.987665011387996
"conforming_loan_limit_missing, state_code_other",applicant_age_missing,0.0019101146068764125,0.9138755980861243,8.965179687533004
"derived_dwelling_category_multifamily:site-built, state_code_other",applicant_age_missing,0.0018401104066243974,0.9108910891089108,8.935901458290633
"loan_term_bin_(300.0, 360.0], total_units_4",occupancy_type_3,0.0014500870052203132,0.6590909090909092,8.901288001571634
"conforming_loan_limit_missing, interest_rate_bin_missing",applicant_age_missing,0.0011700702042122526,0.9069767441860463,8.897501477302024
"conforming_loan_limit_missing, debt_to_income_ratio_missing",applicant_age_missing,0.0032001920115206912,0.9065155807365439,8.892977433549493
"conforming_loan_limit_missing, loan_term_bin_(0.999, 300.0]",applicant_age_missing,0.002610156609396564,0.9062499999999999,8.890372069067006
conforming_loan_limit_missing,applicant_age_missing,0.0038502310138608317,0.9058823529411765,8.886765427253998
"conforming_loan_limit_missing, occupancy_type_3",applicant_age_missing,0.0038502310138608317,0.9058823529411765,8.886765427253998
"derived_dwelling_category_multifamily:site-built, interest_rate_bin_missing",applicant_age_missing,0.0011500690041402483,0.9055118110236221,8.883130386686556
"conforming_loan_limit_missing, loan_type_1",applicant_age_missing,0.0038302298137888272,0.9054373522458629,8.88239994118246
"conforming_loan_limit_missing, preapproval_2",applicant_age_missing,0.003820229213752825,0.9052132701421801,8.880201681016105
"conforming_loan_limit_missing, lien_status_1",applicant_age_missing,0.003690221413284797,0.9044117647058822,8.872338860001962
"conforming_loan_limit_missing, derived_loan_product_type_conventional:first lien",applicant_age_missing,0.003680220813248795,0.9041769041769041,8.870034862774979
"debt_to_income_ratio_missing, derived_dwelling_category_multifamily:site-built",applicant_age_missing,0.0030901854111246674,0.9035087719298245,8.86348044151387
derived_dwelling_category_multifamily:site-built,applicant_age_missing,0.0037302238134288056,0.9031476997578692,8.859938299773216
"conforming_loan_limit_missing, derived_dwelling_category_multifamily:site-built",applicant_age_missing,0.0037302238134288056,0.9031476997578692,8.859938299773216
"conforming_loan_limit_missing, construction_method_1",applicant_age_missing,0.0037302238134288056,0.9031476997578692,8.859938299773216
"derived_dwelling_category_multifamily:site-built, occupancy_type_3",applicant_age_missing,0.0037302238134288056,0.9031476997578692,8.859938299773216
"construction_method_1, derived_dwelling_category_multifamily:site-built",applicant_age_missing,0.0037302238134288056,0.9031476997578692,8.859938299773216
"conforming_loan_limit_missing, loan_purpose_1",applicant_age_missing,0.0017701062063723823,0.903061224489796,8.859089971709277
"conforming_loan_limit_missing, purchaser_type_0",applicant_age_missing,0.003440206412384743,0.9028871391076115,8.857382182667175
"conforming_loan_limit_missing, loan_purpose_31",applicant_age_missing,0.0013000780046802808,0.9027777777777777,8.856309340833032
"derived_dwelling_category_multifamily:site-built, loan_type_1",applicant_age_missing,0.0037102226133568015,0.9026763990267641,8.855314808621824
"derived_dwelling_category_multifamily:site-built, loan_term_bin_(0.999, 300.0]",applicant_age_missing,0.00250015000900054,0.9025270758122743,8.853849938072457
"derived_dwelling_category_multifamily:site-built, preapproval_2",applicant_age_missing,0.0037002220133207993,0.902439024390244,8.8529861478346
"derived_dwelling_category_multifamily:site-built, lien_status_1",applicant_age_missing,0.0035702142128527714,0.9015151515151515,8.843922894202498
"conforming_loan_limit_missing, reverse_mortgage_2",applicant_age_missing,0.0032001920115206912,0.9014084507042254,8.842876152233721
"derived_dwelling_category_multifamily:site-built, derived_loan_product_type_conventional:first lien",applicant_age_missing,0.003560213612816769,0.9012658227848102,8.841476962969127
"applicant_age_missing, total_units_2",occupancy_type_3,0.002120127207632458,0.654320987654321,8.836868292747997
"derived_race_race not available, purchaser_type_5",occupancy_type_3,0.002230133808028482,0.6539589442815249,8.831978751281309
"derived_dwelling_category_multifamily:site-built, loan_purpose_31",applicant_age_missing,0.0012600756045362722,0.9,8.829059158245856
"derived_dwelling_category_multifamily:site-built, purchaser_type_0",applicant_age_missing,0.0033201992119527173,0.8997289972899729,8.826400603847107
"derived_dwelling_category_multifamily:site-built, loan_purpose_1",applicant_age_missing,0.001690101406084365,0.8989361702127658,8.818622918106083
"derived_dwelling_category_multifamily:site-built, reverse_mortgage_2",applicant_age_missing,0.0030901854111246674,0.8982558139534883,8.811948578481813
"combined_loan_to_value_ratio_bin_(0.129, 68.474], purchaser_type_5",occupancy_type_3,0.0010100606036362182,0.6474358974358974,8.743882378201665
"loan_size_Large, total_units_5-24",applicant_age_missing,0.0019701182070924255,0.8873873873873874,8.70532859947164
"state_code_other, total_units_5-24",applicant_age_missing,0.0012800768046082765,0.8827586206896552,8.659920093911644
"derived_race_race not available, reverse_mortgage_1111",occupancy_type_3,0.0028401704102246133,0.6410835214446953,8.65809098370352
"debt_to_income_ratio_exempt, derived_race_race not available",occupancy_type_3,0.0028401704102246133,0.6367713004484304,8.599852703544078
"loan_purpose_1, total_units_5-24",applicant_age_missing,0.001130067804068244,0.8759689922480619,8.593313392607937
"derived_loan_product_type_conventional:first lien, total_units_3",occupancy_type_3,0.0021101266075964557,0.6355421686746987,8.583252784232553
"purchaser_type_0, total_units_5-24",applicant_age_missing,0.002370142208532512,0.8745387453874539,8.579282576893267
"interest_rate_bin_(-0.001, 3.99], loan_type_3",purchaser_type_2,0.012260735644138649,0.683008356545961,8.553129318028407
"derived_loan_product_type_va:first lien, interest_rate_bin_(-0.001, 3.99]",purchaser_type_2,0.012260735644138649,0.683008356545961,8.553129318028407
"applicant_age_missing, loan_term_bin_missing",occupancy_type_3,0.0029101746104766286,0.6326086956521739,8.543635050384047
total_units_5-24,applicant_age_missing,0.002480148808928536,0.8701754385964913,8.536478250467727
"loan_type_1, total_units_5-24",applicant_age_missing,0.002480148808928536,0.8701754385964913,8.536478250467727
"conforming_loan_limit_missing, total_units_5-24",applicant_age_missing,0.002480148808928536,0.8701754385964913,8.536478250467727
"occupancy_type_3, total_units_5-24",applicant_age_missing,0.002480148808928536,0.8701754385964913,8.536478250467727
"preapproval_2, total_units_5-24",applicant_age_missing,0.0024701482088925336,0.869718309859155,8.531993787506755
"debt_to_income_ratio_missing, purchaser_type_9",occupancy_type_3,0.0011100666039962398,0.6306818181818181,8.517611794607337
"conforming_loan_limit_missing, interest_rate_bin_(3.99, 5.375]",applicant_age_missing,0.001120067204032242,0.8682170542635659,8.517266371434417
"derived_loan_product_type_conventional:first lien, total_units_5-24",applicant_age_missing,0.002430145808748525,0.8678571428571429,8.513735616879933
"lien_status_1, total_units_5-24",applicant_age_missing,0.002430145808748525,0.8678571428571429,8.513735616879933
"derived_dwelling_category_multifamily:site-built, total_units_5-24",applicant_age_missing,0.002420145208712523,0.867383512544803,8.509089272383502
"construction_method_1, total_units_5-24",applicant_age_missing,0.002420145208712523,0.867383512544803,8.509089272383502
"combined_loan_to_value_ratio_bin_(68.474, 82.976], conforming_loan_limit_missing",applicant_age_missing,0.0010400624037442247,0.8666666666666667,8.502056967199714
"applicant_age_missing, loan_term_bin_(0.999, 300.0]",occupancy_type_3,0.010890653439206352,0.6294797687861271,8.501377633711506
"debt_to_income_ratio_missing, total_units_5-24",applicant_age_missing,0.002000120007200432,0.8658008658008658,8.493563403795916
"derived_dwelling_category_multifamily:site-built, interest_rate_bin_(3.99, 5.375]",applicant_age_missing,0.0010700642038522312,0.8629032258064516,8.465137364984825
"combined_loan_to_value_ratio_bin_(68.474, 82.976], derived_dwelling_category_multifamily:site-built",applicant_age_missing,0.001000060003600216,0.8620689655172413,8.45695321671059
"loan_term_bin_(0.999, 300.0], total_units_5-24",applicant_age_missing,0.0015500930055803348,0.861111111111111,8.447556602025355
"combined_loan_to_value_ratio_bin_(82.976, 27777.78], loan_purpose_32",loan_type_3,0.00773046382782967,0.632569558101473,8.427013108552984
"combined_loan_to_value_ratio_bin_(82.976, 27777.78], loan_purpose_32",derived_loan_product_type_va:first lien,0.00773046382782967,0.632569558101473,8.427013108552984
"reverse_mortgage_2, total_units_5-24",applicant_age_missing,0.002000120007200432,0.8583690987124463,8.420657280158183
"interest_rate_bin_(3.99, 5.375], loan_type_3",purchaser_type_2,0.012340740444426665,0.6677489177489178,8.362039484206047
"derived_loan_product_type_va:first lien, interest_rate_bin_(3.99, 5.375]",purchaser_type_2,0.012340740444426665,0.6677489177489178,8.362039484206047
"applicant_age_missing, derived_loan_product_type_fha:first lien",purchaser_type_2,0.015990959457567455,0.6654182272159801,8.332852875671223
"applicant_age_missing, loan_type_2",purchaser_type_2,0.015990959457567455,0.6651414309484194,8.329386630714621
"income_bracket_Very High, purchaser_type_2",loan_type_3,0.0028801728103686223,0.6220302375809935,8.286609589218475
"income_bracket_Very High, purchaser_type_2",derived_loan_product_type_va:first lien,0.0028801728103686223,0.6220302375809935,8.286609589218475
"loan_size_Medium, purchaser_type_5",occupancy_type_3,0.0011400684041042463,0.6129032258064517,8.277504748958716
"debt_to_income_ratio_missing, total_units_3",occupancy_type_3,0.0011800708042482549,0.6113989637305699,8.257189084180796
"debt_to_income_ratio_missing, purchaser_type_2",applicant_age_missing,0.026831609896593795,0.8381755701343331,8.222557437458304
"debt_to_income_ratio_missing, purchaser_type_8",applicant_age_missing,0.0014500870052203132,0.8333333333333334,8.17505477615357
"combined_loan_to_value_ratio_bin_missing, purchaser_type_2",applicant_age_missing,0.026831609896593795,0.8314223737217229,8.156308136753651
"debt_to_income_ratio_missing, purchaser_type_6",applicant_age_missing,0.0016300978058683521,0.8274111675126904,8.116957940180905
"derived_loan_product_type_fsa/rhs:first lien, derived_race_race not available",purchaser_type_2,0.0015900954057243434,0.6437246963562753,8.061190643387526
"loan_term_bin_(0.999, 300.0], purchaser_type_5",applicant_age_missing,0.0015200912054723283,0.8216216216216216,8.060162114434654
"interest_rate_bin_(-0.001, 3.99], reverse_mortgage_1",derived_loan_product_type_fha:first lien,0.001690101406084365,1.0,8.048454603992273
"interest_rate_bin_(-0.001, 3.99], reverse_mortgage_1",loan_type_2,0.001690101406084365,1.0,8.038749095586462
"derived_race_race not available, loan_type_4",purchaser_type_2,0.0015900954057243434,0.6411290322580644,8.028685842406123
"derived_loan_product_type_fsa/rhs:first lien, derived_race_race not available",applicant_age_missing,0.0020201212072724363,0.8178137651821862,8.022806792468119
"purchaser_type_2, reverse_mortgage_1",derived_loan_product_type_fha:first lien,0.0023001380082804967,0.9956709956709956,8.013612809169794
"purchaser_type_2, reverse_mortgage_1",loan_type_2,0.0023001380082804967,0.9956709956709956,8.003949315951887
"derived_race_race not available, loan_type_4",applicant_age_missing,0.0020201212072724363,0.814516129032258,7.990456765079133
"derived_loan_product_type_fha:first lien, interest_rate_bin_(-0.001, 3.99]",purchaser_type_2,0.013570814248854932,0.6314564913913449,7.907559223567456
"interest_rate_bin_(-0.001, 3.99], loan_type_2",purchaser_type_2,0.013570814248854932,0.6305762081784387,7.896535674463971
"debt_to_income_ratio_missing, interest_rate_bin_(3.99, 5.375]",applicant_age_missing,0.033071984319059146,0.8018913676042678,7.866607025627505
"debt_to_income_ratio_missing, interest_rate_bin_(5.375, 15.25]",applicant_age_missing,0.03324199451967118,0.8013500482160076,7.861296646847
"interest_rate_bin_(-0.001, 3.99], reverse_mortgage_1",purchaser_type_2,0.001060063603816229,0.6272189349112426,7.854493447403231
"loan_term_bin_missing, purchaser_type_2",derived_loan_product_type_fha:first lien,0.002390143408604516,0.9755102040816326,7.851349593282257
"loan_term_bin_missing, purchaser_type_2",loan_type_2,0.002390143408604516,0.9755102040816326,7.841881770796588
"loan_size_Small, reverse_mortgage_1",derived_loan_product_type_fha:first lien,0.0019501170070204213,0.9653465346534653,7.769547761279669
"loan_size_Small, reverse_mortgage_1",loan_type_2,0.0019501170070204213,0.9653465346534653,7.76017858237307
"interest_rate_bin_(3.99, 5.375], reverse_mortgage_1",derived_loan_product_type_fha:first lien,0.001000060003600216,0.9615384615384615,7.738898657684877
"interest_rate_bin_(3.99, 5.375], reverse_mortgage_1",loan_type_2,0.001000060003600216,0.9615384615384615,7.729566438063904
"derived_loan_product_type_fsa/rhs:first lien, interest_rate_bin_(-0.001, 3.99]",purchaser_type_2,0.0010300618037082225,0.6167664670658682,7.723600013498364
"interest_rate_bin_(-0.001, 3.99], loan_type_4",purchaser_type_2,0.0010300618037082225,0.613095238095238,7.677626203894206
"combined_loan_to_value_ratio_bin_missing, interest_rate_bin_(3.99, 5.375]",applicant_age_missing,0.029561773706422385,0.7803590285110877,7.655373363772953
"debt_to_income_ratio_missing, purchaser_type_1",applicant_age_missing,0.012240734444066644,0.7771428571428572,7.623822511247216
"combined_loan_to_value_ratio_bin_missing, purchaser_type_8",applicant_age_missing,0.001320079204752285,0.7630057803468208,7.48513685862847
"derived_race_race not available, purchaser_type_5",applicant_age_missing,0.0025501530091805507,0.7478005865102639,7.335972907633408
"combined_loan_to_value_ratio_bin_missing, purchaser_type_1",applicant_age_missing,0.012100726043562614,0.7464528069093153,7.322751101156683
"debt_to_income_ratio_missing, purchaser_type_5",applicant_age_missing,0.0026301578094685683,0.7429378531073447,7.288269173316573
"reverse_mortgage_1, state_code_other",derived_loan_product_type_fha:first lien,0.0022801368082084926,0.8976377952755906,7.224597046103301
"reverse_mortgage_1, state_code_other",loan_type_2,0.0022801368082084926,0.8976377952755906,7.215885014935879
"derived_race_race not available, purchaser_type_2",applicant_age_missing,0.026101566093965637,0.730887706524783,7.170056443268827
"purchaser_type_2, total_units_2",derived_loan_product_type_fha:first lien,0.0010700642038522312,0.8842975206611571,7.117228451464242
"purchaser_type_2, total_units_2",loan_type_2,0.0010700642038522312,0.8842975206611571,7.108645894444227
"derived_race_race not available, reverse_mortgage_1111",applicant_age_missing,0.0032101926115566935,0.7246049661399548,7.10842234712044
"debt_to_income_ratio_exempt, derived_race_race not available",applicant_age_missing,0.0032201932115926957,0.7219730941704036,7.082603510102555
"loan_size_Medium, reverse_mortgage_1",derived_loan_product_type_fha:first lien,0.0023001380082804967,0.8679245283018868,6.985451165729143
"loan_size_Medium, reverse_mortgage_1",loan_type_2,0.0023001380082804967,0.8679245283018868,6.977027516924099
"conforming_loan_limit_c, reverse_mortgage_1",derived_loan_product_type_fha:first lien,0.005710342620557233,0.866464339908953,6.973698905735338
"conforming_loan_limit_c, reverse_mortgage_1",loan_type_2,0.005710342620557233,0.866464339908953,6.965289428801016
"debt_to_income_ratio_missing, interest_rate_bin_(-0.001, 3.99]",applicant_age_missing,0.02721163269796188,0.7082248828735034,6.947732653591004
"derived_sex_male, reverse_mortgage_1",derived_loan_product_type_fha:first lien,0.00125007500450027,0.8620689655172413,6.938322934476097
"derived_sex_male, reverse_mortgage_1",loan_type_2,0.00125007500450027,0.8620689655172413,6.92995611688488
"combined_loan_to_value_ratio_bin_missing, interest_rate_bin_(-0.001, 3.99]",applicant_age_missing,0.025631537892273536,0.7006560962274467,6.873482359086364
"income_bracket_Low, reverse_mortgage_1",derived_loan_product_type_fha:first lien,0.004460267616056964,0.8446969696969698,6.798505214735898
"income_bracket_Low, reverse_mortgage_1",loan_type_2,0.004460267616056964,0.8446969696969698,6.790307001196141
"derived_race_race not available, reverse_mortgage_1",derived_loan_product_type_fha:first lien,0.001560093605616337,0.8432432432432433,6.786804963366458
"derived_race_race not available, reverse_mortgage_1",loan_type_2,0.001560093605616337,0.8432432432432433,6.778620858981017
"loan_purpose_31, reverse_mortgage_1",derived_loan_product_type_fha:first lien,0.004360261615696942,0.8416988416988418,6.774374917646006
"debt_to_income_ratio_missing, derived_loan_product_type_fsa/rhs:first lien",applicant_age_missing,0.002070124207452447,0.6900000000000001,6.768945354655156
"loan_purpose_31, reverse_mortgage_1",loan_type_2,0.004360261615696942,0.8416988416988418,6.7662058024627365
"derived_race_white, reverse_mortgage_1",derived_loan_product_type_fha:first lien,0.0036402184131047862,0.8406466512702079,6.765906410746391
"applicant_age_>74, reverse_mortgage_1",derived_loan_product_type_fha:first lien,0.002370142208532512,0.8404255319148936,6.7641267416530795
"derived_race_white, reverse_mortgage_1",loan_type_2,0.0036402184131047862,0.8406466512702079,6.7577475076061715
"applicant_age_>74, reverse_mortgage_1",loan_type_2,0.002370142208532512,0.8404255319148936,6.755969984588622
"reverse_mortgage_1, total_units_1",derived_loan_product_type_fha:first lien,0.005680340820449227,0.8389955686853766,6.752617747514934
"debt_to_income_ratio_missing, loan_type_4",applicant_age_missing,0.002070124207452447,0.6877076411960132,6.746457164108128
"reverse_mortgage_1, total_units_1",loan_type_2,0.005680340820449227,0.8389955686853766,6.74447486897062
reverse_mortgage_1,derived_loan_product_type_fha:first lien,0.005730343820629238,0.837719298245614,6.742345742818087
"preapproval_2, reverse_mortgage_1",derived_loan_product_type_fha:first lien,0.005730343820629238,0.837719298245614,6.742345742818087
"occupancy_type_1, reverse_mortgage_1",derived_loan_product_type_fha:first lien,0.005730343820629238,0.837719298245614,6.742345742818087
"loan_term_bin_missing, reverse_mortgage_1",derived_loan_product_type_fha:first lien,0.005730343820629238,0.837719298245614,6.742345742818087
reverse_mortgage_1,loan_type_2,0.005730343820629238,0.837719298245614,6.734215251127255
"preapproval_2, reverse_mortgage_1",loan_type_2,0.005730343820629238,0.837719298245614,6.734215251127255
"lien_status_1, reverse_mortgage_1",loan_type_2,0.005730343820629238,0.837719298245614,6.734215251127255
"occupancy_type_1, reverse_mortgage_1",loan_type_2,0.005730343820629238,0.837719298245614,6.734215251127255
"loan_term_bin_missing, reverse_mortgage_1",loan_type_2,0.005730343820629238,0.837719298245614,6.734215251127255
"co_applicant_age_missing, reverse_mortgage_1",derived_loan_product_type_fha:first lien,0.003880232813968838,0.8344086021505376,6.715699755589251
"debt_to_income_ratio_missing, reverse_mortgage_1",derived_loan_product_type_fha:first lien,0.005530331819909195,0.8340874811463047,6.713115227764294
"co_applicant_age_missing, reverse_mortgage_1",loan_type_2,0.003880232813968838,0.8344086021505376,6.707601395887198
"debt_to_income_ratio_missing, reverse_mortgage_1",loan_type_2,0.005530331819909195,0.8340874811463047,6.705019984704847
"derived_dwelling_category_single family (1-4 units):site-built, reverse_mortgage_1",derived_loan_product_type_fha:first lien,0.005530331819909195,0.8328313253012047,6.703005114469468
"construction_method_1, reverse_mortgage_1",derived_loan_product_type_fha:first lien,0.005530331819909195,0.8328313253012047,6.703005114469468
"combined_loan_to_value_ratio_bin_missing, reverse_mortgage_1",derived_loan_product_type_fha:first lien,0.0054103246194771686,0.8323076923076923,6.69879067809203
"derived_dwelling_category_single family (1-4 units):site-built, reverse_mortgage_1",loan_type_2,0.005530331819909195,0.8328313253012047,6.694922063041134
"construction_method_1, reverse_mortgage_1",loan_type_2,0.005530331819909195,0.8328313253012047,6.694922063041134
"combined_loan_to_value_ratio_bin_missing, reverse_mortgage_1",loan_type_2,0.0054103246194771686,0.8323076923076923,6.690712708788117
"combined_loan_to_value_ratio_bin_missing, interest_rate_bin_(5.375, 15.25]",applicant_age_missing,0.028121687301238076,0.6808716707021792,6.679395844225813
"applicant_age_65-74, reverse_mortgage_1",derived_loan_product_type_fha:first lien,0.002240134408064484,0.8205128205128205,6.603860187891096
"applicant_age_65-74, reverse_mortgage_1",loan_type_2,0.002240134408064484,0.8205128205128205,6.595896693814533
"combined_loan_to_value_ratio_bin_missing, derived_loan_product_type_fsa/rhs:first lien",applicant_age_missing,0.002070124207452447,0.6720779220779222,6.593128592196581
"debt_to_income_ratio_missing, derived_race_race not available",applicant_age_missing,0.09426565593935636,0.6719418306244653,6.59179352609269
"combined_loan_to_value_ratio_bin_missing, loan_type_4",applicant_age_missing,0.002070124207452447,0.6699029126213593,6.571791606461317
"derived_ethnicity_not hispanic or latino, reverse_mortgage_1",derived_loan_product_type_fha:first lien,0.003800228013680821,0.8137044967880085,6.549063703462663
"derived_sex_female, reverse_mortgage_1",derived_loan_product_type_fha:first lien,0.0018301098065883954,0.8133333333333335,6.54607641124705
"derived_ethnicity_not hispanic or latino, reverse_mortgage_1",loan_type_2,0.003800228013680821,0.8137044967880085,6.54116628762924
"derived_sex_female, reverse_mortgage_1",loan_type_2,0.0018301098065883954,0.8133333333333335,6.538182597743656
"purchaser_type_2, reverse_mortgage_1",loan_purpose_31,0.0019601176070564233,0.8484848484848485,6.517390838791976
"debt_to_income_ratio_missing, purchaser_type_3",applicant_age_missing,0.011370682240934456,0.6598955310504933,6.473618535452077
"interest_rate_bin_missing, reverse_mortgage_1",derived_loan_product_type_fha:first lien,0.0018001080064803888,0.8035714285714285,6.4675081639223615
"interest_rate_bin_missing, reverse_mortgage_1",loan_type_2,0.0018001080064803888,0.8035714285714285,6.459709094667692
"interest_rate_bin_(-0.001, 3.99], reverse_mortgage_1",loan_purpose_31,0.0014200852051123067,0.8402366863905325,6.45403496842333
"derived_sex_female, purchaser_type_2",derived_loan_product_type_fha:first lien,0.009640578434706082,0.7901639344262295,6.359598555941434
"combined_loan_to_value_ratio_bin_missing, purchaser_type_6",applicant_age_missing,0.00162009720583235,0.648,6.356922593937016
"derived_sex_female, purchaser_type_2",loan_type_2,0.009640578434706082,0.7901639344262295,6.351929613233892
"derived_sex_male, reverse_mortgage_1",loan_purpose_31,0.0011900714042842571,0.8206896551724139,6.303890104417756
"derived_race_race not available, occupancy_type_3",applicant_age_missing,0.020401224073444406,0.6411062225015713,6.289294183539893
"combined_loan_to_value_ratio_bin_missing, purchaser_type_3",applicant_age_missing,0.011290677440646438,0.6407491486946651,6.285791266023187
"combined_loan_to_value_ratio_bin_missing, derived_race_race not available",applicant_age_missing,0.08632517951077065,0.6328909744116137,6.208702059777779
"loan_term_bin_missing, purchaser_type_2",loan_purpose_31,0.001980118807128428,0.8081632653061225,6.207672265403319
"interest_rate_bin_(3.99, 5.375], loan_purpose_5",derived_loan_product_type_fha:first lien,0.0012100726043562614,0.7610062893081762,6.124924572849466
"interest_rate_bin_(3.99, 5.375], loan_purpose_5",loan_type_2,0.0012100726043562614,0.7610062893081762,6.11753861991171
"purchaser_type_0, reverse_mortgage_1",derived_loan_product_type_fha:first lien,0.0022701362081724904,0.7566666666666667,6.08999731702082
"derived_dwelling_category_single family (1-4 units):manufactured, purchaser_type_2",derived_loan_product_type_fha:first lien,0.0018301098065883954,0.756198347107438,6.086228068308206
"construction_method_2, purchaser_type_2",derived_loan_product_type_fha:first lien,0.0018301098065883954,0.756198347107438,6.086228068308206
"purchaser_type_0, reverse_mortgage_1",loan_type_2,0.0022701362081724904,0.7566666666666667,6.08265348232709
"derived_dwelling_category_single family (1-4 units):manufactured, purchaser_type_2",loan_type_2,0.0018301098065883954,0.756198347107438,6.078888778893895
"construction_method_2, purchaser_type_2",loan_type_2,0.0018301098065883954,0.756198347107438,6.078888778893895
"purchaser_type_2, state_code_ny",derived_loan_product_type_fha:first lien,0.0011900714042842571,0.7531645569620253,6.061810746044813
"purchaser_type_2, state_code_ny",loan_type_2,0.0011900714042842571,0.7531645569620253,6.054500901106259
"loan_size_Small, purchaser_type_5",applicant_age_missing,0.0012600756045362722,0.6146341463414635,6.029601376363024
"applicant_age_65-74, reverse_mortgage_1",loan_purpose_31,0.0021401284077044625,0.7838827838827839,6.02116877335805
"reverse_mortgage_1, state_code_other",loan_purpose_31,0.00199011940716443,0.783464566929134,6.017956360847428
"combined_loan_to_value_ratio_bin_missing, reverse_mortgage_1",loan_purpose_31,0.005080304818289097,0.7815384615384615,6.003161539643334
"reverse_mortgage_1, state_code_ca",loan_purpose_31,0.0014200852051123067,0.7802197802197802,5.9930324706788065
"loan_size_Large, reverse_mortgage_1",loan_purpose_31,0.001690101406084365,0.7788018433179723,5.982140998673938
"derived_race_race not available, reverse_mortgage_1",loan_purpose_31,0.0014400864051843112,0.7783783783783784,5.97888827527789
"debt_to_income_ratio_missing, reverse_mortgage_1",loan_purpose_31,0.005160309618577115,0.7782805429864253,5.978136781025089
"derived_ethnicity_hispanic or latino, purchaser_type_2",derived_loan_product_type_fha:first lien,0.005270316218973139,0.7401685393258427,5.957212888067314
"derived_ethnicity_hispanic or latino, purchaser_type_2",loan_type_2,0.005270316218973139,0.7401685393258427,5.95002917608717
"combined_loan_to_value_ratio_bin_(68.474, 82.976], purchaser_type_2",derived_loan_product_type_fha:first lien,0.006870412224733484,0.733974358974359,5.907359308699457
"combined_loan_to_value_ratio_bin_(68.474, 82.976], purchaser_type_2",loan_type_2,0.006870412224733484,0.733974358974359,5.900235714388781
"occupancy_type_3, purchaser_type_5",applicant_age_missing,0.0019001140068404105,0.6012658227848101,5.898457243553842
"derived_dwelling_category_single family (1-4 units):site-built, reverse_mortgage_1",loan_purpose_31,0.005070304218253096,0.7635542168674699,5.865020768278214
"construction_method_1, reverse_mortgage_1",loan_purpose_31,0.005070304218253096,0.7635542168674699,5.865020768278214
"income_bracket_Low, reverse_mortgage_1",loan_purpose_31,0.0040302418145088705,0.7632575757575758,5.862742205431175
"loan_size_Medium, reverse_mortgage_1",loan_purpose_31,0.0020201212072724363,0.7622641509433963,5.855111500186969
"loan_type_2, reverse_mortgage_1",loan_purpose_31,0.004360261615696942,0.7609075043630018,5.844690812050546
"derived_loan_product_type_fha:first lien, reverse_mortgage_1",loan_purpose_31,0.004360261615696942,0.7609075043630018,5.844690812050546
reverse_mortgage_1,loan_purpose_31,0.005180310818649119,0.7573099415204677,5.817057174097223
"lien_status_1, reverse_mortgage_1",loan_purpose_31,0.005180310818649119,0.7573099415204677,5.817057174097223
"occupancy_type_1, reverse_mortgage_1",loan_purpose_31,0.005180310818649119,0.7573099415204677,5.817057174097223
"loan_term_bin_missing, reverse_mortgage_1",loan_purpose_31,0.005180310818649119,0.7573099415204677,5.817057174097223
"conforming_loan_limit_c, reverse_mortgage_1",loan_purpose_31,0.004990299417965078,0.7572078907435508,5.816273300584623
"reverse_mortgage_1, total_units_1",loan_purpose_31,0.005120307218433106,0.7562776957163959,5.809128276652734
"co_applicant_age_missing, reverse_mortgage_1",loan_purpose_31,0.0035102106126367583,0.7548387096774194,5.798075121791664
"derived_race_white, reverse_mortgage_1",loan_purpose_31,0.0032601956117367043,0.7528868360277137,5.783082369162329
"derived_ethnicity_not hispanic or latino, reverse_mortgage_1",loan_purpose_31,0.0035102106126367583,0.7516059957173448,5.773243964953155
"applicant_age_>74, reverse_mortgage_1",loan_purpose_31,0.0020901254075244517,0.7411347517730497,5.692812134643903
"interest_rate_bin_missing, reverse_mortgage_1",loan_purpose_31,0.0016600996059763587,0.7410714285714285,5.692325735794394
"purchaser_type_2, state_code_pa",derived_loan_product_type_fha:first lien,0.0013600816048962938,0.6974358974358974,5.613281159707431
"purchaser_type_2, state_code_pa",loan_type_2,0.0013600816048962938,0.6974358974358974,5.606512189742352
"loan_size_Small, reverse_mortgage_1",loan_purpose_31,0.0014700882052923175,0.7277227722772277,5.589791895152028
"loan_size_Small, purchaser_type_2",derived_loan_product_type_fha:first lien,0.009420565233914035,0.692138133725202,5.570642348979222
"combined_loan_to_value_ratio_bin_(82.976, 27777.78], loan_purpose_2",derived_loan_product_type_conventional:subordinate lien,0.012760765645938756,0.9416974169741696,5.568544737605862
"loan_size_Small, purchaser_type_2",loan_type_2,0.009420565233914035,0.692138133725202,5.563924796504369
"combined_loan_to_value_ratio_bin_(82.976, 27777.78], loan_purpose_2",lien_status_2,0.012760765645938756,0.9416974169741696,5.560324270027465
"loan_purpose_5, loan_term_bin_(300.0, 360.0]",derived_loan_product_type_fha:first lien,0.00199011940716443,0.6885813148788928,5.542015453960078
"loan_purpose_5, loan_term_bin_(300.0, 360.0]",loan_type_2,0.00199011940716443,0.6885813148788928,5.535332422220437
"purchaser_type_0, reverse_mortgage_1",loan_purpose_31,0.0021601296077764665,0.72,5.530471654632048
"loan_purpose_31, purchaser_type_2",derived_loan_product_type_fha:first lien,0.004060243614616877,0.6869712351945855,5.5290568007121195
"reverse_mortgage_1, state_code_ca",derived_loan_product_type_fha:first lien,0.00125007500450027,0.6868131868131868,5.527784755489198
"income_bracket_Low, purchaser_type_2",derived_loan_product_type_fha:first lien,0.010570634238054284,0.686809616634178,5.527756021065518
"loan_purpose_31, purchaser_type_2",loan_type_2,0.004060243614616877,0.6869712351945855,5.522389395614389
"reverse_mortgage_1, state_code_ca",loan_type_2,0.00125007500450027,0.6868131868131868,5.521118884331361
"income_bracket_Low, purchaser_type_2",loan_type_2,0.010570634238054284,0.686809616634178,5.5210901845580835
"loan_size_Large, reverse_mortgage_1",derived_loan_product_type_fha:first lien,0.0014800888053283197,0.6820276497695853,5.489268577838049
"loan_size_Large, reverse_mortgage_1",loan_type_2,0.0014800888053283197,0.6820276497695853,5.482649152750214
"purchaser_type_2, state_code_il",derived_loan_product_type_fha:first lien,0.0017301038062283738,0.6784313725490196,5.460324103884954
"purchaser_type_2, state_code_il",loan_type_2,0.0017301038062283738,0.6784313725490196,5.453739582495913
"combined_loan_to_value_ratio_bin_(82.976, 27777.78], loan_purpose_4",derived_loan_product_type_conventional:subordinate lien,0.012090725443526611,0.9200913242009132,5.440781305271798
"derived_loan_product_type_fha:first lien, loan_term_bin_missing",loan_purpose_31,0.004410264615876952,0.7078651685393258,5.437261458205665
"combined_loan_to_value_ratio_bin_(82.976, 27777.78], loan_purpose_4",lien_status_2,0.012090725443526611,0.9200913242009132,5.432749446244235
"loan_term_bin_missing, loan_type_2",loan_purpose_31,0.004410264615876952,0.7067307692307692,5.428547898176489
"derived_sex_female, reverse_mortgage_1",loan_purpose_31,0.0015900954057243434,0.7066666666666667,5.428055512879602
"applicant_age_>74, loan_term_bin_missing",derived_loan_product_type_fha:first lien,0.0024001440086405183,0.6666666666666666,5.365636402661515
"applicant_age_>74, loan_term_bin_missing",loan_type_2,0.0024001440086405183,0.6666666666666666,5.359166063724308
"lien_status_1, loan_purpose_5",loan_type_2,0.0025201512090725444,0.6649076517150396,5.345025783872793
"interest_rate_bin_(5.375, 15.25], reverse_mortgage_1",loan_purpose_31,0.0013000780046802808,0.6951871657754011,5.339879048590064
"loan_purpose_5, loan_size_Small",derived_loan_product_type_fha:first lien,0.0019101146068764125,0.6631944444444443,5.337690379730986
"interest_rate_bin_(5.375, 15.25], reverse_mortgage_1",derived_loan_product_type_fha:first lien,0.001240074404464268,0.663101604278075,5.336943159866535
"loan_purpose_5, loan_size_Small",loan_type_2,0.0019101146068764125,0.6631944444444443,5.331253740475742
"interest_rate_bin_(5.375, 15.25], reverse_mortgage_1",loan_type_2,0.001240074404464268,0.663101604278075,5.330507421672307
"combined_loan_to_value_ratio_bin_(68.474, 82.976], loan_purpose_2",derived_loan_product_type_conventional:subordinate lien,0.022951377082624957,0.8929961089494164,5.280559013500174
"combined_loan_to_value_ratio_bin_(68.474, 82.976], loan_purpose_2",lien_status_2,0.022951377082624957,0.8929961089494164,5.272763679851665
"co_applicant_age_35-44, loan_purpose_2",derived_loan_product_type_conventional:subordinate lien,0.009620577234634078,0.891566265060241,5.2721039094283695
"co_applicant_age_35-44, loan_purpose_2",lien_status_2,0.00963057783467008,0.8924930491195552,5.269793324692105
"loan_purpose_5, occupancy_type_1",derived_loan_product_type_fha:first lien,0.002510150609036542,0.6536458333333334,5.260838816672033
"loan_purpose_5, occupancy_type_1",loan_type_2,0.002510150609036542,0.6536458333333334,5.2544948515421925
"purchaser_type_2, state_code_oh",derived_loan_product_type_fha:first lien,0.0017901074064443866,0.6509090909090909,5.238812269507697
"purchaser_type_2, state_code_oh",loan_type_2,0.0017901074064443866,0.6509090909090909,5.23249486585446
"interest_rate_bin_(5.375, 15.25], purchaser_type_2",derived_loan_product_type_fha:first lien,0.0129607776466588,0.6483241620810405,5.218007587180582
"interest_rate_bin_(5.375, 15.25], purchaser_type_2",loan_type_2,0.0129607776466588,0.6483241620810405,5.211715271575815
"co_applicant_age_25-34, loan_purpose_2",lien_status_2,0.0038902334140048403,0.8781038374717833,5.1848311263155304
"co_applicant_age_25-34, loan_purpose_2",derived_loan_product_type_conventional:subordinate lien,0.003880232813968838,0.8758465011286681,5.179148139199293
"debt_to_income_ratio_50%-60%, purchaser_type_2",derived_loan_product_type_fha:first lien,0.008350501030061803,0.6432973805855162,5.177549764509667
"applicant_age_35-44, loan_purpose_2",derived_loan_product_type_conventional:subordinate lien,0.020851251075064504,0.8745805369127516,5.171662105739426
"applicant_age_35-44, loan_purpose_2",lien_status_2,0.02088125287517251,0.8758389261744965,5.171457784699888
"debt_to_income_ratio_50%-60%, purchaser_type_2",loan_type_2,0.008350501030061803,0.6432973805855162,5.171306236374958
"income_bracket_Very High, loan_purpose_2",derived_loan_product_type_conventional:subordinate lien,0.023621417285037104,0.8744909292854499,5.17113222844289
"derived_dwelling_category_single family (1-4 units):site-built, loan_purpose_5",derived_loan_product_type_fha:first lien,0.002440146408784527,0.6421052631578946,5.167955061510827
"income_bracket_Very High, loan_purpose_2",lien_status_2,0.023631417885073103,0.8748611625323954,5.16568450465098
"derived_dwelling_category_single family (1-4 units):site-built, loan_purpose_5",loan_type_2,0.002440146408784527,0.6421052631578946,5.161723103481832
"debt_to_income_ratio_missing, loan_purpose_5",loan_type_2,0.0025301518091085467,0.640506329113924,5.148869673881961
"debt_to_income_ratio_missing, loan_purpose_5",derived_loan_product_type_fha:first lien,0.0025201512090725444,0.6379746835443038,5.134710279002665
"construction_method_1, loan_purpose_5",loan_type_2,0.0024601476088565314,0.6373056994818652,5.123140615321941
"combined_loan_to_value_ratio_bin_missing, loan_purpose_5",derived_loan_product_type_fha:first lien,0.002510150609036542,0.6354430379746835,5.114334444562178
"construction_method_1, loan_purpose_5",derived_loan_product_type_fha:first lien,0.002450147008820529,0.6347150259067357,5.1084750724821415
"combined_loan_to_value_ratio_bin_missing, loan_purpose_5",loan_type_2,0.002510150609036542,0.6354430379746835,5.108167146815701
"loan_purpose_2, state_code_ca",derived_loan_product_type_conventional:subordinate lien,0.008940536432185932,0.8637681159420291,5.107724954790494
"debt_to_income_ratio_43, loan_purpose_2",derived_loan_product_type_conventional:subordinate lien,0.0015200912054723283,0.8636363636363635,5.106945863125638
"loan_purpose_2, state_code_ca",lien_status_2,0.008940536432185932,0.8637681159420291,5.100184764423221
"debt_to_income_ratio_43, loan_purpose_2",lien_status_2,0.0015200912054723283,0.8636363636363635,5.0994068228789216
"loan_purpose_5, reverse_mortgage_2",loan_type_2,0.0025301518091085467,0.6340852130325816,5.097251932790414
"purchaser_type_2, state_code_ca",derived_loan_product_type_fha:first lien,0.0037902274136448187,0.6327212020033389,5.092427871307298
"applicant_age_missing, loan_purpose_5",loan_type_2,0.0025201512090725444,0.6331658291457286,5.089861236401478
"conforming_loan_limit_c, loan_purpose_5",derived_loan_product_type_fha:first lien,0.002510150609036542,0.632241813602015,5.088569535521562
"purchaser_type_2, state_code_ca",loan_type_2,0.0037902274136448187,0.6327212020033389,5.086286990362719
"loan_purpose_5, reverse_mortgage_2",derived_loan_product_type_fha:first lien,0.0025201512090725444,0.6315789473684211,5.083234486731962
"conforming_loan_limit_c, loan_purpose_5",loan_type_2,0.002510150609036542,0.632241813602015,5.082433307285142
"derived_race_race not available, loan_purpose_5",loan_type_2,0.0025201512090725444,0.6315789473684211,5.077104691949345
"applicant_age_missing, loan_purpose_5",derived_loan_product_type_fha:first lien,0.002510150609036542,0.6306532663316582,5.075784184929799
"debt_to_income_ratio_40, loan_purpose_2",derived_loan_product_type_conventional:subordinate lien,0.001750105006300378,0.8578431372549019,5.0726887443327415
"loan_purpose_5, total_units_1",derived_loan_product_type_fha:first lien,0.00250015000900054,0.6297229219143576,5.068296350121078
"debt_to_income_ratio_40, loan_purpose_2",lien_status_2,0.001750105006300378,0.8578431372549019,5.065200275563429
"debt_to_income_ratio_37, loan_purpose_2",derived_loan_product_type_conventional:subordinate lien,0.0018501110066603996,0.8564814814814815,5.064636857436976
"derived_race_race not available, loan_purpose_5",derived_loan_product_type_fha:first lien,0.002510150609036542,0.6290726817042607,5.063062921308422
"loan_purpose_5, total_units_1",loan_type_2,0.00250015000900054,0.6297229219143576,5.062184569009107
"debt_to_income_ratio_48, loan_purpose_2",derived_loan_product_type_conventional:subordinate lien,0.0010100606036362182,0.8559322033898306,5.06138880814682
"derived_race_joint, loan_purpose_2",derived_loan_product_type_conventional:subordinate lien,0.0016600996059763587,0.8556701030927836,5.059838928956818
"debt_to_income_ratio_37, loan_purpose_2",lien_status_2,0.0018501110066603996,0.8564814814814815,5.0571602751260265
"loan_purpose_5, purchaser_type_0",derived_loan_product_type_fha:first lien,0.0023301398083885034,0.6280323450134772,5.054689818679783
"debt_to_income_ratio_48, loan_purpose_2",lien_status_2,0.0010100606036362182,0.8559322033898306,5.053917020712295
"derived_race_joint, loan_purpose_2",lien_status_2,0.0016600996059763587,0.8556701030927836,5.052369429504565
"debt_to_income_ratio_41, loan_purpose_2",derived_loan_product_type_conventional:subordinate lien,0.00199011940716443,0.8540772532188842,5.050419920660503
"loan_purpose_5, purchaser_type_0",loan_type_2,0.0023301398083885034,0.6280323450134772,5.048594445476134
"debt_to_income_ratio_47, loan_purpose_2",derived_loan_product_type_conventional:subordinate lien,0.0012200732043922634,0.8531468531468531,5.044918180577554
"debt_to_income_ratio_41, loan_purpose_2",lien_status_2,0.00199011940716443,0.8540772532188842,5.042964325855867
"co_applicant_age_missing, loan_purpose_5",loan_type_2,0.0025201512090725444,0.6268656716417911,5.039215850964648
"debt_to_income_ratio_47, loan_purpose_2",lien_status_2,0.0012200732043922634,0.8531468531468531,5.037470707621283
"co_applicant_age_missing, loan_purpose_5",derived_loan_product_type_fha:first lien,0.002510150609036542,0.6243781094527363,5.025278869656867
"conforming_loan_limit_nc, loan_purpose_2",derived_loan_product_type_conventional:subordinate lien,0.001690101406084365,0.8492462311557788,5.021852610182788
"debt_to_income_ratio_46, purchaser_type_2",derived_loan_product_type_fha:first lien,0.0011600696041762506,0.6236559139784946,5.019466312167224
"conforming_loan_limit_nc, loan_purpose_2",lien_status_2,0.001690101406084365,0.8492462311557788,5.014439187374724
"debt_to_income_ratio_46, purchaser_type_2",loan_type_2,0.0011600696041762506,0.6236559139784946,5.0134134144517715
"debt_to_income_ratio_43, purchaser_type_2",derived_loan_product_type_fha:first lien,0.0010400624037442247,0.6227544910179641,5.012211250390398
"debt_to_income_ratio_50%-60%, loan_purpose_2",lien_status_2,0.005380322819369162,0.8485804416403785,5.010507982367169
"applicant_age_25-34, loan_purpose_2",derived_loan_product_type_conventional:subordinate lien,0.008980538832329939,0.8471698113207546,5.009574104861475
loan_purpose_5,loan_type_2,0.0025301518091085467,0.6231527093596059,5.009368278776785
"debt_to_income_ratio_50%-60%, loan_purpose_2",derived_loan_product_type_conventional:subordinate lien,0.0053703222193331596,0.8470031545741323,5.008588612565688
"applicant_age_25-34, loan_purpose_2",lien_status_2,0.008990539432365942,0.8481132075471699,5.007749163003939
"debt_to_income_ratio_43, purchaser_type_2",loan_type_2,0.0010400624037442247,0.6227544910179641,5.006167101443066
loan_purpose_5,derived_loan_product_type_fha:first lien,0.0025201512090725444,0.6206896551724138,4.99559251282279
"debt_to_income_ratio_45, purchaser_type_2",derived_loan_product_type_fha:first lien,0.001240074404464268,0.6200000000000001,4.99004185447521
"loan_purpose_4, purchaser_type_71",derived_loan_product_type_conventional:subordinate lien,0.0018801128067684062,0.8430493273542601,4.985208423386274
"debt_to_income_ratio_45, purchaser_type_2",loan_type_2,0.001240074404464268,0.6200000000000001,4.9840244392636075
"loan_purpose_4, purchaser_type_71",lien_status_2,0.0018801128067684062,0.8430493273542601,4.9778490959233475
"debt_to_income_ratio_50%-60%, purchaser_type_71",derived_loan_product_type_fha:first lien,0.0034002040122407345,0.6181818181818182,4.975408300649769
"debt_to_income_ratio_49, loan_purpose_2",derived_loan_product_type_conventional:subordinate lien,0.0018001080064803888,0.8411214953271028,4.9738085632015565
"debt_to_income_ratio_50%-60%, purchaser_type_71",loan_type_2,0.0034002040122407345,0.6181818181818182,4.969408531817085
"debt_to_income_ratio_49, loan_purpose_2",lien_status_2,0.0018001080064803888,0.8411214953271028,4.9664660645844885
"co_applicant_age_35-44, loan_purpose_4",derived_loan_product_type_conventional:subordinate lien,0.006720403224193452,0.8389513108614232,4.96097559895193
"co_applicant_age_35-44, loan_purpose_4",lien_status_2,0.006720403224193452,0.8389513108614232,4.9536520447757395
"applicant_age_>74, loan_term_bin_missing",loan_purpose_31,0.002320139208352501,0.6444444444444445,4.950113518034858
"debt_to_income_ratio_41, purchaser_type_2",derived_loan_product_type_fha:first lien,0.0010200612036722204,0.6144578313253012,4.945435961489228
"income_bracket_High, loan_purpose_2",lien_status_2,0.01999119947196832,0.8371021775544389,4.942733696036526
"income_bracket_High, loan_purpose_2",derived_loan_product_type_conventional:subordinate lien,0.01996119767186031,0.8358458961474037,4.942612332310082
"debt_to_income_ratio_41, purchaser_type_2",loan_type_2,0.0010200612036722204,0.6144578313253012,4.939472335842283
"co_applicant_age_45-54, loan_purpose_2",derived_loan_product_type_conventional:subordinate lien,0.007650459027541652,0.8351528384279475,4.938514070122069
"co_applicant_age_45-54, loan_purpose_2",lien_status_2,0.0076604596275776544,0.836244541484716,4.937669718407009
"combined_loan_to_value_ratio_bin_(68.474, 82.976], loan_purpose_4",derived_loan_product_type_conventional:subordinate lien,0.017881072864371864,0.834733893557423,4.936036721016023
"debt_to_income_ratio_42, loan_purpose_2",derived_loan_product_type_conventional:subordinate lien,0.002260135608136488,0.8339483394833949,4.931391499603937
"combined_loan_to_value_ratio_bin_(68.474, 82.976], loan_purpose_4",lien_status_2,0.017881072864371864,0.834733893557423,4.928749982425802
"derived_race_asian, loan_purpose_2",derived_loan_product_type_conventional:subordinate lien,0.0039002340140408425,0.8333333333333335,4.92775478020895
"debt_to_income_ratio_42, loan_purpose_2",lien_status_2,0.002260135608136488,0.8339483394833949,4.924111618441251
"derived_ethnicity_joint, loan_purpose_2",derived_loan_product_type_conventional:subordinate lien,0.002040122407344441,0.8326530612244899,4.923732123245514
"derived_race_asian, loan_purpose_2",lien_status_2,0.0039002340140408425,0.8333333333333335,4.920480267690189
"debt_to_income_ratio_36, loan_purpose_2",derived_loan_product_type_conventional:subordinate lien,0.0015300918055083305,0.8315217391304348,4.917042269817191
"derived_ethnicity_joint, loan_purpose_2",lien_status_2,0.002040122407344441,0.8326530612244899,4.916463549104319
"debt_to_income_ratio_36, loan_purpose_2",lien_status_2,0.0015300918055083305,0.8315217391304348,4.909783571456079
"co_applicant_age_25-34, loan_purpose_4",derived_loan_product_type_conventional:subordinate lien,0.0031801908114486867,0.8302872062663185,4.909742099550222
"applicant_age_35-44, loan_purpose_4",derived_loan_product_type_conventional:subordinate lien,0.016681000860051604,0.8298507462686568,4.907161178142405
"co_applicant_age_25-34, loan_purpose_4",lien_status_2,0.0031801908114486867,0.8302872062663185,4.90249417793884
"applicant_age_35-44, loan_purpose_4",lien_status_2,0.016681000860051604,0.8298507462686568,4.899917066571484
"interest_rate_bin_(5.375, 15.25], loan_purpose_2",lien_status_2,0.01606096365781947,0.8291171915332989,4.895585736650764
"loan_size_Medium, purchaser_type_2",derived_loan_product_type_fha:first lien,0.021071264275856552,0.6079053664166185,4.892698745127443
"interest_rate_bin_(5.375, 15.25], loan_purpose_2",derived_loan_product_type_conventional:subordinate lien,0.01602096125767546,0.8270521424883841,4.890612178355025
"debt_to_income_ratio_missing, purchaser_type_2",derived_loan_product_type_fha:first lien,0.0194411664699882,0.6073102155576383,4.887908700456413
"loan_size_Medium, purchaser_type_2",loan_type_2,0.021071264275856552,0.6079053664166185,4.886798714483748
"debt_to_income_ratio_48, purchaser_type_2",derived_loan_product_type_fha:first lien,0.0011900714042842571,0.6071428571428572,4.886561723852452
"debt_to_income_ratio_missing, purchaser_type_2",loan_type_2,0.0194411664699882,0.6073102155576383,4.882014446054384
"debt_to_income_ratio_48, purchaser_type_2",loan_type_2,0.0011900714042842571,0.6071428571428572,4.880669093748923
"applicant_age_45-54, purchaser_type_2",derived_loan_product_type_fha:first lien,0.00588035282116927,0.6061855670103092,4.87885701767779
"applicant_age_45-54, purchaser_type_2",loan_type_2,0.00588035282116927,0.6061855670103092,4.8729736785616895
"purchaser_type_2, state_code_tx",derived_loan_product_type_fha:first lien,0.004250255015300918,0.6054131054131054,4.8726398955793675
"purchaser_type_2, state_code_tx",loan_type_2,0.004250255015300918,0.6054131054131054,4.866764053595793
"derived_race_black or african american, purchaser_type_2",derived_loan_product_type_fha:first lien,0.004870292217533052,0.6042183622828785,4.863024059732305
"derived_race_black or african american, purchaser_type_2",loan_type_2,0.004870292217533052,0.6042183622828785,4.857159813338223
"loan_purpose_4, loan_term_bin_(360.0, 674.0]",derived_loan_product_type_conventional:subordinate lien,0.00338020281216873,0.8184019370460048,4.839460868892857
"interest_rate_bin_(3.99, 5.375], loan_term_bin_missing",derived_loan_product_type_fha:first lien,0.0011000660039602375,0.6010928961748633,4.8378688876456275
"debt_to_income_ratio_38, loan_purpose_2",derived_loan_product_type_conventional:subordinate lien,0.0017001020061203672,0.8173076923076923,4.832990265204931
"loan_purpose_4, loan_term_bin_(360.0, 674.0]",lien_status_2,0.00338020281216873,0.8184019370460048,4.832316698729153
"interest_rate_bin_(3.99, 5.375], loan_term_bin_missing",loan_type_2,0.0011000660039602375,0.6010928961748633,4.832034975489129
"debt_to_income_ratio_49, purchaser_type_2",derived_loan_product_type_fha:first lien,0.0011100666039962398,0.6,4.829072762395364
"debt_to_income_ratio_50%-60%, loan_purpose_4",derived_loan_product_type_conventional:subordinate lien,0.004840290417425046,0.8161888701517707,4.826374327732475
"debt_to_income_ratio_38, loan_purpose_2",lien_status_2,0.0017001020061203672,0.8173076923076923,4.825855647157685
"debt_to_income_ratio_49, purchaser_type_2",loan_type_2,0.0011100666039962398,0.6,4.823249457351877
"debt_to_income_ratio_39, loan_purpose_2",derived_loan_product_type_conventional:subordinate lien,0.0016300978058683521,0.8150000000000001,4.819344175044352
"debt_to_income_ratio_50%-60%, loan_purpose_4",lien_status_2,0.004840290417425046,0.8161888701517707,4.819249476348164
"debt_to_income_ratio_41, loan_purpose_4",derived_loan_product_type_conventional:subordinate lien,0.00162009720583235,0.8140703517587938,4.813846880766932
"debt_to_income_ratio_39, loan_purpose_2",lien_status_2,0.0016300978058683521,0.8150000000000001,4.812229701801004
"debt_to_income_ratio_41, loan_purpose_4",lien_status_2,0.00162009720583235,0.8140703517587938,4.806740522808907
"debt_to_income_ratio_30%-<36%, loan_purpose_2",lien_status_2,0.009140548432905975,0.813167259786477,4.801408147333273
"debt_to_income_ratio_30%-<36%, loan_purpose_2",derived_loan_product_type_conventional:subordinate lien,0.00912054723283397,0.8113879003558719,4.797984725498821
"debt_to_income_ratio_45, loan_purpose_2",derived_loan_product_type_conventional:subordinate lien,0.0013300798047882873,0.8109756097560976,4.795546725130173
"loan_purpose_2, state_code_az",lien_status_2,0.002200132007920475,0.8118081180811808,4.7933829914029875
"debt_to_income_ratio_45, loan_purpose_2",lien_status_2,0.0013300798047882873,0.8109756097560976,4.788467382459476
"applicant_age_45-54, loan_purpose_2",lien_status_2,0.019241154469268155,0.81078803202697,4.78735981544168
"applicant_age_45-54, loan_purpose_2",derived_loan_product_type_conventional:subordinate lien,0.019201152069124146,0.809102402022756,4.784469875095414
"applicant_age_25-34, loan_purpose_4",derived_loan_product_type_conventional:subordinate lien,0.007160429625777546,0.8081264108352144,4.778698540807595
"loan_purpose_2, state_code_az",derived_loan_product_type_conventional:subordinate lien,0.0021901314078844733,0.8081180811808119,4.778649285014435
"applicant_age_25-34, loan_purpose_4",lien_status_2,0.007160429625777546,0.8081264108352144,4.77164406997676
"income_bracket_High, loan_purpose_4",derived_loan_product_type_conventional:subordinate lien,0.01634098045882753,0.8065153010858835,4.769171556285147
"debt_to_income_ratio_48, loan_purpose_4",derived_loan_product_type_conventional:subordinate lien,0.0010400624037442247,0.8062015503875969,4.767316252481216
"income_bracket_High, loan_purpose_4",lien_status_2,0.01634098045882753,0.8065153010858835,4.762131149499961
"debt_to_income_ratio_48, loan_purpose_4",lien_status_2,0.0010400624037442247,0.8062015503875969,4.760278584556088
"loan_purpose_4, state_code_az",derived_loan_product_type_conventional:subordinate lien,0.0018901134068044082,0.8042553191489362,4.755807592133573
"loan_purpose_4, state_code_az",lien_status_2,0.0018901134068044082,0.8042553191489362,4.748786913668658
"loan_purpose_2, loan_size_Small",lien_status_2,0.06013360801648099,0.8017333333333333,4.733895655939376
"loan_purpose_2, loan_size_Small",derived_loan_product_type_conventional:subordinate lien,0.060033602016120964,0.8003999999999999,4.733009911295091
"interest_rate_bin_(5.375, 15.25], loan_purpose_4",derived_loan_product_type_conventional:subordinate lien,0.014550873052383144,0.8003300330033004,4.7325961750521595
"debt_to_income_ratio_44, loan_purpose_4",derived_loan_product_type_conventional:subordinate lien,0.0019201152069124147,0.8,4.730644589000591
"debt_to_income_ratio_43, loan_purpose_4",derived_loan_product_type_conventional:subordinate lien,0.001320079204752285,0.7999999999999999,4.730644589000591
"derived_race_joint, loan_purpose_4",derived_loan_product_type_conventional:subordinate lien,0.001000060003600216,0.7999999999999999,4.730644589000591
"interest_rate_bin_(5.375, 15.25], loan_purpose_4",lien_status_2,0.014550873052383144,0.8003300330033004,4.725609762039092
"debt_to_income_ratio_44, loan_purpose_4",lien_status_2,0.0019201152069124147,0.8,4.723661056982581
"debt_to_income_ratio_43, loan_purpose_4",lien_status_2,0.001320079204752285,0.7999999999999999,4.72366105698258
"derived_race_joint, loan_purpose_4",lien_status_2,0.001000060003600216,0.7999999999999999,4.72366105698258
"debt_to_income_ratio_42, loan_purpose_4",derived_loan_product_type_conventional:subordinate lien,0.002180130807848471,0.7985347985347985,4.721980404771652
"loan_purpose_2, state_code_nc",lien_status_2,0.0027801668100086007,0.7988505747126438,4.716874187647836
"debt_to_income_ratio_42, loan_purpose_4",lien_status_2,0.002180130807848471,0.7985347985347985,4.715009663105323
"loan_purpose_2, purchaser_type_71",derived_loan_product_type_conventional:subordinate lien,0.001310078604716283,0.793939393939394,4.694806372417253
"applicant_age_45-54, loan_purpose_4",derived_loan_product_type_conventional:subordinate lien,0.015910954657279437,0.7939121756487026,4.694645422342778
"co_applicant_age_45-54, loan_purpose_4",derived_loan_product_type_conventional:subordinate lien,0.005810348620917255,0.7937158469945355,4.693484470985901
"debt_to_income_ratio_37, loan_purpose_4",derived_loan_product_type_conventional:subordinate lien,0.0014600876052563154,0.7934782608695653,4.692079551590261
"loan_purpose_2, state_code_nc",derived_loan_product_type_conventional:subordinate lien,0.002760165609936596,0.7931034482758621,4.689863170129897
"loan_purpose_2, purchaser_type_71",lien_status_2,0.001310078604716283,0.793939393939394,4.687875745944834
"applicant_age_45-54, loan_purpose_4",lien_status_2,0.015910954657279437,0.7939121756487026,4.687715033470114
"co_applicant_age_45-54, loan_purpose_4",lien_status_2,0.005810348620917255,0.7937158469945355,4.686555795947539
"debt_to_income_ratio_37, loan_purpose_4",lien_status_2,0.0014600876052563154,0.7934782608695653,4.685152950539789
"loan_purpose_4, loan_size_Small",derived_loan_product_type_conventional:subordinate lien,0.04996299777986679,0.7920101458465441,4.683398138603153
"debt_to_income_ratio_44, loan_purpose_2",derived_loan_product_type_conventional:subordinate lien,0.0015900954057243434,0.7910447761194029,4.677689612258047
"loan_purpose_4, loan_size_Small",lien_status_2,0.04996299777986679,0.7920101458465441,4.676484353338018
"debt_to_income_ratio_44, loan_purpose_2",lien_status_2,0.0015900954057243434,0.7910447761194029,4.67078425410591
"loan_purpose_2, loan_term_bin_(0.999, 300.0]",lien_status_2,0.034622077324639476,0.7902305409723807,4.66597654053689
"interest_rate_bin_(3.99, 5.375], loan_purpose_2",derived_loan_product_type_conventional:subordinate lien,0.01176070564233854,0.7887323943661971,4.664015791972414
"loan_purpose_2, loan_term_bin_(0.999, 300.0]",derived_loan_product_type_conventional:subordinate lien,0.03452207132427946,0.7879479570874229,4.659377174512109
"interest_rate_bin_(3.99, 5.375], loan_purpose_2",lien_status_2,0.01176070564233854,0.7887323943661971,4.657130619560291
"debt_to_income_ratio_46, loan_purpose_2",derived_loan_product_type_conventional:subordinate lien,0.0012900774046442787,0.7865853658536587,4.651319755953327
"debt_to_income_ratio_46, loan_purpose_2",lien_status_2,0.0012900774046442787,0.7865853658536587,4.644453325844154
"loan_purpose_2, occupancy_type_1",derived_loan_product_type_conventional:subordinate lien,0.0685541132467948,0.7830705962988348,4.630535848983187
"loan_purpose_2, occupancy_type_1",lien_status_2,0.06865411924715482,0.7842129312314371,4.630445104550122
"debt_to_income_ratio_40, loan_purpose_4",derived_loan_product_type_conventional:subordinate lien,0.0014400864051843112,0.782608695652174,4.627804489239709
"loan_purpose_4, loan_term_bin_(0.999, 300.0]",derived_loan_product_type_conventional:subordinate lien,0.027741664499869992,0.7825105782792665,4.627224291215669
"debt_to_income_ratio_40, loan_purpose_4",lien_status_2,0.0014400864051843112,0.782608695652174,4.620972773135133
"loan_purpose_4, loan_term_bin_(0.999, 300.0]",lien_status_2,0.027741664499869992,0.7825105782792665,4.620393431618363
"income_bracket_Very High, loan_purpose_4",derived_loan_product_type_conventional:subordinate lien,0.01718103086185171,0.7787851314596554,4.605194585167166
"debt_to_income_ratio_49, loan_purpose_4",derived_loan_product_type_conventional:subordinate lien,0.0013700822049322959,0.7784090909090908,4.60297094242245
"income_bracket_Very High, loan_purpose_4",lien_status_2,0.01718103086185171,0.7787851314596554,4.598396246541292
"debt_to_income_ratio_49, loan_purpose_4",lien_status_2,0.0013700822049322959,0.7784090909090908,4.596175886410607
"loan_purpose_2, purchaser_type_0",derived_loan_product_type_conventional:subordinate lien,0.06902414144848691,0.7768148564997187,4.593543746944581
"loan_purpose_2, purchaser_type_0",lien_status_2,0.06912414744884693,0.777940348902645,4.593408163458582
"debt_to_income_ratio_20%-<30%, loan_purpose_2",lien_status_2,0.011610696641798509,0.7776289350301406,4.591569396480891
"derived_sex_male, loan_purpose_2",lien_status_2,0.02412144728683721,0.7770618556701031,4.588221033119356
"debt_to_income_ratio_20%-<30%, loan_purpose_2",derived_loan_product_type_conventional:subordinate lien,0.011580694841690501,0.7756195579370395,4.586475581097358
"derived_sex_male, loan_purpose_2",derived_loan_product_type_conventional:subordinate lien,0.0240714442866572,0.7754510309278351,4.585479029367116
"debt_to_income_ratio_>60%, loan_purpose_2",derived_loan_product_type_conventional:subordinate lien,0.006320379222753365,0.773561811505508,4.574307497320033
"loan_purpose_2, loan_term_bin_(360.0, 674.0]",derived_loan_product_type_conventional:subordinate lien,0.0036502190131407885,0.7733050847457628,4.572789393498983
"debt_to_income_ratio_>60%, loan_purpose_2",lien_status_2,0.006320379222753365,0.773561811505508,4.567554755221834
"loan_purpose_2, loan_term_bin_(360.0, 674.0]",lien_status_2,0.0036502190131407885,0.7733050847457628,4.566038892475217
"debt_to_income_ratio_30%-<36%, loan_purpose_4",derived_loan_product_type_conventional:subordinate lien,0.006790407424445467,0.7715909090909091,4.562652948766195
"loan_purpose_2, loan_type_1",lien_status_2,0.0708542512550753,0.7717024289293105,4.556575888890315
"loan_purpose_2, reverse_mortgage_2",derived_loan_product_type_conventional:subordinate lien,0.06969418165089905,0.7704809286898839,4.556089295293687
"debt_to_income_ratio_30%-<36%, loan_purpose_4",lien_status_2,0.006790407424445467,0.7715909090909091,4.555917411493143
"loan_purpose_2, reverse_mortgage_2",lien_status_2,0.06979418765125908,0.7715865118850195,4.555891447855367
"derived_dwelling_category_single family (1-4 units):site-built, loan_purpose_2",derived_loan_product_type_conventional:subordinate lien,0.07044422665359922,0.7685761047463175,4.544825488941648
"derived_dwelling_category_single family (1-4 units):site-built, loan_purpose_2",lien_status_2,0.07054423265395923,0.7696672122204037,4.5445587965023355
"derived_ethnicity_not hispanic or latino, loan_purpose_2",lien_status_2,0.051643098585915155,0.7693682955899881,4.542793820444362
"derived_ethnicity_not hispanic or latino, loan_purpose_2",derived_loan_product_type_conventional:subordinate lien,0.05154309258555513,0.7678784266984505,4.540699905339141
"construction_method_1, loan_purpose_2",derived_loan_product_type_conventional:subordinate lien,0.07049422965377923,0.7677812874414552,4.5401254912135345
"construction_method_1, loan_purpose_2",lien_status_2,0.07059423565413925,0.7688704934103039,4.539854509481543
"loan_purpose_2, total_units_1",derived_loan_product_type_conventional:subordinate lien,0.06935416124967499,0.7668915183014487,4.534864014253996
"loan_purpose_2, total_units_1",lien_status_2,0.069454167250035,0.7679973460134911,4.53469894403738
"loan_purpose_2, state_code_other",derived_loan_product_type_conventional:subordinate lien,0.03536212172730364,0.7652023371564596,4.524875369699765
"loan_purpose_4, state_code_ga",derived_loan_product_type_conventional:subordinate lien,0.0020201212072724363,0.7651515151515152,4.524574843646399
"loan_purpose_2, state_code_other",lien_status_2,0.035382122927375644,0.7656351439082449,4.520751141420788
loan_purpose_2,derived_loan_product_type_conventional:subordinate lien,0.0708542512550753,0.76437587657784,4.519988255619428
loan_purpose_2,lien_status_2,0.07095425725543533,0.7654547416118244,4.519685942293048
"loan_purpose_4, state_code_ga",lien_status_2,0.0020201212072724363,0.7651515151515152,4.5178955185155365
"derived_race_white, loan_purpose_2",lien_status_2,0.04803288197291838,0.7645654250238777,4.514434904625783
"conforming_loan_limit_c, loan_purpose_2",derived_loan_product_type_conventional:subordinate lien,0.06911414684881093,0.763309034680804,4.513679693310013
"conforming_loan_limit_c, loan_purpose_2",lien_status_2,0.06921415284917096,0.76441351888668,4.513537963245035
"income_bracket_Medium, loan_purpose_2",derived_loan_product_type_conventional:subordinate lien,0.014910894653679221,0.763050153531218,4.512148849923158
"derived_race_white, loan_purpose_2",derived_loan_product_type_conventional:subordinate lien,0.04793287597255835,0.7629735752944922,4.5116960193966555
"income_bracket_Medium, loan_purpose_2",lien_status_2,0.014930895853751226,0.764073694984647,4.511531447079704
"interest_rate_bin_(-0.001, 3.99], loan_purpose_2",derived_loan_product_type_conventional:subordinate lien,0.011970718243094586,0.7604828462515882,4.496967577059806
"derived_race_race not available, loan_purpose_2",derived_loan_product_type_conventional:subordinate lien,0.011550693041582495,0.7603686635944701,4.496292380098488
"interest_rate_bin_(-0.001, 3.99], loan_purpose_2",lien_status_2,0.011980718843130587,0.761118170266836,4.494080325814113
"derived_race_race not available, loan_purpose_2",lien_status_2,0.011550693041582495,0.7603686635944701,4.489654806463858
"loan_purpose_2, state_code_ny",lien_status_2,0.0032601956117367043,0.75990675990676,4.486927460886718
"debt_to_income_ratio_45, loan_purpose_4",derived_loan_product_type_conventional:subordinate lien,0.0011600696041762506,0.7581699346405228,4.4832906235626515
"debt_to_income_ratio_38, loan_purpose_4",derived_loan_product_type_conventional:subordinate lien,0.0014700882052923175,0.7577319587628866,4.480700738293086
"loan_purpose_2, state_code_ny",derived_loan_product_type_conventional:subordinate lien,0.003250195011700702,0.7575757575757577,4.479777072917227
"debt_to_income_ratio_45, loan_purpose_4",lien_status_2,0.0011600696041762506,0.7581699346405228,4.476672243545583
"derived_ethnicity_hispanic or latino, loan_purpose_2",derived_loan_product_type_conventional:subordinate lien,0.006540392423545413,0.7569444444444445,4.476043925356462
"debt_to_income_ratio_38, loan_purpose_4",lien_status_2,0.0014700882052923175,0.7577319587628866,4.4740861815492226
"derived_ethnicity_hispanic or latino, loan_purpose_2",lien_status_2,0.006540392423545413,0.7569444444444445,4.469436243151922
"debt_to_income_ratio_36, loan_purpose_4",derived_loan_product_type_conventional:subordinate lien,0.001310078604716283,0.7528735632183908,4.451971560050844
"debt_to_income_ratio_36, loan_purpose_4",lien_status_2,0.001310078604716283,0.7528735632183908,4.445399414258032
"derived_race_black or african american, loan_purpose_4",derived_loan_product_type_conventional:subordinate lien,0.00398023881432886,0.7509433962264151,4.440557892505272
"derived_race_black or african american, loan_purpose_4",lien_status_2,0.00398023881432886,0.7509433962264151,4.434002595941196
"loan_purpose_2, loan_term_bin_(300.0, 360.0]",derived_loan_product_type_conventional:subordinate lien,0.029761785707142427,0.7498110355253211,4.433861897475988
"loan_purpose_2, loan_term_bin_(300.0, 360.0]",lien_status_2,0.029761785707142427,0.7498110355253211,4.427316485758427
"loan_purpose_4, state_code_nc",derived_loan_product_type_conventional:subordinate lien,0.002680160809648579,0.7486033519553074,4.42672049529385
"loan_purpose_4, state_code_nc",lien_status_2,0.002680160809648579,0.7486033519553074,4.420185625947387
"debt_to_income_ratio_>60%, loan_purpose_4",derived_loan_product_type_conventional:subordinate lien,0.005990359421565294,0.7459526774595268,4.411046246593017
"income_bracket_Very High, loan_size_Small",derived_loan_product_type_conventional:subordinate lien,0.03441206472388343,0.7459353999566443,4.410944079436113
"income_bracket_Very High, loan_size_Small",lien_status_2,0.034422065323919435,0.7461521786256232,4.405712485945708
"debt_to_income_ratio_>60%, loan_purpose_4",lien_status_2,0.005990359421565294,0.7459526774595268,4.4045345160843175
"co_applicant_age_missing, loan_purpose_2",derived_loan_product_type_conventional:subordinate lien,0.04106246374782487,0.7433019551049964,4.395371714888765
"co_applicant_age_missing, loan_purpose_2",lien_status_2,0.041122467348040884,0.7443881245474294,4.395296494006239
"loan_purpose_4, state_code_ca",derived_loan_product_type_conventional:subordinate lien,0.006600396023761426,0.7432432432432432,4.395024533699873
"combined_loan_to_value_ratio_bin_(68.474, 82.976], loan_term_bin_missing",derived_loan_product_type_conventional:subordinate lien,0.0013600816048962938,0.7431693989071039,4.3945878695633915
"loan_purpose_2, state_code_fl",lien_status_2,0.005800348020881253,0.7435897435897436,4.3905823927081675
"loan_purpose_4, state_code_ca",lien_status_2,0.006600396023761426,0.7432432432432432,4.388536454966924
"loan_purpose_2, state_code_oh",lien_status_2,0.0030101806108366502,0.7432098765432099,4.38833943873999
"combined_loan_to_value_ratio_bin_(68.474, 82.976], loan_term_bin_missing",lien_status_2,0.0013600816048962938,0.7431693989071039,4.388100435448299
"loan_purpose_2, state_code_oh",derived_loan_product_type_conventional:subordinate lien,0.003000180010800648,0.7407407407407407,4.380226471296844
"derived_race_asian, loan_purpose_4",derived_loan_product_type_conventional:subordinate lien,0.0036502190131407885,0.7403651115618661,4.378005261118702
"loan_purpose_4, occupancy_type_1",derived_loan_product_type_conventional:subordinate lien,0.057073424405464326,0.7403035413153457,4.37764117742677
"conforming_loan_limit_nc, debt_to_income_ratio_38",income_bracket_Very High,0.0011100666039962398,0.9652173913043479,4.374759669390217
"loan_purpose_2, state_code_fl",derived_loan_product_type_conventional:subordinate lien,0.005770346220773246,0.7397435897435897,4.3743300125854825
"derived_race_asian, loan_purpose_4",lien_status_2,0.0036502190131407885,0.7403651115618661,4.371542306791689
"loan_purpose_4, occupancy_type_1",lien_status_2,0.057073424405464326,0.7403035413153457,4.371178760571992
"debt_to_income_ratio_20%-<30%, loan_purpose_4",derived_loan_product_type_conventional:subordinate lien,0.007620457227433646,0.7390882638215326,4.370454870051469
"loan_purpose_4, purchaser_type_0",derived_loan_product_type_conventional:subordinate lien,0.055803348200892056,0.7384859714134463,4.366893330899831
"debt_to_income_ratio_20%-<30%, loan_purpose_4",lien_status_2,0.007620457227433646,0.7390882638215326,4.364003061858301
"derived_sex_male, loan_purpose_4",derived_loan_product_type_conventional:subordinate lien,0.020481228873732424,0.7374864962189414,4.360983128498925
"loan_purpose_4, purchaser_type_0",lien_status_2,0.055803348200892056,0.7384859714134463,4.3604467803670595
"conforming_loan_limit_nc, debt_to_income_ratio_39",income_bracket_Very High,0.0010100606036362182,0.9619047619047619,4.359745479190679
"derived_sex_male, loan_purpose_4",lien_status_2,0.020481228873732424,0.7374864962189414,4.354545302799931
"conforming_loan_limit_nc, debt_to_income_ratio_30%-<36%",income_bracket_Very High,0.004620277216632998,0.9604989604989606,4.353373812715668
"derived_ethnicity_hispanic or latino, loan_purpose_4",derived_loan_product_type_conventional:subordinate lien,0.005180310818649119,0.7357954545454545,4.3509834820708555
"debt_to_income_ratio_39, loan_purpose_4",derived_loan_product_type_conventional:subordinate lien,0.0013900834050043004,0.7354497354497356,4.34893913935901
"loan_purpose_2, state_code_ga",derived_loan_product_type_conventional:subordinate lien,0.0020501230073804427,0.7347670250896057,4.344902064270256
"derived_ethnicity_hispanic or latino, loan_purpose_4",lien_status_2,0.005180310818649119,0.7357954545454545,4.3445604181764494
"income_bracket_Medium, loan_purpose_4",derived_loan_product_type_conventional:subordinate lien,0.013030781846910814,0.7344983089064262,4.343313063322838
"debt_to_income_ratio_39, loan_purpose_4",lien_status_2,0.0013900834050043004,0.7354497354497356,4.342519093390071
"loan_purpose_4, state_code_other",derived_loan_product_type_conventional:subordinate lien,0.02967178030681841,0.7342242019302152,4.341692184968062
"loan_purpose_2, state_code_ga",lien_status_2,0.0020501230073804427,0.7347670250896057,4.338487977963391
"income_bracket_Medium, loan_purpose_4",lien_status_2,0.013030781846910814,0.7344983089064262,4.336901322751059
"loan_purpose_4, state_code_other",lien_status_2,0.02967178030681841,0.7342242019302152,4.3352828371898395
"derived_ethnicity_joint, loan_purpose_4",derived_loan_product_type_conventional:subordinate lien,0.0012900774046442787,0.7329545454545454,4.334184318047416
"debt_to_income_ratio_30%-<36%, loan_type_4","combined_loan_to_value_ratio_bin_(82.976, 27777.78]",0.0010400624037442247,0.9454545454545455,4.330727522591929
"conforming_loan_limit_nc, debt_to_income_ratio_20%-<30%",income_bracket_Very High,0.0051403084185051105,0.9553903345724908,4.330219432292704
"derived_ethnicity_joint, loan_purpose_4",lien_status_2,0.0012900774046442787,0.7329545454545454,4.327786053627506
"debt_to_income_ratio_30%-<36%, derived_loan_product_type_fsa/rhs:first lien","combined_loan_to_value_ratio_bin_(82.976, 27777.78]",0.001000060003600216,0.9433962264150942,4.321299233355517
"loan_purpose_4, loan_type_1",lien_status_2,0.05839350361021661,0.7310629773381746,4.3166171453175926
"loan_purpose_2, total_units_2",derived_loan_product_type_conventional:subordinate lien,0.0011600696041762506,0.729559748427673,4.314109845315005
"interest_rate_bin_missing, loan_purpose_2",lien_status_2,0.031151869112146728,0.7300210921021796,4.310465254423699
"interest_rate_bin_missing, loan_purpose_2",derived_loan_product_type_conventional:subordinate lien,0.03110186611196672,0.728849308647762,4.3099087976891965
"loan_purpose_2, total_units_2",lien_status_2,0.0011600696041762506,0.729559748427673,4.307741215487259
"conforming_loan_limit_c, loan_purpose_4",derived_loan_product_type_conventional:subordinate lien,0.0569434166049963,0.7262755102040817,4.294689140588228
"conforming_loan_limit_c, loan_purpose_4",lien_status_2,0.0569434166049963,0.7262755102040817,4.288349180238969
"conforming_loan_limit_nc, debt_to_income_ratio_36",income_bracket_Very High,0.0010500630037802267,0.9459459459459458,4.287413603432096
"conforming_loan_limit_nc, debt_to_income_ratio_37",income_bracket_Very High,0.0010300618037082225,0.9449541284403669,4.282918281174238
"conforming_loan_limit_nc, preapproval_1",income_bracket_Very High,0.0015100906054363262,0.9437500000000001,4.277460678995558
"derived_ethnicity_not hispanic or latino, loan_purpose_4",derived_loan_product_type_conventional:subordinate lien,0.04209252555153309,0.7231958762886597,4.276478323690611
"conforming_loan_limit_nc, debt_to_income_ratio_40",income_bracket_Very High,0.001000060003600216,0.9433962264150942,4.275857232533357
"loan_purpose_4, reverse_mortgage_2",derived_loan_product_type_conventional:subordinate lien,0.057383443006580395,0.7225790202745247,4.272830665483786
"derived_ethnicity_not hispanic or latino, loan_purpose_4",lien_status_2,0.04209252555153309,0.7231958762886597,4.270165246743917
"co_applicant_age_25-34, conforming_loan_limit_nc",income_bracket_Very High,0.0039002340140408425,0.9420289855072463,4.269660337993455
"derived_race_black or african american, loan_purpose_2",derived_loan_product_type_conventional:subordinate lien,0.004750285017101026,0.7218844984802432,4.26872374577371
"loan_purpose_4, reverse_mortgage_2",lien_status_2,0.057383443006580395,0.7225790202745247,4.2665229733292485
"derived_dwelling_category_single family (1-4 units):site-built, loan_purpose_4",derived_loan_product_type_conventional:subordinate lien,0.05816348980938856,0.7211407315561066,4.26432562455478
"derived_race_black or african american, loan_purpose_2",lien_status_2,0.004750285017101026,0.7218844984802432,4.262422116388157
"construction_method_1, loan_purpose_4",derived_loan_product_type_conventional:subordinate lien,0.05816348980938856,0.7206939281288725,4.2616835392855394
"loan_purpose_4, total_units_1",derived_loan_product_type_conventional:subordinate lien,0.05754345260715643,0.7201501877346683,4.258468236093461
"derived_dwelling_category_single family (1-4 units):site-built, loan_purpose_4",lien_status_2,0.05816348980938856,0.7211407315561066,4.258030487819387
"co_applicant_age_55-64, loan_purpose_2",lien_status_2,0.0054503270196211775,0.7208994708994709,4.256605945858972
"derived_race_white, loan_purpose_4",derived_loan_product_type_conventional:subordinate lien,0.03885233113986839,0.7197110040755835,4.255871208842927
"construction_method_1, loan_purpose_4",lien_status_2,0.05816348980938856,0.7206939281288725,4.255392302882697
"co_applicant_age_55-64, loan_purpose_2",derived_loan_product_type_conventional:subordinate lien,0.005440326419585175,0.7195767195767196,4.255077143545506
"loan_term_bin_missing, state_code_nc",derived_loan_product_type_conventional:subordinate lien,0.001690101406084365,0.7191489361702128,4.252547529473936
"loan_purpose_4, total_units_1",lien_status_2,0.05754345260715643,0.7201501877346683,4.252181746226184
"derived_race_white, loan_purpose_4",lien_status_2,0.03885233113986839,0.7197110040755835,4.249588552792082
"loan_term_bin_missing, state_code_nc",lien_status_2,0.001690101406084365,0.7191489361702128,4.246269779947107
"loan_size_Small, loan_term_bin_(360.0, 674.0]",lien_status_2,0.006650399023941436,0.7189189189189188,4.244911625531643
"loan_size_Small, loan_term_bin_(360.0, 674.0]",derived_loan_product_type_conventional:subordinate lien,0.006640398423905435,0.7178378378378378,4.244794604184315
loan_purpose_4,derived_loan_product_type_conventional:subordinate lien,0.05839350361021661,0.7176745329400196,4.243828932395288
"loan_purpose_2, state_code_il",derived_loan_product_type_conventional:subordinate lien,0.0016500990059403564,0.7173913043478262,4.2421541151364
loan_purpose_4,lien_status_2,0.05839350361021661,0.7176745329400196,4.237564053546166
"loan_purpose_2, state_code_il",lien_status_2,0.0016500990059403564,0.7173913043478262,4.235891708707205
"interest_rate_bin_(3.99, 5.375], loan_purpose_4",derived_loan_product_type_conventional:subordinate lien,0.007410444626677601,0.7138728323699423,4.221348314606742
"co_applicant_age_35-44, conforming_loan_limit_nc",income_bracket_Very High,0.007440446426785607,0.93,4.215140059831384
"interest_rate_bin_(3.99, 5.375], loan_purpose_4",lien_status_2,0.007410444626677601,0.7138728323699423,4.215116622379687
"co_applicant_age_missing, loan_purpose_4",derived_loan_product_type_conventional:subordinate lien,0.03570214212852771,0.7114388202471104,4.206955256758696
"co_applicant_age_missing, loan_purpose_4",lien_status_2,0.03570214212852771,0.7114388202471104,4.200744812033632
"combined_loan_to_value_ratio_bin_(82.976, 27777.78], loan_term_bin_missing",derived_loan_product_type_conventional:subordinate lien,0.0018801128067684062,0.709433962264151,4.195099918547695
"interest_rate_bin_missing, loan_purpose_4",derived_loan_product_type_conventional:subordinate lien,0.02866171970318219,0.7092303885176936,4.1938961247450175
"debt_to_income_ratio_50%-60%, loan_term_bin_(360.0, 674.0]",derived_loan_product_type_conventional:subordinate lien,0.0011700702042122526,0.709090909090909,4.1930713402505235
"conforming_loan_limit_nc, derived_race_joint",income_bracket_Very High,0.0012300738044282657,0.924812030075188,4.191626059982701
"conforming_loan_limit_nc, debt_to_income_ratio_42",income_bracket_Very High,0.0012300738044282657,0.924812030075188,4.191626059982701
"combined_loan_to_value_ratio_bin_(82.976, 27777.78], loan_term_bin_missing",lien_status_2,0.0018801128067684062,0.709433962264151,4.188906975060025
"interest_rate_bin_missing, loan_purpose_4",lien_status_2,0.02866171970318219,0.7092303885176936,4.1877049583370685
"debt_to_income_ratio_50%-60%, loan_term_bin_(360.0, 674.0]",lien_status_2,0.0011700702042122526,0.709090909090909,4.186881391416377
"derived_sex_female, loan_purpose_2",derived_loan_product_type_conventional:subordinate lien,0.014390863451807108,0.7067779960707269,4.179394378420832
"derived_sex_female, loan_purpose_2",lien_status_2,0.01440086405184311,0.7072691552062869,4.176124706566132
"conforming_loan_limit_nc, debt_to_income_ratio_41",income_bracket_Very High,0.0011600696041762506,0.9206349206349206,4.172693692954775
"derived_sex_female, reverse_mortgage_1",income_bracket_Low,0.0021101266075964557,0.9377777777777778,4.155830132561209
"combined_loan_to_value_ratio_bin_(68.474, 82.976], conforming_loan_limit_missing","loan_term_bin_(0.999, 300.0]",0.0011100666039962398,0.925,4.131060741402412
"applicant_age_55-64, loan_purpose_2",derived_loan_product_type_conventional:subordinate lien,0.013220793247594856,0.6983623877443211,4.129630313430257
"applicant_age_55-64, loan_purpose_2",lien_status_2,0.013230793847630857,0.698890649762282,4.126653181714179
"derived_sex_male, reverse_mortgage_1",income_bracket_Low,0.0013500810048602916,0.9310344827586207,4.125946732359755
"combined_loan_to_value_ratio_bin_(68.474, 82.976], derived_dwelling_category_multifamily:site-built","loan_term_bin_(0.999, 300.0]",0.0010700642038522312,0.9224137931034483,4.119510711370532
"applicant_age_35-44, conforming_loan_limit_nc",income_bracket_Very High,0.012420745244714683,0.9078947368421052,4.114949973519602
"loan_type_2, purchaser_type_9","combined_loan_to_value_ratio_bin_(82.976, 27777.78]",0.003880232813968838,0.8981481481481481,4.1140369182742065
"derived_loan_product_type_fha:first lien, purchaser_type_9","combined_loan_to_value_ratio_bin_(82.976, 27777.78]",0.003880232813968838,0.8981481481481481,4.1140369182742065
"co_applicant_age_<25, purchaser_type_2","combined_loan_to_value_ratio_bin_(82.976, 27777.78]",0.0010500630037802267,0.8974358974358975,4.110774398909992
"loan_purpose_4, state_code_pa",derived_loan_product_type_conventional:subordinate lien,0.002430145808748525,0.6942857142857143,4.105523696882656
"loan_purpose_2, state_code_pa",derived_loan_product_type_conventional:subordinate lien,0.0034602076124567475,0.6933867735470942,4.100207985456424
"loan_purpose_4, state_code_pa",lien_status_2,0.002430145808748525,0.6942857142857143,4.099462988738454
"loan_size_Small, state_code_ca",lien_status_2,0.012860771646298778,0.6936353829557714,4.09562305776672
"loan_size_Small, state_code_ca",derived_loan_product_type_conventional:subordinate lien,0.012840770446226774,0.6925566343042072,4.095299118309574
"loan_purpose_2, state_code_pa",lien_status_2,0.0034602076124567475,0.6933867735470942,4.09415512453901
"debt_to_income_ratio_exempt, loan_purpose_4",derived_loan_product_type_conventional:subordinate lien,0.0010800648038882333,0.6923076923076923,4.093827048173589
"debt_to_income_ratio_exempt, loan_purpose_4",lien_status_2,0.0010800648038882333,0.6923076923076923,4.087783607004156
"co_applicant_age_45-54, conforming_loan_limit_nc",income_bracket_Very High,0.00458027481648899,0.9015748031496065,4.086305451280108
"preapproval_1, purchaser_type_2","combined_loan_to_value_ratio_bin_(82.976, 27777.78]",0.001320079204752285,0.8918918918918918,4.085379653588539
"derived_sex_female, loan_purpose_4",derived_loan_product_type_conventional:subordinate lien,0.012400744044642678,0.6888888888888889,4.0736106183060645
"derived_race_race not available, loan_purpose_4",derived_loan_product_type_conventional:subordinate lien,0.010160609636578194,0.6888135593220338,4.073165171546271
"derived_sex_female, loan_purpose_4",lien_status_2,0.012400744044642678,0.6888888888888889,4.067597021290555
"derived_race_race not available, loan_purpose_4",lien_status_2,0.010160609636578194,0.6888135593220338,4.0671522321138145
"loan_purpose_4, reverse_mortgage_1111",derived_loan_product_type_conventional:subordinate lien,0.0010100606036362182,0.6870748299319728,4.062883533070235
"loan_purpose_4, reverse_mortgage_1111",lien_status_2,0.0010100606036362182,0.6870748299319728,4.056885771728236
"applicant_age_>74, reverse_mortgage_1",income_bracket_Low,0.0025801548092885575,0.9148936170212766,4.054417316983936
"loan_purpose_4, state_code_il",derived_loan_product_type_conventional:subordinate lien,0.0015200912054723283,0.6846846846846847,4.048749873468974
"loan_purpose_4, state_code_il",lien_status_2,0.0015200912054723283,0.6846846846846847,4.042772976696803
"applicant_age_25-34, conforming_loan_limit_nc",income_bracket_Very High,0.004630277816669,0.8903846153846154,4.0355869472744645
"applicant_age_<25, purchaser_type_2","combined_loan_to_value_ratio_bin_(82.976, 27777.78]",0.0021701302078124688,0.8785425101214575,4.024231779985571
"conforming_loan_limit_nc, loan_term_bin_(360.0, 674.0]",income_bracket_Very High,0.0014200852051123067,0.8875,4.0225126915057565
"conforming_loan_limit_nc, purchaser_type_6",income_bracket_Very High,0.0022101326079564773,0.884,4.006649261173058
"debt_to_income_ratio_>60%, derived_dwelling_category_single family (1-4 units):manufactured","loan_term_bin_(0.999, 300.0]",0.004420265215912955,0.896551724137931,4.004010411051732
"construction_method_2, debt_to_income_ratio_>60%","loan_term_bin_(0.999, 300.0]",0.004420265215912955,0.896551724137931,4.004010411051732
"conforming_loan_limit_nc, debt_to_income_ratio_<20%",income_bracket_Very High,0.002560153609216553,0.8827586206896552,4.001022822828455
"applicant_age_45-54, conforming_loan_limit_nc",income_bracket_Very High,0.008790527431645899,0.8825301204819278,3.9999871665066578
"loan_term_bin_(360.0, 674.0], state_code_ca",derived_loan_product_type_conventional:subordinate lien,0.001000060003600216,0.6756756756756757,3.995476848818067
"loan_purpose_4, loan_term_bin_missing",derived_loan_product_type_conventional:subordinate lien,0.003880232813968838,0.6747826086956521,3.9901958707222374
"loan_term_bin_(360.0, 674.0], state_code_ca",lien_status_2,0.001000060003600216,0.6756756756756757,3.9895785954244767
"conforming_loan_limit_nc, occupancy_type_2",income_bracket_Very High,0.0033502010120607236,0.879265091863517,3.98518872250025
"loan_purpose_4, loan_term_bin_missing",lien_status_2,0.003880232813968838,0.6747826086956521,3.9843054132809588
"loan_purpose_4, state_code_fl",derived_loan_product_type_conventional:subordinate lien,0.004780286817209032,0.6732394366197182,3.9810706224335957
"loan_purpose_4, state_code_fl",lien_status_2,0.004780286817209032,0.6732394366197182,3.9751936359818187
"combined_loan_to_value_ratio_bin_missing, loan_purpose_2",lien_status_2,0.011650699041942516,0.6726327944572748,3.9716116710339966
"conforming_loan_limit_nc, derived_race_asian",income_bracket_Very High,0.004840290417425046,0.8752260397830018,3.9668820878461375
"debt_to_income_ratio_missing, loan_purpose_2",lien_status_2,0.010040602436146169,0.6679973386560213,3.9442412684718153
"combined_loan_to_value_ratio_bin_missing, loan_purpose_2",derived_loan_product_type_conventional:subordinate lien,0.011550693041582495,0.6668591224018476,3.9433418737699792
"conforming_loan_limit_nc, derived_ethnicity_not hispanic or latino",income_bracket_Very High,0.024941496489789387,0.8692924363889857,3.9399885723996113
"combined_loan_to_value_ratio_bin_(68.474, 82.976], derived_loan_product_type_fha:first lien",loan_purpose_32,0.01185071104266256,0.7947686116700201,3.9389419387059865
"combined_loan_to_value_ratio_bin_(68.474, 82.976], loan_type_2",loan_purpose_32,0.01185071104266256,0.7942359249329759,3.936301897192109
"debt_to_income_ratio_missing, loan_purpose_2",derived_loan_product_type_conventional:subordinate lien,0.01000060003600216,0.6653359946773121,3.9343351538594407
"conforming_loan_limit_nc, derived_race_white",income_bracket_Very High,0.02005120307218433,0.8679653679653679,3.9339737559753876
"combined_loan_to_value_ratio_bin_(68.474, 82.976], conforming_loan_limit_nc",income_bracket_Very High,0.012670760245614737,0.8666210670314637,3.9278808347721954
"applicant_age_missing, total_units_5-24",derived_race_race not available,0.002480148808928536,1.0,3.9199498216315813
"applicant_age_missing, purchaser_type_8",derived_race_race not available,0.0014500870052203132,1.0,3.9199498216315813
"loan_purpose_4, state_code_ny",derived_loan_product_type_conventional:subordinate lien,0.0020801248074884494,0.6624203821656052,3.9170942456692797
"loan_purpose_4, state_code_ny",lien_status_2,0.0020801248074884494,0.6624203821656052,3.9113117032339844
"applicant_age_missing, loan_purpose_5",derived_race_race not available,0.003970238214292858,0.9974874371859296,3.9101007014767277
"applicant_age_missing, conforming_loan_limit_missing",derived_race_race not available,0.0038402304138248295,0.9974025974025974,3.9097681337831878
"applicant_age_missing, derived_dwelling_category_multifamily:site-built",derived_race_race not available,0.0037202232133928034,0.9973190348525469,3.909440572780022
"combined_loan_to_value_ratio_bin_(68.474, 82.976], purchaser_type_2",loan_purpose_32,0.007380442826569594,0.7884615384615385,3.907683538705545
"debt_to_income_ratio_<20%, loan_size_Large",income_bracket_Very High,0.009870592235534131,0.8620087336244542,3.9069758548655455
"loan_size_Small, reverse_mortgage_1",income_bracket_Low,0.0017801068064083846,0.8811881188118812,3.9050489608436116
"loan_purpose_5, loan_type_2",derived_race_race not available,0.0025201512090725444,0.9960474308300394,3.904455948818808
"derived_loan_product_type_fha:first lien, loan_purpose_5",derived_race_race not available,0.002510150609036542,0.996031746031746,3.9043944651965354
"loan_purpose_5, state_code_other",derived_race_race not available,0.0018301098065883954,0.9945652173913044,3.8986457465140187
"applicant_age_65-74, reverse_mortgage_1",income_bracket_Low,0.0024001440086405183,0.879120879120879,3.8958878384512134
"loan_purpose_5, loan_term_bin_(300.0, 360.0]",derived_race_race not available,0.00287017221033262,0.9930795847750866,3.8928221412050656
"applicant_age_missing, combined_loan_to_value_ratio_bin_(68.474, 82.976]",derived_race_race not available,0.005650339020341221,0.9929701230228472,3.892393056628899
"interest_rate_bin_(5.375, 15.25], loan_purpose_5",derived_race_race not available,0.0014000840050403024,0.9929078014184397,3.8921487590668185
"co_applicant_age_missing, loan_purpose_5",derived_race_race not available,0.0039902394143648615,0.9925373134328358,3.890696464753734
"derived_ethnicity_not hispanic or latino, reverse_mortgage_1",income_bracket_Low,0.004100246014760885,0.8779443254817986,3.8906738557980396
"loan_purpose_2, loan_size_Medium",derived_loan_product_type_conventional:subordinate lien,0.00815048902934176,0.657258064516129,3.886567883100284
"applicant_age_missing, loan_type_3",derived_race_race not available,0.011930715842950577,0.9908637873754153,3.884136326583452
"applicant_age_missing, derived_loan_product_type_va:first lien",derived_race_race not available,0.011930715842950577,0.9908637873754153,3.884136326583452
"applicant_age_missing, occupancy_type_3",derived_race_race not available,0.020401224073444406,0.9907722195240407,3.8837773852007893
"loan_purpose_2, loan_size_Medium",lien_status_2,0.00815048902934176,0.657258064516129,3.8808304046782287
"debt_to_income_ratio_missing, loan_purpose_5",derived_race_race not available,0.003910234614076844,0.9898734177215189,3.880254127235312
"loan_purpose_5, occupancy_type_1",derived_race_race not available,0.003800228013680821,0.9895833333333334,3.879117010989586
"loan_purpose_5, loan_size_Small",derived_race_race not available,0.0028501710102606156,0.9895833333333333,3.8791170109895856
"derived_race_white, reverse_mortgage_1",income_bracket_Low,0.0037902274136448187,0.8752886836027713,3.8789051864995354
"loan_purpose_4, state_code_oh",derived_loan_product_type_conventional:subordinate lien,0.0024701482088925336,0.6551724137931035,3.874234792716002
"interest_rate_bin_(3.99, 5.375], loan_purpose_5",derived_race_race not available,0.001570094205652339,0.9874213836477987,3.870642276705398
"combined_loan_to_value_ratio_bin_missing, loan_purpose_5",derived_race_race not available,0.0039002340140408425,0.9873417721518988,3.8703302036362452
"loan_purpose_4, state_code_oh",lien_status_2,0.0024701482088925336,0.6551724137931035,3.8685155208047
"lien_status_1, loan_purpose_5",derived_race_race not available,0.003740224413464808,0.9868073878627969,3.8682354440374973
"lien_status_2, purchaser_type_9","combined_loan_to_value_ratio_bin_(82.976, 27777.78]",0.0022201332079924796,0.844106463878327,3.866494812141522
"applicant_age_missing, state_code_oh",derived_race_race not available,0.003560213612816769,0.9861495844875346,3.8656568878139694
"loan_purpose_2, loan_term_bin_missing",derived_loan_product_type_conventional:subordinate lien,0.002920175210512631,0.6532438478747203,3.862830592808089
"combined_loan_to_value_ratio_bin_(0.129, 68.474], loan_purpose_2",derived_loan_product_type_conventional:subordinate lien,0.023591415484929094,0.6531007751937984,3.8619845603032923
"conforming_loan_limit_c, loan_purpose_5",derived_race_race not available,0.003910234614076844,0.9848866498740553,3.860706247501129
"loan_purpose_5, total_units_1",derived_race_race not available,0.003910234614076844,0.9848866498740553,3.860706247501129
"applicant_age_missing, combined_loan_to_value_ratio_bin_(0.129, 68.474]",derived_race_race not available,0.004550273016380983,0.9848484848484849,3.8605566425159514
"loan_type_3, preapproval_1","combined_loan_to_value_ratio_bin_(82.976, 27777.78]",0.001500090005400324,0.8426966292134831,3.860036955637793
"derived_loan_product_type_va:first lien, preapproval_1","combined_loan_to_value_ratio_bin_(82.976, 27777.78]",0.001500090005400324,0.8426966292134831,3.860036955637793
"applicant_age_missing, lien_status_2",derived_race_race not available,0.0031501890113406804,0.984375,3.858700605668588
"applicant_age_missing, construction_method_2",derived_race_race not available,0.0025201512090725444,0.984375,3.858700605668588
"applicant_age_missing, derived_loan_product_type_conventional:subordinate lien",derived_race_race not available,0.003140188411304678,0.9843260188087775,3.858508601856792
"derived_dwelling_category_single family (1-4 units):site-built, loan_purpose_5",derived_race_race not available,0.003740224413464808,0.9842105263157894,3.8580558770795035
"conforming_loan_limit_nc, state_code_ny",income_bracket_Very High,0.0016000960057603456,0.851063829787234,3.85736907785988
"loan_purpose_2, loan_term_bin_missing",lien_status_2,0.002920175210512631,0.6532438478747203,3.857128156149087
"loan_purpose_5, purchaser_type_0",derived_race_race not available,0.0036502190131407885,0.9838274932614555,3.856554406726488
"combined_loan_to_value_ratio_bin_(0.129, 68.474], loan_purpose_2",lien_status_2,0.023591415484929094,0.6531007751937984,3.8562833725851005
"applicant_age_missing, derived_dwelling_category_single family (1-4 units):manufactured",derived_race_race not available,0.0024001440086405183,0.9836065573770492,3.855688349145818
loan_purpose_5,derived_race_race not available,0.0039902394143648615,0.982758620689655,3.8523644798793124
"loan_purpose_5, reverse_mortgage_2",derived_race_race not available,0.003920235214112847,0.9824561403508772,3.8511787721292734
"applicant_age_missing, purchaser_type_6",derived_race_race not available,0.0016300978058683521,0.9819277108433735,3.849107354975589
"construction_method_1, loan_purpose_5",derived_race_race not available,0.0037902274136448187,0.9818652849740932,3.8488626487004387
"co_applicant_age_55-64, loan_purpose_4",derived_loan_product_type_conventional:subordinate lien,0.004170250215012901,0.6505460218408736,3.8468775226467367
"loan_purpose_2, state_code_tx",derived_loan_product_type_conventional:subordinate lien,0.002420145208712523,0.6505376344086022,3.846827925195374
"derived_loan_product_type_conventional:subordinate lien, purchaser_type_9","combined_loan_to_value_ratio_bin_(82.976, 27777.78]",0.0021401284077044625,0.8392156862745099,3.844092227821042
"applicant_age_missing, loan_purpose_2",derived_race_race not available,0.0015200912054723283,0.9806451612903225,3.844079825083873
"co_applicant_age_55-64, loan_purpose_4",lien_status_2,0.004170250215012901,0.6505460218408736,3.8411986364308426
"loan_purpose_2, state_code_tx",lien_status_2,0.002420145208712523,0.6505376344086022,3.841149112196857
"loan_purpose_4, loan_term_bin_(300.0, 360.0]",derived_loan_product_type_conventional:subordinate lien,0.023391403484209053,0.649181237857341,3.8388071376881703
"applicant_age_55-64, loan_purpose_4",derived_loan_product_type_conventional:subordinate lien,0.010620637238234294,0.6487477092241906,3.836243550334933
"applicant_age_missing, total_units_2",derived_race_race not available,0.003170190211412685,0.9783950617283952,3.8352595477074427
"applicant_age_missing, loan_term_bin_(0.999, 300.0]",derived_race_race not available,0.016921015260915655,0.9780346820809248,3.8338468775726215
"loan_purpose_4, loan_term_bin_(300.0, 360.0]",lien_status_2,0.023391403484209053,0.649181237857341,3.8331401652380848
"applicant_age_55-64, loan_purpose_4",lien_status_2,0.010620637238234294,0.6487477092241906,3.83058036233621
"applicant_age_missing, state_code_tx",derived_race_race not available,0.010840650439026342,0.974820143884892,3.821246049144455
"loan_type_2, preapproval_1","combined_loan_to_value_ratio_bin_(82.976, 27777.78]",0.003370202212132728,0.8341584158415842,3.820927010245688
"derived_loan_product_type_fha:first lien, preapproval_1","combined_loan_to_value_ratio_bin_(82.976, 27777.78]",0.003370202212132728,0.8341584158415842,3.820927010245688
"conforming_loan_limit_nc, derived_sex_male",income_bracket_Very High,0.010870652239134347,0.8426356589147286,3.819169163154717
"applicant_age_missing, state_code_pa",derived_race_race not available,0.00338020281216873,0.9740634005763688,3.8182796533471883
"applicant_age_missing, purchaser_type_2",derived_race_race not available,0.026101566093965637,0.9724292101341281,3.811873708814615
"applicant_age_missing, loan_type_4",derived_race_race not available,0.0020201212072724363,0.9711538461538461,3.8068743460075933
"applicant_age_missing, derived_loan_product_type_fsa/rhs:first lien",derived_race_race not available,0.0020201212072724363,0.9711538461538461,3.8068743460075933
"applicant_age_missing, purchaser_type_1",derived_race_race not available,0.011910714642878573,0.9706601466992665,3.8049390689186744
"applicant_age_missing, loan_type_2",derived_race_race not available,0.023311398683921035,0.9696339434276207,3.8009164035870286
"applicant_age_missing, derived_loan_product_type_fha:first lien",derived_race_race not available,0.023301398083885032,0.9696213066999584,3.800866868248683
"applicant_age_missing, purchaser_type_5",derived_race_race not available,0.0025501530091805507,0.9695817490494295,3.800711804243548
"applicant_age_55-64, conforming_loan_limit_nc",income_bracket_Very High,0.005260315618937137,0.8375796178343949,3.7962531187441066
"applicant_age_missing, interest_rate_bin_(3.99, 5.375]",derived_race_race not available,0.03203192191531492,0.9656315948145916,3.785227397855278
"applicant_age_missing, loan_term_bin_missing",derived_race_race not available,0.004440266415984959,0.9652173913043479,3.7836037408791787
"applicant_age_missing, loan_size_Small",derived_race_race not available,0.022201332079924797,0.9652173913043478,3.7836037408791783
"applicant_age_missing, conforming_loan_limit_nc",derived_race_race not available,0.0043402604156249375,0.9644444444444445,3.78057382797357
"applicant_age_missing, state_code_nc",derived_race_race not available,0.0029701782106926417,0.9642857142857144,3.779951613716168
"conforming_loan_limit_nc, interest_rate_bin_(3.99, 5.375]",income_bracket_Very High,0.008740524431465889,0.833969465648855,3.7798904336910346
"applicant_age_missing, debt_to_income_ratio_exempt",derived_race_race not available,0.0032201932115926957,0.9640718562874252,3.77911330109392
"applicant_age_missing, loan_purpose_1",derived_race_race not available,0.06912414744884693,0.9637479085331846,3.7778434421524665
"conforming_loan_limit_missing, interest_rate_bin_(3.99, 5.375]","loan_term_bin_(0.999, 300.0]",0.0010900654039242355,0.8449612403100775,3.7736067111909732
"applicant_age_missing, debt_to_income_ratio_missing",derived_race_race not available,0.09426565593935636,0.9626225490196079,3.77343208932795
"applicant_age_missing, interest_rate_bin_(5.375, 15.25]",derived_race_race not available,0.03218193091585495,0.9623205741626794,3.772248363041396
"applicant_age_missing, state_code_fl",derived_race_race not available,0.008260495629737784,0.9615832363213038,3.7693580357016137
"applicant_age_missing, preapproval_2",derived_race_race not available,0.09780586835210113,0.9613683279268652,3.768515605579167
"applicant_age_missing, interest_rate_bin_(-0.001, 3.99]",derived_race_race not available,0.02635158109486569,0.961327982488143,3.768357453483844
applicant_age_missing,derived_race_race not available,0.09793587615256916,0.9607573825174139,3.766120730230362
"applicant_age_missing, state_code_az",derived_race_race not available,0.002930175810548633,0.9606557377049181,3.765722287665749
"applicant_age_missing, combined_loan_to_value_ratio_bin_(82.976, 27777.78]","loan_term_bin_(0.999, 300.0]",0.0012900774046442787,0.8431372549019608,3.7654607711776094
"income_bracket_High, loan_size_Small",lien_status_2,0.040622437346240776,0.6376766091051806,3.7652102067235567
"income_bracket_High, loan_size_Small",derived_loan_product_type_conventional:subordinate lien,0.040562433746024765,0.6367346938775511,3.7652069177759815
"applicant_age_missing, reverse_mortgage_2",derived_race_race not available,0.09384563073784427,0.9604912998976459,3.765077699712463
"combined_loan_to_value_ratio_bin_(82.976, 27777.78], loan_term_bin_(360.0, 674.0]",derived_loan_product_type_conventional:subordinate lien,0.0020501230073804427,0.6366459627329192,3.7646822233894452
"applicant_age_missing, construction_method_1",derived_race_race not available,0.09541572494349661,0.9601489383113615,3.7637356594733737
"applicant_age_missing, lien_status_1",derived_race_race not available,0.09478568714122847,0.9599918970930821,3.7631200657777906
"applicant_age_missing, loan_size_Medium",derived_race_race not available,0.0337820269216153,0.959659090909091,3.7618154822362166
"applicant_age_missing, loan_size_Large",derived_race_race not available,0.04195251715102906,0.9592956780242395,3.7603909219630647
"co_applicant_age_55-64, conforming_loan_limit_nc",income_bracket_Very High,0.0026301578094685683,0.8296529968454259,3.760326433077759
"applicant_age_missing, conforming_loan_limit_c",derived_race_race not available,0.08969538172290338,0.9590461933276305,3.7594129544710926
"combined_loan_to_value_ratio_bin_(82.976, 27777.78], loan_term_bin_(360.0, 674.0]",lien_status_2,0.0020501230073804427,0.6366459627329192,3.759124676558342
"applicant_age_missing, derived_dwelling_category_single family (1-4 units):site-built",derived_race_race not available,0.09169550173010381,0.9586992890004182,3.758053106915513
"conforming_loan_limit_nc, loan_purpose_1",income_bracket_Very High,0.023021381282876972,0.8289521065898452,3.7571497120091095
"applicant_age_missing, state_code_other",derived_race_race not available,0.04654279256755405,0.9584019769357496,3.7568876585406468
"applicant_age_missing, purchaser_type_0",derived_race_race not available,0.04069244154649279,0.9583137070183704,3.7565416448937605
"applicant_age_missing, reverse_mortgage_1111",derived_race_race not available,0.0032101926115566935,0.9582089552238806,3.7561310231156346
"applicant_age_missing, combined_loan_to_value_ratio_bin_missing",derived_race_race not available,0.08632517951077065,0.9581529581529582,3.7559115174074607
"applicant_age_missing, state_code_ga",derived_race_race not available,0.0043402604156249375,0.9580573951434879,3.755536915205533
"applicant_age_missing, total_units_1",derived_race_race not available,0.08912534752085124,0.9578675838349097,3.754792864400328
"co_applicant_age_missing, conforming_loan_limit_missing",derived_race_race not available,0.0037802268136088164,0.9569620253164557,3.7512431204474375
"applicant_age_missing, loan_term_bin_(300.0, 360.0]",derived_race_race not available,0.0759445566734004,0.9564231738035265,3.7491308495554447
"co_applicant_age_missing, derived_dwelling_category_multifamily:site-built",derived_race_race not available,0.0036702202132127926,0.9557291666666666,3.7464103764031
"applicant_age_missing, state_code_il",derived_race_race not available,0.0034502070124207453,0.9556786703601108,3.746212433415223
"derived_dwelling_category_multifamily:site-built, interest_rate_bin_(3.99, 5.375]","loan_term_bin_(0.999, 300.0]",0.0010400624037442247,0.8387096774193549,3.745687158725814
"derived_dwelling_category_single family (1-4 units):manufactured, derived_race_black or african american","loan_term_bin_(0.999, 300.0]",0.003620217213032782,0.837962962962963,3.7423523232924754
"construction_method_2, derived_race_black or african american","loan_term_bin_(0.999, 300.0]",0.003620217213032782,0.837962962962963,3.7423523232924754
"combined_loan_to_value_ratio_bin_(82.976, 27777.78], loan_term_bin_(0.999, 300.0]",lien_status_2,0.017111026661599697,0.6332346410066617,3.7389822670693906
"applicant_age_missing, occupancy_type_1",derived_race_race not available,0.07613456807408445,0.9535320641282566,3.7377978446995535
"co_applicant_age_45-54, occupancy_type_2",income_bracket_Very High,0.003050183010980659,0.8243243243243243,3.7361747115622554
"applicant_age_missing, loan_purpose_31",derived_race_race not available,0.009530571834310058,0.952047952047952,3.731980199815082
"combined_loan_to_value_ratio_bin_(82.976, 27777.78], loan_term_bin_(0.999, 300.0]",derived_loan_product_type_conventional:subordinate lien,0.01705102306138368,0.6310140636565507,3.7313790822751702
"co_applicant_age_35-44, loan_size_Small",derived_loan_product_type_conventional:subordinate lien,0.016520991259475568,0.6307751050019091,3.7299660466919518
"applicant_age_missing, loan_type_1",derived_race_race not available,0.06067364041842511,0.9513877999059119,3.729392436543642
"co_applicant_age_35-44, loan_size_Small",lien_status_2,0.016540992459547574,0.6315387552500955,3.7289687801876616
"combined_loan_to_value_ratio_bin_(82.976, 27777.78], conforming_loan_limit_nc",income_bracket_Very High,0.005060303618217093,0.8214285714285715,3.7230499760415454
"applicant_age_missing, derived_loan_product_type_conventional:first lien",derived_race_race not available,0.05753345200712043,0.9496533509409046,3.722593483632633
"conforming_loan_limit_nc, derived_loan_product_type_conventional:first lien",income_bracket_Very High,0.028861731703902233,0.8212862834376778,3.722405068718482
"combined_loan_to_value_ratio_bin_missing, loan_purpose_4",derived_loan_product_type_conventional:subordinate lien,0.011190671440286418,0.6293588301462318,3.721591180463767
"co_applicant_age_25-34, purchaser_type_2","combined_loan_to_value_ratio_bin_(82.976, 27777.78]",0.004330259815588935,0.8123827392120074,3.7211818426369887
"applicant_age_missing, purchaser_type_71",derived_race_race not available,0.0020501230073804427,0.9490740740740741,3.720322747381825
"applicant_age_25-34, purchaser_type_2","combined_loan_to_value_ratio_bin_(82.976, 27777.78]",0.010960657639458367,0.8118518518518518,3.718750072106004
"applicant_age_missing, state_code_ca",derived_race_race not available,0.008940536432185932,0.9480381760339343,3.7162620790441503
"combined_loan_to_value_ratio_bin_missing, loan_purpose_4",lien_status_2,0.011190671440286418,0.6293588301462318,3.716097246037337
"derived_dwelling_category_single family (1-4 units):manufactured, state_code_tx","loan_term_bin_(0.999, 300.0]",0.005390323419405164,0.8317901234567902,3.714784350376877
"construction_method_2, state_code_tx","loan_term_bin_(0.999, 300.0]",0.005390323419405164,0.8317901234567902,3.714784350376877
"combined_loan_to_value_ratio_bin_(0.129, 68.474], conforming_loan_limit_nc",income_bracket_Very High,0.007450447026821609,0.8195819581958196,3.714680370221774
"interest_rate_bin_(-0.001, 3.99], loan_purpose_4",derived_loan_product_type_conventional:subordinate lien,0.007770466227973678,0.6271186440677966,3.7083442752758873
"conforming_loan_limit_nc, loan_term_bin_(300.0, 360.0]",income_bracket_Very High,0.030261815708942538,0.8171752633000271,3.7037722454184983
"conforming_loan_limit_nc, interest_rate_bin_(-0.001, 3.99]",income_bracket_Very High,0.01152069124147449,0.8170212765957447,3.703074314745485
"interest_rate_bin_(-0.001, 3.99], loan_purpose_4",lien_status_2,0.007770466227973678,0.6271186440677966,3.7028698963634636
"applicant_age_missing, state_code_ny",derived_race_race not available,0.0027201632097925877,0.9444444444444444,3.7021748315409377
"conforming_loan_limit_nc, occupancy_type_1",income_bracket_Very High,0.030341820509230556,0.8162496637072909,3.699577049802685
"co_applicant_age_missing, total_units_5-24",derived_race_race not available,0.0024701482088925336,0.9427480916030534,3.695525213522903
"applicant_age_missing, loan_purpose_32",derived_race_race not available,0.012110726643598616,0.9424124513618677,3.6942095206193346
"conforming_loan_limit_nc, loan_type_1",income_bracket_Very High,0.0328819729183751,0.8142644873699851,3.690579419366979
"derived_dwelling_category_multifamily:site-built, loan_size_Large",derived_race_race not available,0.003250195011700702,0.9393063583815029,3.6820337919949826
"debt_to_income_ratio_47, loan_type_3","combined_loan_to_value_ratio_bin_(82.976, 27777.78]",0.0010200612036722204,0.8031496062992127,3.6788887646488075
"debt_to_income_ratio_47, derived_loan_product_type_va:first lien","combined_loan_to_value_ratio_bin_(82.976, 27777.78]",0.0010200612036722204,0.8031496062992127,3.6788887646488075
"debt_to_income_ratio_<20%, occupancy_type_2",income_bracket_Very High,0.0017201032061923715,0.8113207547169811,3.677237219978687
"co_applicant_age_<25, derived_dwelling_category_single family (1-4 units):manufactured","loan_term_bin_(0.999, 300.0]",0.0014800888053283197,0.8222222222222222,3.672053992357699
"co_applicant_age_<25, construction_method_2","loan_term_bin_(0.999, 300.0]",0.0014800888053283197,0.8222222222222222,3.672053992357699
"combined_loan_to_value_ratio_bin_(0.129, 68.474], conforming_loan_limit_missing",derived_race_race not available,0.0016100966057963479,0.9360465116279071,3.6692553562946784
"co_applicant_age_35-44, occupancy_type_2",income_bracket_Very High,0.0019101146068764125,0.809322033898305,3.6681782004182355
"occupancy_type_3, purchaser_type_5","interest_rate_bin_(5.375, 15.25]",0.0023501410084605075,0.7436708860759493,3.664988988776662
"applicant_age_<25, purchaser_type_9","combined_loan_to_value_ratio_bin_(82.976, 27777.78]",0.0012800768046082765,0.8,3.664461749885479
"combined_loan_to_value_ratio_bin_(0.129, 68.474], derived_dwelling_category_multifamily:site-built",derived_race_race not available,0.001560093605616337,0.9341317365269461,3.661749533979202
"applicant_age_missing, occupancy_type_2",derived_race_race not available,0.0014000840050403024,0.9333333333333333,3.6586198335228093
"debt_to_income_ratio_>60%, derived_dwelling_category_single family (1-4 units):manufactured",income_bracket_Low,0.0040702442146528794,0.8255578093306288,3.658519215839696
"construction_method_2, debt_to_income_ratio_>60%",income_bracket_Low,0.0040702442146528794,0.8255578093306288,3.658519215839696
"combined_loan_to_value_ratio_bin_(0.129, 68.474], purchaser_type_2",loan_purpose_32,0.0032101926115566935,0.7379310344827587,3.6572499931636084
"applicant_age_missing, interest_rate_bin_missing",derived_race_race not available,0.007370442226533592,0.9317319848293301,3.652342627740172
"conforming_loan_limit_nc, purchaser_type_0",income_bracket_Very High,0.029231753905234314,0.8050123932800881,3.6486451479307918
"combined_loan_to_value_ratio_bin_missing, conforming_loan_limit_missing",derived_race_race not available,0.0012100726043562614,0.9307692307692308,3.6485686801340105
"conforming_loan_limit_missing, loan_purpose_31",derived_race_race not available,0.0013400804048242895,0.9305555555555556,3.647731084018277
"combined_loan_to_value_ratio_bin_missing, derived_dwelling_category_multifamily:site-built",derived_race_race not available,0.0011800708042482549,0.9291338582677166,3.6421581019883984
"derived_dwelling_category_multifamily:site-built, loan_purpose_31",derived_race_race not available,0.0013000780046802808,0.9285714285714286,3.639953405800754
"conforming_loan_limit_missing, state_code_other",derived_race_race not available,0.001940116406984419,0.9282296650717702,3.638613710031228
"conforming_loan_limit_nc, state_code_other",income_bracket_Very High,0.013590815448926936,0.8017699115044249,3.633948895429855
"conforming_loan_limit_missing, debt_to_income_ratio_missing",derived_race_race not available,0.0032701962117727065,0.9263456090651558,3.6312283050241563
"conforming_loan_limit_nc, state_code_ca",income_bracket_Very High,0.008720523231393884,0.8007346189164372,3.6292565263317114
"derived_dwelling_category_multifamily:site-built, state_code_other",derived_race_race not available,0.001870112206732404,0.9257425742574258,3.6288644388371574
"conforming_loan_limit_nc, reverse_mortgage_2",income_bracket_Very High,0.03395203712222734,0.8001414093801555,3.6265678582884266
"conforming_loan_limit_nc, state_code_tx",income_bracket_Very High,0.002950177010620637,0.7994579945799458,3.6234703431251516
"conforming_loan_limit_missing, reverse_mortgage_2","loan_term_bin_(0.999, 300.0]",0.0028801728103686223,0.8112676056338028,3.6231305474652293
"debt_to_income_ratio_missing, derived_dwelling_category_multifamily:site-built",derived_race_race not available,0.0031601896113766827,0.9239766081871345,3.6219419404549114
"interest_rate_bin_missing, reverse_mortgage_1",income_bracket_Low,0.0018301098065883954,0.8169642857142857,3.620436393623218
"conforming_loan_limit_nc, total_units_1",income_bracket_Very High,0.03422205332319939,0.7987861811391224,3.620425410063702
"conforming_loan_limit_nc, lien_status_1",income_bracket_Very High,0.030531831909914594,0.7985874967303164,3.6195248911273343
"applicant_age_missing, loan_purpose_4",derived_race_race not available,0.001680100806048363,0.9230769230769231,3.6184152199676136
"conforming_loan_limit_missing, debt_to_income_ratio_missing","loan_term_bin_(0.999, 300.0]",0.002860171610296618,0.8101983002832862,3.6183550173526986
"derived_dwelling_category_single family (1-4 units):manufactured, derived_ethnicity_hispanic or latino","loan_term_bin_(0.999, 300.0]",0.005110306618397104,0.8098256735340729,3.616690861963648
"construction_method_2, derived_ethnicity_hispanic or latino","loan_term_bin_(0.999, 300.0]",0.005110306618397104,0.8098256735340729,3.616690861963648
"conforming_loan_limit_missing, interest_rate_bin_missing",derived_race_race not available,0.0011900714042842571,0.9224806201550387,3.6160777424353348
conforming_loan_limit_missing,derived_race_race not available,0.003920235214112847,0.9223529411764705,3.61557724724607
"conforming_loan_limit_missing, occupancy_type_3",derived_race_race not available,0.003920235214112847,0.9223529411764705,3.61557724724607
"debt_to_income_ratio_50%-60%, preapproval_1","combined_loan_to_value_ratio_bin_(82.976, 27777.78]",0.001870112206732404,0.7890295358649789,3.6142106921338844
"conforming_loan_limit_missing, loan_type_1",derived_race_race not available,0.0039002340140408425,0.9219858156028369,3.6141381334191887
"conforming_loan_limit_missing, preapproval_2",derived_race_race not available,0.0038902334140048403,0.9218009478672986,3.61341346117224
"applicant_age_missing, combined_loan_to_value_ratio_bin_(82.976, 27777.78]",derived_race_race not available,0.0014100846050763046,0.9215686274509804,3.612502776797732
"conforming_loan_limit_missing, lien_status_1",derived_race_race not available,0.0037602256135368124,0.9215686274509803,3.6125027767977316
"conforming_loan_limit_nc, state_code_nc",income_bracket_Very High,0.0010200612036722204,0.7968750000000001,3.6117631561055212
"conforming_loan_limit_missing, derived_loan_product_type_conventional:first lien",derived_race_race not available,0.00375022501350081,0.9213759213759213,3.6117473786531766
"derived_dwelling_category_multifamily:site-built, interest_rate_bin_missing",derived_race_race not available,0.0011700702042122526,0.9212598425196851,3.6112923553613783
"conforming_loan_limit_missing, reverse_mortgage_2",derived_race_race not available,0.0032701962117727065,0.9211267605633803,3.610770680770499
"applicant_age_missing, purchaser_type_3",derived_race_race not available,0.010470628237694261,0.9208443271767809,3.609663556067076
derived_dwelling_category_multifamily:site-built,derived_race_race not available,0.003800228013680821,0.9200968523002422,3.606733492058114
"conforming_loan_limit_missing, derived_dwelling_category_multifamily:site-built",derived_race_race not available,0.003800228013680821,0.9200968523002422,3.606733492058114
"conforming_loan_limit_missing, construction_method_1",derived_race_race not available,0.003800228013680821,0.9200968523002422,3.606733492058114
"derived_dwelling_category_multifamily:site-built, occupancy_type_3",derived_race_race not available,0.003800228013680821,0.9200968523002422,3.606733492058114
"construction_method_1, derived_dwelling_category_multifamily:site-built",derived_race_race not available,0.003800228013680821,0.9200968523002422,3.606733492058114
"derived_dwelling_category_multifamily:site-built, loan_type_1",derived_race_race not available,0.0037802268136088164,0.9197080291970803,3.6052093250042283
"conforming_loan_limit_nc, derived_dwelling_category_single family (1-4 units):site-built",income_bracket_Very High,0.03455207312438746,0.7953499079189686,3.604850815540266
"conforming_loan_limit_nc, construction_method_1",income_bracket_Very High,0.03455207312438746,0.7953499079189686,3.604850815540266
"loan_size_Large, occupancy_type_2",income_bracket_Very High,0.00940056403384203,0.7952622673434856,3.604453592636411
"derived_dwelling_category_multifamily:site-built, preapproval_2",derived_race_race not available,0.003770226213572814,0.9195121951219513,3.6044416652563567
"derived_dwelling_category_multifamily:site-built, lien_status_1",derived_race_race not available,0.0036402184131047862,0.9191919191919191,3.6031861996815544
"derived_dwelling_category_multifamily:site-built, derived_loan_product_type_conventional:first lien",derived_race_race not available,0.003630217813068784,0.9189873417721518,3.6023842664614274
conforming_loan_limit_nc,income_bracket_Very High,0.03455207312438746,0.7948010121923166,3.6023629957917915
"loan_size_Large, total_units_5-24",derived_race_race not available,0.002040122407344441,0.918918918918919,3.602116052310102
"derived_dwelling_category_multifamily:site-built, reverse_mortgage_2",derived_race_race not available,0.0031601896113766827,0.9186046511627908,3.600884138475523
"loan_purpose_31, purchaser_type_3","interest_rate_bin_(-0.001, 3.99]",0.00847050823049383,0.7721057429352781,3.5993445994904523
"conforming_loan_limit_nc, purchaser_type_71",income_bracket_Very High,0.001310078604716283,0.793939393939394,3.598457789755043
"co_applicant_age_65-74, loan_purpose_2",derived_loan_product_type_conventional:subordinate lien,0.0024701482088925336,0.6083743842364532,3.59750373609343
"derived_dwelling_category_multifamily:site-built, reverse_mortgage_2","loan_term_bin_(0.999, 300.0]",0.0027701662099725985,0.805232558139535,3.5961779552748845
"conforming_loan_limit_missing, loan_term_bin_(0.999, 300.0]",derived_race_race not available,0.00264015840950457,0.9166666666666665,3.5932873364956155
"co_applicant_age_65-74, loan_purpose_2",lien_status_2,0.0024701482088925336,0.6083743842364532,3.5921929836043636
"construction_method_2, derived_loan_product_type_conventional:first lien","loan_term_bin_(0.999, 300.0]",0.029061743704622278,0.8040951853901495,3.5910984353685844
"debt_to_income_ratio_missing, derived_dwelling_category_multifamily:site-built","loan_term_bin_(0.999, 300.0]",0.002750165009900594,0.804093567251462,3.591091208742416
"derived_dwelling_category_single family (1-4 units):manufactured, derived_loan_product_type_conventional:first lien","loan_term_bin_(0.999, 300.0]",0.028951737104226254,0.8037201554691839,3.589423547386582
"debt_to_income_ratio_<20%, loan_purpose_2",derived_loan_product_type_conventional:subordinate lien,0.00486029161749705,0.6067415730337079,3.5878484242420217
"debt_to_income_ratio_<20%, loan_purpose_2",lien_status_2,0.00486029161749705,0.6067415730337079,3.582551925239598
"conforming_loan_limit_missing, purchaser_type_0",derived_race_race not available,0.0034802088125287516,0.9133858267716535,3.5804266087343577
"derived_dwelling_category_multifamily:site-built, loan_term_bin_(0.999, 300.0]",derived_race_race not available,0.0025301518091085467,0.9133574007220217,3.5803151800461737
"conforming_loan_limit_missing, loan_purpose_1",derived_race_race not available,0.0017901074064443866,0.9132653061224489,3.579954173837005
"applicant_age_35-44, loan_term_bin_(360.0, 674.0]",derived_loan_product_type_conventional:subordinate lien,0.0026501590095405723,0.6050228310502282,3.5776849774119763
"conforming_loan_limit_nc, preapproval_2",income_bracket_Very High,0.033041982518951137,0.789109147360879,3.5765651383013206
"loan_type_2, purchaser_type_6","combined_loan_to_value_ratio_bin_(82.976, 27777.78]",0.0021701302078124688,0.7805755395683452,3.575486509555525
"applicant_age_35-44, loan_term_bin_(360.0, 674.0]",lien_status_2,0.0026501590095405723,0.6050228310502282,3.572403482021643
"derived_loan_product_type_fha:first lien, purchaser_type_6","combined_loan_to_value_ratio_bin_(82.976, 27777.78]",0.0021601296077764665,0.779783393501805,3.571858023354076
"debt_to_income_ratio_missing, loan_purpose_4",derived_loan_product_type_conventional:subordinate lien,0.009530571834310058,0.6039290240811154,3.57121696238717
"conforming_loan_limit_nc, derived_ethnicity_hispanic or latino",income_bracket_Very High,0.0013000780046802808,0.7878787878787878,3.570988646321798
"applicant_age_>74, loan_term_bin_missing",income_bracket_Low,0.0029001740104406264,0.8055555555555556,3.569877779747484
"derived_dwelling_category_multifamily:site-built, purchaser_type_0",derived_race_race not available,0.003360201612096726,0.910569105691057,3.5693852034368874
"debt_to_income_ratio_missing, loan_purpose_4",lien_status_2,0.009530571834310058,0.6039290240811154,3.565945015291825
"applicant_age_>74, debt_to_income_ratio_<20%","combined_loan_to_value_ratio_bin_(0.129, 68.474]",0.0012300738044282657,0.7784810126582278,3.565892367372736
"derived_dwelling_category_multifamily:site-built, loan_purpose_1",derived_race_race not available,0.0017101026061563695,0.9095744680851064,3.5654862739308535
"construction_method_2, loan_type_1","loan_term_bin_(0.999, 300.0]",0.029661779706782406,0.7973118279569892,3.5608038823015264
"derived_dwelling_category_single family (1-4 units):manufactured, loan_type_1","loan_term_bin_(0.999, 300.0]",0.029551773106386382,0.7969255663430421,3.559078833448243
"loan_purpose_4, purchaser_type_71","interest_rate_bin_(5.375, 15.25]",0.0016100966057963479,0.7219730941704036,3.5580570516744863
"applicant_age_25-34, derived_loan_product_type_fsa/rhs:first lien","combined_loan_to_value_ratio_bin_(82.976, 27777.78]",0.0014600876052563154,0.776595744680851,3.5572567518835094
"applicant_age_25-34, loan_type_4","combined_loan_to_value_ratio_bin_(82.976, 27777.78]",0.0014800888053283197,0.774869109947644,3.5493477682136834
"state_code_other, total_units_5-24",derived_race_race not available,0.001310078604716283,0.903448275862069,3.541471907818877
"conforming_loan_limit_nc, debt_to_income_ratio_50%-60%",income_bracket_Very High,0.001320079204752285,0.7810650887573964,3.54010617737318
"derived_race_black or african american, purchaser_type_9","combined_loan_to_value_ratio_bin_(82.976, 27777.78]",0.0012900774046442787,0.7724550898203594,3.5382901626888232
"co_applicant_age_<25, interest_rate_bin_(3.99, 5.375]","combined_loan_to_value_ratio_bin_(82.976, 27777.78]",0.00199011940716443,0.7713178294573644,3.533080853814003
"conforming_loan_limit_nc, loan_purpose_2",income_bracket_Very High,0.0015500930055803348,0.778894472361809,3.530268056810204
"debt_to_income_ratio_missing, total_units_5-24",derived_race_race not available,0.0020801248074884494,0.9004329004329005,3.529651787443156
"occupancy_type_3, purchaser_type_9","interest_rate_bin_(5.375, 15.25]",0.0012100726043562614,0.7159763313609468,3.5285035622526624
"co_applicant_age_<25, loan_type_2","combined_loan_to_value_ratio_bin_(82.976, 27777.78]",0.0017301038062283738,0.768888888888889,3.521954904056599
"co_applicant_age_<25, derived_loan_product_type_fha:first lien","combined_loan_to_value_ratio_bin_(82.976, 27777.78]",0.0017301038062283738,0.768888888888889,3.521954904056599
total_units_5-24,derived_race_race not available,0.002560153609216553,0.8982456140350877,3.5210777345181925
"loan_type_1, total_units_5-24",derived_race_race not available,0.002560153609216553,0.8982456140350877,3.5210777345181925
"conforming_loan_limit_missing, total_units_5-24",derived_race_race not available,0.002560153609216553,0.8982456140350877,3.5210777345181925
"occupancy_type_3, total_units_5-24",derived_race_race not available,0.002560153609216553,0.8982456140350877,3.5210777345181925
"preapproval_2, total_units_5-24",derived_race_race not available,0.0025501530091805507,0.897887323943662,3.519673255338216
"purchaser_type_0, reverse_mortgage_1",income_bracket_Low,0.0023801428085685142,0.7933333333333333,3.5157141168823496
"derived_loan_product_type_conventional:first lien, total_units_5-24",derived_race_race not available,0.002510150609036542,0.8964285714285715,3.513955018676882
"lien_status_1, total_units_5-24",derived_race_race not available,0.002510150609036542,0.8964285714285715,3.513955018676882
"derived_dwelling_category_multifamily:site-built, total_units_5-24",derived_race_race not available,0.00250015000900054,0.8960573476702509,3.512499840171668
"construction_method_1, total_units_5-24",derived_race_race not available,0.00250015000900054,0.8960573476702509,3.512499840171668
"applicant_age_25-34, purchaser_type_9","combined_loan_to_value_ratio_bin_(82.976, 27777.78]",0.004060243614616877,0.7660377358490567,3.50889497748468
"applicant_age_missing, combined_loan_to_value_ratio_bin_(68.474, 82.976]","loan_term_bin_(0.999, 300.0]",0.004470268216092966,0.7855887521968367,3.508448489824497
"combined_loan_to_value_ratio_bin_(82.976, 27777.78], purchaser_type_5","interest_rate_bin_(5.375, 15.25]",0.0011600696041762506,0.7116564417177914,3.5072141071034415
"applicant_age_>74, loan_type_2",income_bracket_Low,0.003360201612096726,0.7905882352941176,3.5035490161318914
"applicant_age_>74, derived_loan_product_type_fha:first lien",income_bracket_Low,0.003360201612096726,0.7905882352941176,3.5035490161318914
"purchaser_type_0, total_units_5-24",derived_race_race not available,0.002420145208712523,0.8929889298892989,3.500471796438534
"reverse_mortgage_2, total_units_5-24",derived_race_race not available,0.0020801248074884494,0.8927038626609441,3.499354347207592
"combined_loan_to_value_ratio_bin_(68.474, 82.976], conforming_loan_limit_missing",derived_race_race not available,0.0010700642038522312,0.8916666666666668,3.4952885909548272
"loan_purpose_1, total_units_5-24",derived_race_race not available,0.0011500690041402483,0.8914728682170542,3.494528910756836
"debt_to_income_ratio_<20%, derived_dwelling_category_single family (1-4 units):manufactured","loan_term_bin_(0.999, 300.0]",0.001430085805148309,0.7814207650273224,3.4898342107254168
"construction_method_2, debt_to_income_ratio_<20%","loan_term_bin_(0.999, 300.0]",0.001430085805148309,0.7814207650273224,3.4898342107254168
"co_applicant_age_65-74, conforming_loan_limit_nc",income_bracket_Very High,0.001130067804068244,0.7687074829931972,3.484096457910514
"conforming_loan_limit_nc, derived_sex_female",income_bracket_Very High,0.0025901554093245593,0.7685459940652818,3.4833645240940885
"loan_purpose_31, purchaser_type_1","interest_rate_bin_(-0.001, 3.99]",0.010010600636038163,0.7470149253731344,3.4823781094527364
"combined_loan_to_value_ratio_bin_(0.129, 68.474], loan_type_2",loan_purpose_32,0.004980298817929075,0.702397743300423,3.4811439305899334
"combined_loan_to_value_ratio_bin_(0.129, 68.474], derived_loan_product_type_fha:first lien",loan_purpose_32,0.004980298817929075,0.702397743300423,3.4811439305899334
"combined_loan_to_value_ratio_bin_(68.474, 82.976], derived_dwelling_category_multifamily:site-built",derived_race_race not available,0.0010300618037082225,0.8879310344827586,3.480645100241835
"combined_loan_to_value_ratio_bin_(0.129, 68.474], conforming_loan_limit_missing","loan_term_bin_(0.999, 300.0]",0.0013400804048242895,0.7790697674418605,3.4793346282081914
"conforming_loan_limit_nc, derived_loan_product_type_conventional:subordinate lien",income_bracket_Very High,0.004020241214472868,0.7671755725190839,3.4771532136013628
"conforming_loan_limit_nc, lien_status_2",income_bracket_Very High,0.004020241214472868,0.7671755725190839,3.4771532136013628
"reverse_mortgage_1, state_code_other",income_bracket_Low,0.00199011940716443,0.783464566929134,3.471979963903201
"conforming_loan_limit_c, reverse_mortgage_1",income_bracket_Low,0.005160309618577115,0.7830045523520486,3.4699413759923217
"debt_to_income_ratio_50%-60%, purchaser_type_71","combined_loan_to_value_ratio_bin_(82.976, 27777.78]",0.004160249614976899,0.7563636363636365,3.4645820180735436
"conforming_loan_limit_missing, interest_rate_bin_(3.99, 5.375]",derived_race_race not available,0.0011400684041042463,0.8837209302325582,3.4641417028372117
"construction_method_2, loan_size_Small","loan_term_bin_(0.999, 300.0]",0.02436146168770126,0.7755491881566379,3.4636116802382695
"derived_dwelling_category_single family (1-4 units):manufactured, loan_size_Small","loan_term_bin_(0.999, 300.0]",0.02435146108766526,0.7754777070063693,3.4632924445911075
"loan_term_bin_(0.999, 300.0], total_units_5-24",derived_race_race not available,0.0015900954057243434,0.8833333333333333,3.46262234244123
"debt_to_income_ratio_20%-<30%, occupancy_type_2",income_bracket_Very High,0.002610156609396564,0.763157894736842,3.4589434560019843
"debt_to_income_ratio_47, purchaser_type_2","combined_loan_to_value_ratio_bin_(82.976, 27777.78]",0.001320079204752285,0.7542857142857142,3.455063935606308
"applicant_age_<25, derived_loan_product_type_fha:first lien","combined_loan_to_value_ratio_bin_(82.976, 27777.78]",0.0037002220133207993,0.7535641547861508,3.4517587766232873
"reverse_mortgage_2, total_units_5-24","loan_term_bin_(0.999, 300.0]",0.0018001080064803888,0.7725321888412017,3.450137726261149
"combined_loan_to_value_ratio_bin_(0.129, 68.474], derived_dwelling_category_multifamily:site-built","loan_term_bin_(0.999, 300.0]",0.0012900774046442787,0.7724550898203594,3.449793401138768
"loan_type_2, reverse_mortgage_1",income_bracket_Low,0.004460267616056964,0.7783595113438045,3.449356540387892
"derived_loan_product_type_fha:first lien, reverse_mortgage_1",income_bracket_Low,0.004460267616056964,0.7783595113438045,3.449356540387892
"loan_purpose_31, reverse_mortgage_1",income_bracket_Low,0.0040302418145088705,0.777992277992278,3.447729119196944
"derived_dwelling_category_multifamily:site-built, interest_rate_bin_(3.99, 5.375]",derived_race_race not available,0.0010900654039242355,0.8790322580645161,3.4457623432084064
"combined_loan_to_value_ratio_bin_missing, reverse_mortgage_1",income_bracket_Low,0.005050303018181091,0.7769230769230769,3.4429908772312605
"income_bracket_Medium, loan_type_4","combined_loan_to_value_ratio_bin_(82.976, 27777.78]",0.0013900834050043004,0.7513513513513513,3.44162285968974
"debt_to_income_ratio_missing, total_units_5-24","loan_term_bin_(0.999, 300.0]",0.0017801068064083846,0.7705627705627706,3.4413422813601464
"applicant_age_<25, derived_dwelling_category_single family (1-4 units):manufactured","loan_term_bin_(0.999, 300.0]",0.002750165009900594,0.7703081232492996,3.4402050235011377
"applicant_age_<25, construction_method_2","loan_term_bin_(0.999, 300.0]",0.002750165009900594,0.7703081232492996,3.4402050235011377
"combined_loan_to_value_ratio_bin_missing, debt_to_income_ratio_>60%","loan_term_bin_(0.999, 300.0]",0.004220253215192911,0.7700729927007299,3.4391549277408124
"conforming_loan_limit_nc, interest_rate_bin_(5.375, 15.25]",income_bracket_Very High,0.0039902394143648615,0.7585551330798478,3.438081859178057
"applicant_age_<25, loan_type_2","combined_loan_to_value_ratio_bin_(82.976, 27777.78]",0.0037002220133207993,0.7505070993914807,3.4377556984219755
"conforming_loan_limit_nc, loan_purpose_31",income_bracket_Very High,0.004330259815588935,0.7583187390542907,3.4370104248479167
"debt_to_income_ratio_50%-60%, loan_purpose_1","combined_loan_to_value_ratio_bin_(82.976, 27777.78]",0.021791307478448707,0.7500860585197935,3.43582708821018
"debt_to_income_ratio_49, loan_type_2","combined_loan_to_value_ratio_bin_(82.976, 27777.78]",0.001980118807128428,0.7500000000000001,3.4354328905176366
"debt_to_income_ratio_49, derived_loan_product_type_fha:first lien","combined_loan_to_value_ratio_bin_(82.976, 27777.78]",0.001980118807128428,0.7500000000000001,3.4354328905176366
"loan_purpose_31, purchaser_type_2","interest_rate_bin_(-0.001, 3.99]",0.00435026101566094,0.7360406091370558,3.431218865736632
"conforming_loan_limit_nc, interest_rate_bin_missing",income_bracket_Very High,0.010300618037082225,0.7556859867938371,3.4250777156859282
"derived_loan_product_type_fsa/rhs:first lien, income_bracket_Medium","combined_loan_to_value_ratio_bin_(82.976, 27777.78]",0.0013600816048962938,0.7472527472527473,3.422848887255667
"debt_to_income_ratio_missing, reverse_mortgage_1",income_bracket_Low,0.005120307218433106,0.7722473604826545,3.4222701012277326
"derived_loan_product_type_conventional:subordinate lien, loan_size_Large",income_bracket_Very High,0.005820349220953257,0.754863813229572,3.4213512890978977
reverse_mortgage_1,income_bracket_Low,0.00528031681900914,0.7719298245614035,3.4208629177979515
"preapproval_2, reverse_mortgage_1",income_bracket_Low,0.00528031681900914,0.7719298245614035,3.4208629177979515
"lien_status_1, reverse_mortgage_1",income_bracket_Low,0.00528031681900914,0.7719298245614035,3.4208629177979515
"occupancy_type_1, reverse_mortgage_1",income_bracket_Low,0.00528031681900914,0.7719298245614035,3.4208629177979515
"loan_term_bin_missing, reverse_mortgage_1",income_bracket_Low,0.00528031681900914,0.7719298245614035,3.4208629177979515
"debt_to_income_ratio_44, loan_type_3","combined_loan_to_value_ratio_bin_(82.976, 27777.78]",0.0010900654039242355,0.7465753424657534,3.419745982341756
"debt_to_income_ratio_44, derived_loan_product_type_va:first lien","combined_loan_to_value_ratio_bin_(82.976, 27777.78]",0.0010900654039242355,0.7465753424657534,3.419745982341756
"combined_loan_to_value_ratio_bin_missing, derived_dwelling_category_single family (1-4 units):manufactured","loan_term_bin_(0.999, 300.0]",0.02304138248294898,0.7654485049833888,3.418501911894104
"combined_loan_to_value_ratio_bin_missing, construction_method_2","loan_term_bin_(0.999, 300.0]",0.02306138368302098,0.7653501493528045,3.4180626545057766
"derived_dwelling_category_single family (1-4 units):site-built, reverse_mortgage_1",income_bracket_Low,0.005120307218433106,0.7710843373493975,3.417116079990944
"construction_method_1, reverse_mortgage_1",income_bracket_Low,0.005120307218433106,0.7710843373493975,3.417116079990944
"reverse_mortgage_1, total_units_1",income_bracket_Low,0.005220313218793128,0.7710487444608567,3.416958347527872
"lien_status_2, loan_size_Large",income_bracket_Very High,0.005820349220953257,0.7538860103626943,3.416919486909947
"applicant_age_>74, loan_type_3",loan_purpose_32,0.0029901794107646457,0.6873563218390805,3.406597345657068
"applicant_age_>74, derived_loan_product_type_va:first lien",loan_purpose_32,0.0029901794107646457,0.6873563218390805,3.406597345657068
"loan_type_2, purchaser_type_71","combined_loan_to_value_ratio_bin_(82.976, 27777.78]",0.00866051963117787,0.7433476394849786,3.4049612397004556
"derived_loan_product_type_fha:first lien, purchaser_type_71","combined_loan_to_value_ratio_bin_(82.976, 27777.78]",0.00866051963117787,0.7433476394849786,3.4049612397004556
"derived_sex_male, loan_type_4","combined_loan_to_value_ratio_bin_(82.976, 27777.78]",0.0013600816048962938,0.7431693989071039,3.4041447949755814
"derived_race_white, loan_type_4","combined_loan_to_value_ratio_bin_(82.976, 27777.78]",0.002950177010620637,0.743073047858942,3.4037034515623934
"debt_to_income_ratio_20%-<30%, derived_dwelling_category_single family (1-4 units):manufactured","loan_term_bin_(0.999, 300.0]",0.0029701782106926417,0.7615384615384616,3.401039612464356
"construction_method_2, debt_to_income_ratio_20%-<30%","loan_term_bin_(0.999, 300.0]",0.0029701782106926417,0.7615384615384616,3.401039612464356
"derived_loan_product_type_fsa/rhs:first lien, derived_race_white","combined_loan_to_value_ratio_bin_(82.976, 27777.78]",0.0029101746104766286,0.7423469387755103,3.4003774528592934
"conforming_loan_limit_nc, state_code_az",income_bracket_Very High,0.0011700702042122526,0.7499999999999999,3.399306499864019
"derived_loan_product_type_fsa/rhs:first lien, derived_sex_male","combined_loan_to_value_ratio_bin_(82.976, 27777.78]",0.001320079204752285,0.7415730337078651,3.396832520961258
"purchaser_type_2, reverse_mortgage_1",income_bracket_Low,0.0017701062063723823,0.7662337662337663,3.3956204228319105
"derived_ethnicity_not hispanic or latino, loan_type_4","combined_loan_to_value_ratio_bin_(82.976, 27777.78]",0.002890173410404624,0.741025641025641,3.394325146528536
"derived_race_black or african american, preapproval_1","combined_loan_to_value_ratio_bin_(82.976, 27777.78]",0.0017401044062643758,0.7404255319148936,3.391576300425921
"loan_size_Medium, purchaser_type_5","interest_rate_bin_(5.375, 15.25]",0.0012800768046082765,0.6881720430107527,3.3914773419821196
"construction_method_2, purchaser_type_0","loan_term_bin_(0.999, 300.0]",0.02810168610116607,0.7584345479082321,3.387177498148091
"derived_dwelling_category_single family (1-4 units):manufactured, purchaser_type_0","loan_term_bin_(0.999, 300.0]",0.027991679500770045,0.7579203899268886,3.3848812626328404
"derived_ethnicity_not hispanic or latino, derived_loan_product_type_fsa/rhs:first lien","combined_loan_to_value_ratio_bin_(82.976, 27777.78]",0.0028301698101886115,0.7389033942558747,3.384604031389003
"debt_to_income_ratio_48, loan_type_2","combined_loan_to_value_ratio_bin_(82.976, 27777.78]",0.002120127207632458,0.7386759581881532,3.3835622429256156
"debt_to_income_ratio_48, derived_loan_product_type_fha:first lien","combined_loan_to_value_ratio_bin_(82.976, 27777.78]",0.002120127207632458,0.7386759581881532,3.3835622429256156
"loan_size_Medium, reverse_mortgage_1",income_bracket_Low,0.0020201212072724363,0.7622641509433963,3.3780287852080293
"debt_to_income_ratio_46, purchaser_type_2","combined_loan_to_value_ratio_bin_(82.976, 27777.78]",0.0013700822049322959,0.7365591397849462,3.3738659928381085
"derived_dwelling_category_single family (1-4 units):manufactured, derived_sex_female","loan_term_bin_(0.999, 300.0]",0.009260555633338,0.7553017944535073,3.373186584840733
"construction_method_2, derived_sex_female","loan_term_bin_(0.999, 300.0]",0.009260555633338,0.7553017944535073,3.373186584840733
"derived_ethnicity_hispanic or latino, purchaser_type_9","combined_loan_to_value_ratio_bin_(82.976, 27777.78]",0.0018401104066243974,0.736,3.37130480989464
"purchaser_type_5, state_code_other","interest_rate_bin_(5.375, 15.25]",0.0016000960057603456,0.6837606837606838,3.369737102610439
"debt_to_income_ratio_47, loan_type_2","combined_loan_to_value_ratio_bin_(82.976, 27777.78]",0.0019201152069124147,0.735632183908046,3.369619999894693
"debt_to_income_ratio_47, derived_loan_product_type_fha:first lien","combined_loan_to_value_ratio_bin_(82.976, 27777.78]",0.0019201152069124147,0.735632183908046,3.369619999894693
"derived_loan_product_type_conventional:first lien, purchaser_type_5","interest_rate_bin_(5.375, 15.25]",0.003690221413284797,0.6833333333333333,3.3676310169213077
"debt_to_income_ratio_49, purchaser_type_2","combined_loan_to_value_ratio_bin_(82.976, 27777.78]",0.0013600816048962938,0.7351351351351352,3.367343229624494
"debt_to_income_ratio_48, purchaser_type_2","combined_loan_to_value_ratio_bin_(82.976, 27777.78]",0.0014400864051843112,0.7346938775510204,3.3653220152009498
"derived_ethnicity_hispanic or latino, purchaser_type_2","combined_loan_to_value_ratio_bin_(82.976, 27777.78]",0.00523031381882913,0.7345505617977528,3.364665546330943
"income_bracket_Very High, purchaser_type_2","combined_loan_to_value_ratio_bin_(82.976, 27777.78]",0.0034002040122407345,0.734341252699784,3.363706789851681
"debt_to_income_ratio_missing, purchaser_type_6",derived_race_race not available,0.001690101406084365,0.8578680203045684,3.362799593176331
"debt_to_income_ratio_<20%, loan_purpose_31","combined_loan_to_value_ratio_bin_(0.129, 68.474]",0.006040362421745305,0.7330097087378641,3.357607549955748
"loan_term_bin_(0.999, 300.0], purchaser_type_5","interest_rate_bin_(5.375, 15.25]",0.0012600756045362722,0.6810810810810811,3.356531376127236
"co_applicant_age_25-34, purchaser_type_9","combined_loan_to_value_ratio_bin_(82.976, 27777.78]",0.0014200852051123067,0.7319587628865979,3.352793611364291
"applicant_age_35-44, derived_dwelling_category_single family (1-4 units):manufactured","loan_term_bin_(0.999, 300.0]",0.006650399023941436,0.7505643340857787,3.3520290318255186
"applicant_age_35-44, construction_method_2","loan_term_bin_(0.999, 300.0]",0.006650399023941436,0.7505643340857787,3.3520290318255186
"conforming_loan_limit_missing, loan_purpose_1","loan_term_bin_(0.999, 300.0]",0.0014700882052923175,0.75,3.3495087092451987
"derived_dwelling_category_single family (1-4 units):manufactured, derived_sex_female",income_bracket_Low,0.009260555633338,0.7553017944535073,3.3471745982354197
"construction_method_2, derived_sex_female",income_bracket_Low,0.009260555633338,0.7553017944535073,3.3471745982354197
"debt_to_income_ratio_20%-<30%, loan_size_Large",income_bracket_Very High,0.022211332679960796,0.7383643617021276,3.3465690320026535
"co_applicant_age_missing, reverse_mortgage_1",income_bracket_Low,0.0035102106126367583,0.7548387096774194,3.3451224045153287
"conforming_loan_limit_nc, loan_purpose_4",income_bracket_Very High,0.0021401284077044625,0.7379310344827587,3.344605015958162
"debt_to_income_ratio_49, loan_type_3","combined_loan_to_value_ratio_bin_(82.976, 27777.78]",0.0010800648038882333,0.7297297297297297,3.3425833529360784
"debt_to_income_ratio_49, derived_loan_product_type_va:first lien","combined_loan_to_value_ratio_bin_(82.976, 27777.78]",0.0010800648038882333,0.7297297297297297,3.3425833529360784
"debt_to_income_ratio_missing, purchaser_type_5","interest_rate_bin_(5.375, 15.25]",0.0024001440086405183,0.6779661016949152,3.34118000852052
"income_bracket_Low, loan_type_4","combined_loan_to_value_ratio_bin_(82.976, 27777.78]",0.002010120607236434,0.7282608695652174,3.335855125575096
"derived_loan_product_type_fsa/rhs:first lien, income_bracket_Low","combined_loan_to_value_ratio_bin_(82.976, 27777.78]",0.0019701182070924255,0.7269372693726938,3.329792272728041
"loan_term_bin_(0.999, 300.0], purchaser_type_1","interest_rate_bin_(-0.001, 3.99]",0.011600696041762506,0.7138461538461538,3.3277544199390348
"derived_dwelling_category_multifamily:site-built, loan_purpose_1","loan_term_bin_(0.999, 300.0]",0.0014000840050403024,0.7446808510638298,3.3257533283285663
"debt_to_income_ratio_50%-60%, purchaser_type_2","combined_loan_to_value_ratio_bin_(82.976, 27777.78]",0.009420565233914035,0.7257318952234206,3.324270963397651
"income_bracket_Medium, purchaser_type_9","combined_loan_to_value_ratio_bin_(82.976, 27777.78]",0.0035402124127447646,0.7254098360655739,3.3227957465662388
"applicant_age_65-74, conforming_loan_limit_nc",income_bracket_Very High,0.0019201152069124147,0.732824427480916,3.3214597861266753
"applicant_age_missing, income_bracket_Very High",derived_race_race not available,0.002940176410584635,0.8472622478386166,3.321225497290158
"debt_to_income_ratio_37, purchaser_type_2","combined_loan_to_value_ratio_bin_(82.976, 27777.78]",0.001000060003600216,0.7246376811594202,3.319258831418005
"applicant_age_>74, debt_to_income_ratio_>60%",income_bracket_Low,0.0017901074064443866,0.7489539748953975,3.3190437761784426
"interest_rate_bin_(5.375, 15.25], reverse_mortgage_1",income_bracket_Low,0.0014000840050403024,0.7486631016042781,3.317754750124897
"combined_loan_to_value_ratio_bin_(0.129, 68.474], purchaser_type_5","interest_rate_bin_(5.375, 15.25]",0.0010500630037802267,0.673076923076923,3.3170849603821506
"debt_to_income_ratio_missing, purchaser_type_2",derived_race_race not available,0.02707162429745785,0.8456732271165261,3.3149966157940307
"conforming_loan_limit_nc, state_code_fl",income_bracket_Very High,0.0030401824109446566,0.7307692307692307,3.3121447947393006
"debt_to_income_ratio_missing, purchaser_type_8",derived_race_race not available,0.0014700882052923175,0.8448275862068966,3.3116817458611636
"co_applicant_age_25-34, derived_dwelling_category_single family (1-4 units):manufactured","loan_term_bin_(0.999, 300.0]",0.002890173410404624,0.741025641025641,3.309429117852521
"co_applicant_age_25-34, construction_method_2","loan_term_bin_(0.999, 300.0]",0.002890173410404624,0.741025641025641,3.309429117852521
"applicant_age_<25, purchaser_type_71","combined_loan_to_value_ratio_bin_(82.976, 27777.78]",0.0015300918055083305,0.7216981132075472,3.3057939135169705
"derived_dwelling_category_single family (1-4 units):manufactured, interest_rate_bin_missing","loan_term_bin_(0.999, 300.0]",0.020801248074884492,0.7399501956599075,3.304626166360732
"construction_method_2, interest_rate_bin_missing","loan_term_bin_(0.999, 300.0]",0.020811248674920495,0.7397795947387131,3.3038642606656046
"applicant_age_<25, interest_rate_bin_(3.99, 5.375]","combined_loan_to_value_ratio_bin_(82.976, 27777.78]",0.004290257415444926,0.7210084033613444,3.302634644329559
"combined_loan_to_value_ratio_bin_missing, purchaser_type_2",derived_race_race not available,0.027161629697781867,0.8416485900216919,3.2992202403320032
"debt_to_income_ratio_44, loan_type_2","combined_loan_to_value_ratio_bin_(82.976, 27777.78]",0.002180130807848471,0.7194719471947195,3.2955967882633432
"debt_to_income_ratio_44, derived_loan_product_type_fha:first lien","combined_loan_to_value_ratio_bin_(82.976, 27777.78]",0.002180130807848471,0.7194719471947195,3.2955967882633432
"applicant_age_<25, preapproval_1","combined_loan_to_value_ratio_bin_(82.976, 27777.78]",0.00125007500450027,0.7183908045977011,3.290644531147161
"debt_to_income_ratio_50%-60%, derived_loan_product_type_fha:first lien","combined_loan_to_value_ratio_bin_(82.976, 27777.78]",0.013620817249034942,0.7183544303797468,3.2904779162341913
"construction_method_2, loan_purpose_1","loan_term_bin_(0.999, 300.0]",0.0263815828949737,0.736665735827981,3.289957730611127
"debt_to_income_ratio_50%-60%, loan_type_2","combined_loan_to_value_ratio_bin_(82.976, 27777.78]",0.013620817249034942,0.7179757511860833,3.2887433469583693
"derived_dwelling_category_single family (1-4 units):manufactured, loan_purpose_1","loan_term_bin_(0.999, 300.0]",0.02631157869472168,0.7363560033585222,3.2885744618058097
"reverse_mortgage_1, state_code_ca",income_bracket_Low,0.0013500810048602916,0.7417582417582418,3.287155363693212
"loan_term_bin_(0.999, 300.0], purchaser_type_5",derived_race_race not available,0.0015500930055803348,0.8378378378378378,3.284282282988622
"debt_to_income_ratio_44, purchaser_type_2","combined_loan_to_value_ratio_bin_(82.976, 27777.78]",0.0013600816048962938,0.7157894736842105,3.27872893410806
"applicant_age_<25, interest_rate_bin_(-0.001, 3.99]","combined_loan_to_value_ratio_bin_(82.976, 27777.78]",0.003060183611016661,0.7149532710280373,3.2748986432971856
"applicant_age_<25, debt_to_income_ratio_50%-60%","combined_loan_to_value_ratio_bin_(82.976, 27777.78]",0.001500090005400324,0.7142857142857143,3.2718408481120345
"applicant_age_<25, debt_to_income_ratio_30%-<36%","combined_loan_to_value_ratio_bin_(82.976, 27777.78]",0.002070124207452447,0.7137931034482758,3.269584406147819
"co_applicant_age_<25, interest_rate_bin_(5.375, 15.25]","combined_loan_to_value_ratio_bin_(82.976, 27777.78]",0.0020201212072724363,0.7137809187279152,3.2695285930957008
"combined_loan_to_value_ratio_bin_missing, debt_to_income_ratio_>60%",income_bracket_Low,0.004040242414544873,0.7372262773722629,3.2670716353289335
"debt_to_income_ratio_40, purchaser_type_2","combined_loan_to_value_ratio_bin_(82.976, 27777.78]",0.0010400624037442247,0.7123287671232876,3.26287690058296
"loan_term_bin_missing, loan_type_2",income_bracket_Low,0.004590275416524991,0.735576923076923,3.2597624023291014
"debt_to_income_ratio_50%-60%, loan_type_3","combined_loan_to_value_ratio_bin_(82.976, 27777.78]",0.006510390623437406,0.7114754098360656,3.258968031660446
"debt_to_income_ratio_50%-60%, derived_loan_product_type_va:first lien","combined_loan_to_value_ratio_bin_(82.976, 27777.78]",0.006510390623437406,0.7114754098360656,3.258968031660446
"derived_loan_product_type_fha:first lien, loan_term_bin_missing",income_bracket_Low,0.00458027481648899,0.7351524879614768,3.257881487379007
"loan_term_bin_missing, purchaser_type_2",income_bracket_Low,0.0018001080064803888,0.7346938775510204,3.255849122134229
"applicant_age_45-54, occupancy_type_2",income_bracket_Very High,0.004650279016741005,0.7175925925925927,3.2524228856723645
"applicant_age_missing, purchaser_type_5","interest_rate_bin_(5.375, 15.25]",0.0017301038062283738,0.6577946768060836,3.241770375187162
"loan_term_bin_(0.999, 300.0], purchaser_type_3","interest_rate_bin_(-0.001, 3.99]",0.009220553233193991,0.6953242835595776,3.2414105552567087
"applicant_age_>74, debt_to_income_ratio_20%-<30%","combined_loan_to_value_ratio_bin_(0.129, 68.474]",0.0021401284077044625,0.7062706270627064,3.235127122423649
"derived_sex_female, loan_type_4","combined_loan_to_value_ratio_bin_(82.976, 27777.78]",0.001130067804068244,0.7062499999999999,3.2350326385707735
"income_bracket_High, purchaser_type_2","combined_loan_to_value_ratio_bin_(82.976, 27777.78]",0.008900534032041923,0.7057890563045202,3.232921250394603
"interest_rate_bin_(-0.001, 3.99], reverse_mortgage_1",income_bracket_Low,0.0012300738044282657,0.727810650887574,3.225345604717784
"debt_to_income_ratio_>60%, derived_sex_female",income_bracket_Low,0.00921055263315799,0.7269139700078927,3.22137189846522
"applicant_age_35-44, occupancy_type_2",income_bracket_Very High,0.0034102046122767367,0.7104166666666667,3.2198986568156407
"derived_loan_product_type_fsa/rhs:first lien, derived_sex_female","combined_loan_to_value_ratio_bin_(82.976, 27777.78]",0.0011100666039962398,0.7025316455696202,3.218000429092469
"lien_status_1, purchaser_type_5","interest_rate_bin_(5.375, 15.25]",0.003930235814148849,0.6528239202657807,3.2172732914271305
"debt_to_income_ratio_48, loan_type_3","combined_loan_to_value_ratio_bin_(82.976, 27777.78]",0.0010800648038882333,0.7012987012987013,3.2123528326918156
"debt_to_income_ratio_48, derived_loan_product_type_va:first lien","combined_loan_to_value_ratio_bin_(82.976, 27777.78]",0.0010800648038882333,0.7012987012987013,3.2123528326918156
"combined_loan_to_value_ratio_bin_(0.129, 68.474], loan_type_3",loan_purpose_32,0.002320139208352501,0.6480446927374302,3.2117655137582566
"combined_loan_to_value_ratio_bin_(0.129, 68.474], derived_loan_product_type_va:first lien",loan_purpose_32,0.002320139208352501,0.6480446927374302,3.2117655137582566
"co_applicant_age_missing, purchaser_type_5","interest_rate_bin_(5.375, 15.25]",0.003310198611916715,0.650294695481336,3.2048086633790396
"debt_to_income_ratio_50%-60%, derived_dwelling_category_single family (1-4 units):manufactured","loan_term_bin_(0.999, 300.0]",0.0024701482088925336,0.7159420289855073,3.1974054152021805
"construction_method_2, debt_to_income_ratio_50%-60%","loan_term_bin_(0.999, 300.0]",0.0024701482088925336,0.7159420289855073,3.1974054152021805
"applicant_age_25-34, derived_dwelling_category_single family (1-4 units):manufactured","loan_term_bin_(0.999, 300.0]",0.0072804368262095725,0.7158308751229105,3.1969090007610683
"applicant_age_25-34, construction_method_2","loan_term_bin_(0.999, 300.0]",0.0072804368262095725,0.7158308751229105,3.1969090007610683
"combined_loan_to_value_ratio_bin_(68.474, 82.976], purchaser_type_5","interest_rate_bin_(5.375, 15.25]",0.0014500870052203132,0.6473214285714285,3.190155688938956
"co_applicant_age_65-74, debt_to_income_ratio_<20%","combined_loan_to_value_ratio_bin_(0.129, 68.474]",0.0015800948056883413,0.6960352422907489,3.188243152433401
"applicant_age_missing, income_bracket_Medium",derived_race_race not available,0.002390143408604516,0.8129251700680272,3.1866258754079864
"applicant_age_missing, income_bracket_High",derived_race_race not available,0.0023001380082804967,0.812720848056537,3.18582494337549
"co_applicant_age_45-54, debt_to_income_ratio_<20%",income_bracket_Very High,0.003970238214292858,0.7026548672566372,3.184719009902102
"debt_to_income_ratio_46, loan_type_2","combined_loan_to_value_ratio_bin_(82.976, 27777.78]",0.002120127207632458,0.6950819672131148,3.183876602359514
"debt_to_income_ratio_46, derived_loan_product_type_fha:first lien","combined_loan_to_value_ratio_bin_(82.976, 27777.78]",0.002120127207632458,0.6950819672131148,3.183876602359514
"debt_to_income_ratio_missing, interest_rate_bin_(5.375, 15.25]",derived_race_race not available,0.033662019721183274,0.8114754098360656,3.1809428880453
"combined_loan_to_value_ratio_bin_(68.474, 82.976], loan_type_3",loan_purpose_32,0.0030401824109446566,0.6413502109704641,3.1785870834546284
"combined_loan_to_value_ratio_bin_(68.474, 82.976], derived_loan_product_type_va:first lien",loan_purpose_32,0.0030401824109446566,0.6413502109704641,3.1785870834546284
"co_applicant_age_25-34, debt_to_income_ratio_50%-60%","combined_loan_to_value_ratio_bin_(82.976, 27777.78]",0.0029701782106926417,0.6939252336448598,3.1785780949649154
"debt_to_income_ratio_45, loan_type_2","combined_loan_to_value_ratio_bin_(82.976, 27777.78]",0.0019701182070924255,0.693661971830986,3.177372203905983
"debt_to_income_ratio_45, derived_loan_product_type_fha:first lien","combined_loan_to_value_ratio_bin_(82.976, 27777.78]",0.0019701182070924255,0.693661971830986,3.177372203905983
"co_applicant_age_35-44, purchaser_type_2","combined_loan_to_value_ratio_bin_(82.976, 27777.78]",0.0034802088125287516,0.6932270916334661,3.17538020159399
"loan_type_1, purchaser_type_5","interest_rate_bin_(5.375, 15.25]",0.004020241214472868,0.6442307692307692,3.1749241763657725
"derived_dwelling_category_single family (1-4 units):manufactured, income_bracket_Low","loan_term_bin_(0.999, 300.0]",0.015990959457567455,0.7106666666666668,3.173845585827007
"construction_method_2, income_bracket_Low","loan_term_bin_(0.999, 300.0]",0.015990959457567455,0.7106666666666668,3.173845585827007
"debt_to_income_ratio_43, loan_type_3","combined_loan_to_value_ratio_bin_(82.976, 27777.78]",0.001060063603816229,0.6928104575163399,3.173471776861607
"debt_to_income_ratio_43, derived_loan_product_type_va:first lien","combined_loan_to_value_ratio_bin_(82.976, 27777.78]",0.001060063603816229,0.6928104575163399,3.173471776861607
"applicant_age_<25, interest_rate_bin_(5.375, 15.25]","combined_loan_to_value_ratio_bin_(82.976, 27777.78]",0.004190251415084905,0.6925619834710742,3.172333622318213
"applicant_age_missing, derived_dwelling_category_single family (1-4 units):manufactured","interest_rate_bin_(5.375, 15.25]",0.001570094205652339,0.6434426229508197,3.171040001939096
"occupancy_type_2, state_code_ca",income_bracket_Very High,0.0014200852051123067,0.6995073891625615,3.1704533529109407
"applicant_age_35-44, purchaser_type_2","combined_loan_to_value_ratio_bin_(82.976, 27777.78]",0.008990539432365942,0.6920708237105465,3.170083827123792
"loan_term_bin_(0.999, 300.0], loan_type_3",loan_purpose_32,0.0014000840050403024,0.639269406392694,3.168274436103838
"derived_loan_product_type_va:first lien, loan_term_bin_(0.999, 300.0]",loan_purpose_32,0.0014000840050403024,0.639269406392694,3.168274436103838
"applicant_age_<25, loan_size_Small",income_bracket_Low,0.00796047762865772,0.7126230975828112,3.158040862422249
"debt_to_income_ratio_missing, interest_rate_bin_(3.99, 5.375]",derived_race_race not available,0.033211992719563176,0.8052861299709021,3.1566812215418243
"combined_loan_to_value_ratio_bin_(68.474, 82.976], occupancy_type_2",income_bracket_Very High,0.005500330019801188,0.6962025316455696,3.155474388059427
"applicant_age_65-74, debt_to_income_ratio_<20%","combined_loan_to_value_ratio_bin_(0.129, 68.474]",0.0031601896113766827,0.6884531590413944,3.153512834868767
"debt_to_income_ratio_40, loan_type_2","combined_loan_to_value_ratio_bin_(82.976, 27777.78]",0.0013700822049322959,0.6884422110552763,3.153462686773307
"debt_to_income_ratio_37, loan_type_2","combined_loan_to_value_ratio_bin_(82.976, 27777.78]",0.0010800648038882333,0.6878980891719745,3.150970294487513
"debt_to_income_ratio_40, derived_loan_product_type_fha:first lien","combined_loan_to_value_ratio_bin_(82.976, 27777.78]",0.0013600816048962938,0.6868686868686869,3.1462550377804614
"debt_to_income_ratio_<20%, purchaser_type_6",income_bracket_Very High,0.0010200612036722204,0.6938775510204083,3.1449366257245353
"debt_to_income_ratio_<20%, state_code_ca",income_bracket_Very High,0.002240134408064484,0.693498452012384,3.1432183940951104
"loan_purpose_1, purchaser_type_9","combined_loan_to_value_ratio_bin_(82.976, 27777.78]",0.00986059163549813,0.686151704940849,3.14297084671806
"debt_to_income_ratio_37, derived_loan_product_type_fha:first lien","combined_loan_to_value_ratio_bin_(82.976, 27777.78]",0.0010700642038522312,0.6858974358974359,3.1418061477383508
"derived_loan_product_type_fsa/rhs:first lien, derived_sex_female",income_bracket_Low,0.001120067204032242,0.7088607594936709,3.1413677887258524
"construction_method_2, interest_rate_bin_(5.375, 15.25]","loan_term_bin_(0.999, 300.0]",0.007200432025921555,0.703125,3.1401644149173737
"applicant_age_25-34, debt_to_income_ratio_50%-60%","combined_loan_to_value_ratio_bin_(82.976, 27777.78]",0.008360501630097807,0.6852459016393443,3.138821744778955
"debt_to_income_ratio_39, purchaser_type_2","combined_loan_to_value_ratio_bin_(82.976, 27777.78]",0.0011100666039962398,0.6851851851851852,3.138543628374137
"debt_to_income_ratio_48, loan_purpose_31","combined_loan_to_value_ratio_bin_(0.129, 68.474]",0.001240074404464268,0.6850828729281768,3.1380749791836973
"conforming_loan_limit_nc, loan_purpose_32",income_bracket_Very High,0.0035102106126367583,0.6923076923076923,3.137821384489864
"derived_dwelling_category_single family (1-4 units):manufactured, interest_rate_bin_(5.375, 15.25]","loan_term_bin_(0.999, 300.0]",0.007180430825849551,0.7025440313111546,3.1375698020065923
"derived_race_race not available, purchaser_type_5","interest_rate_bin_(5.375, 15.25]",0.0021701302078124688,0.6363636363636364,3.1361530534522153
"construction_method_2, reverse_mortgage_2","loan_term_bin_(0.999, 300.0]",0.029891793507610457,0.700984990619137,3.1306071081719513
"derived_sex_female, loan_type_4",income_bracket_Low,0.001130067804068244,0.7062499999999999,3.129798018968268
"co_applicant_age_35-44, derived_dwelling_category_single family (1-4 units):manufactured","loan_term_bin_(0.999, 300.0]",0.002200132007920475,0.7006369426751592,3.1290527220124997
"co_applicant_age_35-44, construction_method_2","loan_term_bin_(0.999, 300.0]",0.002200132007920475,0.7006369426751592,3.1290527220124997
"co_applicant_age_missing, conforming_loan_limit_nc",income_bracket_Very High,0.014510870652239135,0.6902949571836346,3.128698846370246
"derived_dwelling_category_single family (1-4 units):manufactured, reverse_mortgage_2","loan_term_bin_(0.999, 300.0]",0.029781786907214433,0.7002116153303551,3.127153205151565
"derived_ethnicity_joint, purchaser_type_2","combined_loan_to_value_ratio_bin_(82.976, 27777.78]",0.0011400684041042463,0.6826347305389222,3.126861074004076
"debt_to_income_ratio_43, loan_type_2","combined_loan_to_value_ratio_bin_(82.976, 27777.78]",0.0016500990059403564,0.6818181818181818,3.1231208095614873
"debt_to_income_ratio_43, derived_loan_product_type_fha:first lien","combined_loan_to_value_ratio_bin_(82.976, 27777.78]",0.0016500990059403564,0.6818181818181818,3.1231208095614873
"combined_loan_to_value_ratio_bin_missing, conforming_loan_limit_nc",income_bracket_Very High,0.009370562233734024,0.6889705882352941,3.1226962650711627
"debt_to_income_ratio_>60%, state_code_ga",income_bracket_Low,0.0011900714042842571,0.7041420118343196,3.120456316759482
"applicant_age_<25, purchaser_type_1","combined_loan_to_value_ratio_bin_(82.976, 27777.78]",0.0019201152069124147,0.6808510638297872,3.1186908509663644
"income_bracket_Low, purchaser_type_9","combined_loan_to_value_ratio_bin_(82.976, 27777.78]",0.003370202212132728,0.6808080808080809,3.1184939639176927
"debt_to_income_ratio_41, purchaser_type_2","combined_loan_to_value_ratio_bin_(82.976, 27777.78]",0.001130067804068244,0.680722891566265,3.118103748020023
"co_applicant_age_55-64, occupancy_type_2",income_bracket_Very High,0.0024601476088565314,0.6871508379888268,3.1144484132832355
"debt_to_income_ratio_39, loan_type_2","combined_loan_to_value_ratio_bin_(82.976, 27777.78]",0.0014000840050403024,0.6796116504854369,3.113013622475528
"debt_to_income_ratio_39, derived_loan_product_type_fha:first lien","combined_loan_to_value_ratio_bin_(82.976, 27777.78]",0.0014000840050403024,0.6796116504854369,3.113013622475528
"applicant_age_missing, purchaser_type_3",debt_to_income_ratio_missing,0.011370682240934456,1.0,3.1126536964980542
"loan_purpose_5, loan_term_bin_(300.0, 360.0]",debt_to_income_ratio_missing,0.002890173410404624,1.0,3.1126536964980542
"applicant_age_missing, purchaser_type_5",debt_to_income_ratio_missing,0.0026301578094685683,1.0,3.1126536964980542
"loan_purpose_5, loan_type_2",debt_to_income_ratio_missing,0.0025301518091085467,1.0,3.1126536964980542
"derived_loan_product_type_fha:first lien, loan_purpose_5",debt_to_income_ratio_missing,0.0025201512090725444,1.0,3.1126536964980542
"purchaser_type_2, reverse_mortgage_1",debt_to_income_ratio_missing,0.002310138608316499,1.0,3.1126536964980542
"reverse_mortgage_1, state_code_ca",debt_to_income_ratio_missing,0.0018201092065523931,1.0,3.1126536964980542
"applicant_age_missing, purchaser_type_8",debt_to_income_ratio_missing,0.0014500870052203132,1.0,3.1126536964980542
"conforming_loan_limit_c, purchaser_type_5","interest_rate_bin_(5.375, 15.25]",0.003820229213752825,0.6314049586776859,3.1117154971915486
"applicant_age_missing, purchaser_type_2",debt_to_income_ratio_missing,0.026831609896593795,0.9996274217585692,3.11149398945763
"applicant_age_missing, loan_type_3",debt_to_income_ratio_missing,0.012030721843310598,0.9991694352159468,3.11006843595279
"applicant_age_missing, derived_loan_product_type_va:first lien",debt_to_income_ratio_missing,0.012030721843310598,0.9991694352159468,3.11006843595279
"applicant_age_missing, loan_type_2",debt_to_income_ratio_missing,0.024011440686441187,0.9987520798668885,3.1087693532827902
"applicant_age_missing, derived_loan_product_type_fha:first lien",debt_to_income_ratio_missing,0.024001440086405184,0.9987515605493134,3.1087677368270206
"loan_purpose_2, purchaser_type_71","interest_rate_bin_(5.375, 15.25]",0.0010400624037442247,0.6303030303030304,3.1062849291336234
"applicant_age_missing, purchaser_type_1",debt_to_income_ratio_missing,0.012240734444066644,0.9975550122249389,3.1050432962621177
"applicant_age_missing, interest_rate_bin_(3.99, 5.375]",debt_to_income_ratio_missing,0.033071984319059146,0.9969852276153152,3.1032697540907646
"combined_loan_to_value_ratio_bin_missing, reverse_mortgage_1",debt_to_income_ratio_missing,0.0064803888233294,0.9969230769230769,3.1030763005088295
"loan_purpose_31, reverse_mortgage_1",debt_to_income_ratio_missing,0.005160309618577115,0.9961389961389963,3.100635728557908
"applicant_age_missing, loan_term_bin_(300.0, 360.0]",debt_to_income_ratio_missing,0.07908474508470509,0.9959697732997482,3.1001089964617905
"applicant_age_>74, purchaser_type_1","combined_loan_to_value_ratio_bin_(0.129, 68.474]",0.0018201092065523931,0.6765799256505577,3.099126572858537
"debt_to_income_ratio_missing, purchaser_type_1",derived_race_race not available,0.012450747044822689,0.7904761904761904,3.098627001861155
"applicant_age_missing, loan_type_4",debt_to_income_ratio_missing,0.002070124207452447,0.9951923076923076,3.09768901526489
"applicant_age_missing, derived_loan_product_type_fsa/rhs:first lien",debt_to_income_ratio_missing,0.002070124207452447,0.9951923076923076,3.09768901526489
"derived_race_race not available, reverse_mortgage_1",debt_to_income_ratio_missing,0.0018401104066243974,0.9945945945945945,3.0958285413818483
"conforming_loan_limit_missing, reverse_mortgage_2",debt_to_income_ratio_missing,0.0035302118127087624,0.9943661971830985,3.0951176193346845
"derived_dwelling_category_multifamily:site-built, reverse_mortgage_2",debt_to_income_ratio_missing,0.003420205212312739,0.994186046511628,3.0945568726812054
"combined_loan_to_value_ratio_bin_(0.129, 68.474], conforming_loan_limit_missing",debt_to_income_ratio_missing,0.0017101026061563695,0.994186046511628,3.0945568726812054
"applicant_age_missing, interest_rate_bin_(5.375, 15.25]",debt_to_income_ratio_missing,0.03324199451967118,0.9940191387559807,3.0940373466386157
"combined_loan_to_value_ratio_bin_(0.129, 68.474], derived_dwelling_category_multifamily:site-built",debt_to_income_ratio_missing,0.0016600996059763587,0.9940119760479043,3.0940150516088445
"derived_loan_product_type_conventional:subordinate lien, purchaser_type_71","interest_rate_bin_(5.375, 15.25]",0.0027801668100086007,0.6275395033860046,3.0926656038235656
"lien_status_2, purchaser_type_71","interest_rate_bin_(5.375, 15.25]",0.0027801668100086007,0.6275395033860046,3.0926656038235656
"applicant_age_missing, state_code_nc",debt_to_income_ratio_missing,0.003060183611016661,0.9935064935064936,3.0924416595078075
"debt_to_income_ratio_<20%, state_code_ca","combined_loan_to_value_ratio_bin_(0.129, 68.474]",0.002180130807848471,0.6749226006191951,3.091535067627842
"conforming_loan_limit_missing, loan_term_bin_(0.999, 300.0]",debt_to_income_ratio_missing,0.002860171610296618,0.9930555555555555,3.0910380458279287
"applicant_age_missing, reverse_mortgage_2",debt_to_income_ratio_missing,0.09701582094925695,0.9929375639713409,3.0906707788871675
"interest_rate_bin_(5.375, 15.25], loan_purpose_5",debt_to_income_ratio_missing,0.0014000840050403024,0.9929078014184397,3.0905781383668622
"derived_dwelling_category_multifamily:site-built, loan_term_bin_(0.999, 300.0]",debt_to_income_ratio_missing,0.002750165009900594,0.9927797833935017,3.0901796625883207
"applicant_age_missing, interest_rate_bin_(-0.001, 3.99]",debt_to_income_ratio_missing,0.02721163269796188,0.9927033929222912,3.08994188550573
"derived_race_asian, occupancy_type_2",income_bracket_Very High,0.0010700642038522312,0.6815286624203822,3.0889664160123154
"conforming_loan_limit_missing, interest_rate_bin_(3.99, 5.375]",debt_to_income_ratio_missing,0.0012800768046082765,0.9922480620155039,3.0885245980755887
"derived_dwelling_category_multifamily:site-built, interest_rate_bin_(3.99, 5.375]",debt_to_income_ratio_missing,0.0012300738044282657,0.9919354838709676,3.0875516505585536
"combined_loan_to_value_ratio_bin_(68.474, 82.976], conforming_loan_limit_missing",debt_to_income_ratio_missing,0.0011900714042842571,0.9916666666666668,3.0867149156939044
"reverse_mortgage_2, total_units_5-24",debt_to_income_ratio_missing,0.002310138608316499,0.9914163090128755,3.085935639017384
"combined_loan_to_value_ratio_bin_missing, interest_rate_bin_(3.99, 5.375]",derived_race_race not available,0.029821789307358442,0.7872228088701162,3.0858739092147247
"combined_loan_to_value_ratio_bin_(68.474, 82.976], derived_dwelling_category_multifamily:site-built",debt_to_income_ratio_missing,0.0011500690041402483,0.9913793103448275,3.085820474976519
"loan_type_1, reverse_mortgage_1",debt_to_income_ratio_missing,0.001060063603816229,0.9906542056074765,3.0835634750354552
"derived_loan_product_type_conventional:first lien, reverse_mortgage_1",debt_to_income_ratio_missing,0.001060063603816229,0.9906542056074765,3.0835634750354552
"combined_loan_to_value_ratio_bin_(0.129, 68.474], total_units_5-24",debt_to_income_ratio_missing,0.0010100606036362182,0.9901960784313725,3.082137483787289
"loan_purpose_5, reverse_mortgage_2",debt_to_income_ratio_missing,0.003950237014220853,0.9899749373433585,3.0814491481622346
"loan_term_bin_(0.999, 300.0], total_units_5-24",debt_to_income_ratio_missing,0.0017801068064083846,0.9888888888888889,3.0780686554258536
"loan_size_Small, purchaser_type_5","interest_rate_bin_(5.375, 15.25]",0.0012800768046082765,0.624390243902439,3.0771452956520693
"applicant_age_missing, occupancy_type_1",debt_to_income_ratio_missing,0.07885473128387703,0.9876002004008017,3.0740574144397743
"interest_rate_bin_(3.99, 5.375], loan_purpose_5",debt_to_income_ratio_missing,0.001570094205652339,0.9874213836477987,3.073500819812544
"applicant_age_missing, state_code_ca",debt_to_income_ratio_missing,0.00931055863351801,0.987274655355249,3.0730441054503586
"debt_to_income_ratio_43, purchaser_type_2","combined_loan_to_value_ratio_bin_(82.976, 27777.78]",0.001120067204032242,0.6706586826347306,3.0720038621794434
"income_bracket_Medium, purchaser_type_2","combined_loan_to_value_ratio_bin_(82.976, 27777.78]",0.012090725443526611,0.6705490848585691,3.071501841106173
"loan_size_Large, reverse_mortgage_1",debt_to_income_ratio_missing,0.0021401284077044625,0.9861751152073733,3.069621617744625
"applicant_age_missing, state_code_oh",debt_to_income_ratio_missing,0.003560213612816769,0.9861495844875346,3.069542149455145
"debt_to_income_ratio_>60%, loan_size_Small",income_bracket_Low,0.014770886253175191,0.6918032786885246,3.0657763272992526
"derived_ethnicity_hispanic or latino, preapproval_1","combined_loan_to_value_ratio_bin_(82.976, 27777.78]",0.0020801248074884494,0.6688102893890675,3.0635371542450947
"preapproval_2, purchaser_type_5","interest_rate_bin_(5.375, 15.25]",0.004220253215192911,0.6215022091310751,3.062912365690129
"derived_ethnicity_not hispanic or latino, purchaser_type_5","interest_rate_bin_(5.375, 15.25]",0.001690101406084365,0.6213235294117646,3.062031789058649
"applicant_age_missing, loan_purpose_32",debt_to_income_ratio_missing,0.01264075844550673,0.9836575875486382,3.0617854259716273
"applicant_age_missing, derived_dwelling_category_single family (1-4 units):manufactured",debt_to_income_ratio_missing,0.0024001440086405183,0.9836065573770492,3.0616265867193975
"combined_loan_to_value_ratio_bin_missing, derived_loan_product_type_fha:first lien",debt_to_income_ratio_missing,0.054923295397723865,0.9835243553008597,3.0613707201230866
"applicant_age_missing, construction_method_2","interest_rate_bin_(5.375, 15.25]",0.0015900954057243434,0.62109375,3.0608993808526366
purchaser_type_5,"interest_rate_bin_(5.375, 15.25]",0.00426025561533692,0.620991253644315,3.060394254160159
"co_applicant_age_55-64, debt_to_income_ratio_<20%","combined_loan_to_value_ratio_bin_(0.129, 68.474]",0.0032201932115926957,0.6680497925311204,3.0600536396865254
"debt_to_income_ratio_42, loan_type_2","combined_loan_to_value_ratio_bin_(82.976, 27777.78]",0.001690101406084365,0.6679841897233201,3.0597531409616887
"debt_to_income_ratio_42, derived_loan_product_type_fha:first lien","combined_loan_to_value_ratio_bin_(82.976, 27777.78]",0.001690101406084365,0.6679841897233201,3.0597531409616887
"combined_loan_to_value_ratio_bin_missing, purchaser_type_8",derived_race_race not available,0.0013500810048602916,0.7803468208092486,3.0589203810419856
"combined_loan_to_value_ratio_bin_missing, loan_type_2",debt_to_income_ratio_missing,0.05497329839790387,0.9824843610366398,3.058133578132226
"construction_method_2, preapproval_2","loan_term_bin_(0.999, 300.0]",0.02967178030681841,0.6847449803831065,3.058079033873531
"applicant_age_missing, loan_purpose_5",debt_to_income_ratio_missing,0.003910234614076844,0.9824120603015074,3.057908530981756
"applicant_age_missing, purchaser_type_6",debt_to_income_ratio_missing,0.0016300978058683521,0.9819277108433735,3.0564009188504992
"applicant_age_>74, derived_sex_female",income_bracket_Low,0.006350381022861372,0.6894679695982627,3.0554272359514574
"derived_dwelling_category_single family (1-4 units):manufactured, preapproval_2","loan_term_bin_(0.999, 300.0]",0.029561773706422385,0.6841009025688498,3.055202574875818
"construction_method_2, lien_status_1","loan_term_bin_(0.999, 300.0]",0.02930175810548633,0.6837806301050174,3.0537722343332345
"debt_to_income_ratio_41, loan_type_2","combined_loan_to_value_ratio_bin_(82.976, 27777.78]",0.0014200852051123067,0.6666666666666666,3.0537181249045653
"debt_to_income_ratio_41, derived_loan_product_type_fha:first lien","combined_loan_to_value_ratio_bin_(82.976, 27777.78]",0.0014200852051123067,0.6666666666666666,3.0537181249045653
"interest_rate_bin_(3.99, 5.375], reverse_mortgage_1",debt_to_income_ratio_missing,0.0010200612036722204,0.9807692307692308,3.0527949715653997
"loan_term_bin_(0.999, 300.0], purchaser_type_1","combined_loan_to_value_ratio_bin_(0.129, 68.474]",0.01083064983899034,0.6664615384615384,3.0527785193276715
"construction_method_2, state_code_other","loan_term_bin_(0.999, 300.0]",0.016190971458287497,0.6834107218235542,3.0521202196527235
"applicant_age_missing, construction_method_2",debt_to_income_ratio_missing,0.002510150609036542,0.98046875,3.0518596789883268
"applicant_age_missing, loan_term_bin_(0.999, 300.0]",debt_to_income_ratio_missing,0.016961017661059664,0.9803468208092485,3.051480155642023
"applicant_age_missing, state_code_az",debt_to_income_ratio_missing,0.0029901794107646457,0.980327868852459,3.051421164763666
"derived_dwelling_category_single family (1-4 units):manufactured, lien_status_1","loan_term_bin_(0.999, 300.0]",0.029191751505090305,0.6831266089398549,3.0508513682149108
"co_applicant_age_missing, loan_purpose_5",debt_to_income_ratio_missing,0.003940236414184851,0.9800995024875623,3.050710339353815
"derived_race_race not available, loan_purpose_5",debt_to_income_ratio_missing,0.003910234614076844,0.9799498746867168,3.050244599826414
"combined_loan_to_value_ratio_bin_missing, loan_purpose_5",debt_to_income_ratio_missing,0.0038702322139328358,0.9797468354430379,3.0496126089740425
"debt_to_income_ratio_30%-<36%, derived_dwelling_category_single family (1-4 units):manufactured","loan_term_bin_(0.999, 300.0]",0.002560153609216553,0.6826666666666666,3.048797260681852
"construction_method_2, debt_to_income_ratio_30%-<36%","loan_term_bin_(0.999, 300.0]",0.002560153609216553,0.6826666666666666,3.048797260681852
"derived_dwelling_category_single family (1-4 units):manufactured, state_code_other","loan_term_bin_(0.999, 300.0]",0.016120967258035482,0.6824724809483488,3.0479300250088963
"loan_purpose_5, occupancy_type_1",debt_to_income_ratio_missing,0.0037602256135368124,0.9791666666666667,3.047806744487678
"lien_status_1, loan_purpose_5",debt_to_income_ratio_missing,0.0037102226133568015,0.978891820580475,3.0469512438015256
"applicant_age_missing, combined_loan_to_value_ratio_bin_(0.129, 68.474]","loan_term_bin_(0.999, 300.0]",0.0031501890113406804,0.6818181818181819,3.0450079174956355
"derived_dwelling_category_single family (1-4 units):manufactured, income_bracket_Medium","loan_term_bin_(0.999, 300.0]",0.007920475228513711,0.6815834767641997,3.0439597219990793
"construction_method_2, income_bracket_Medium","loan_term_bin_(0.999, 300.0]",0.007920475228513711,0.6815834767641997,3.0439597219990793
"derived_dwelling_category_single family (1-4 units):manufactured, total_units_1","loan_term_bin_(0.999, 300.0]",0.029681780906854412,0.6815154994259472,3.043656134417069
"construction_method_2, total_units_1","loan_term_bin_(0.999, 300.0]",0.029681780906854412,0.6815154994259472,3.043656134417069
"derived_dwelling_category_single family (1-4 units):manufactured, occupancy_type_1","loan_term_bin_(0.999, 300.0]",0.02861171670300218,0.6815150071462601,3.0436539358902697
"construction_method_2, occupancy_type_1","loan_term_bin_(0.999, 300.0]",0.02861171670300218,0.6815150071462601,3.0436539358902697
"interest_rate_bin_missing, reverse_mortgage_1",debt_to_income_ratio_missing,0.0021901314078844733,0.9776785714285714,3.0431748193440797
"loan_size_Medium, reverse_mortgage_1",debt_to_income_ratio_missing,0.0025901554093245593,0.9773584905660377,3.042178518464136
"derived_dwelling_category_single family (1-4 units):site-built, purchaser_type_5","interest_rate_bin_(5.375, 15.25]",0.004110246614796888,0.6171171171171171,3.041301577575604
"purchaser_type_5, total_units_1","interest_rate_bin_(5.375, 15.25]",0.00398023881432886,0.6170542635658914,3.0409918201580948
construction_method_2,"loan_term_bin_(0.999, 300.0]",0.02990179410764646,0.6807832422586522,3.0403858654047196
"applicant_age_missing, state_code_fl",debt_to_income_ratio_missing,0.008390503430205812,0.9767171129220024,3.040182131969578
"construction_method_2, state_code_ca","loan_term_bin_(0.999, 300.0]",0.0014700882052923175,0.6805555555555556,3.0393690139447176
"co_applicant_age_missing, reverse_mortgage_1",debt_to_income_ratio_missing,0.004540272416344981,0.9763440860215054,3.039021028408853
"applicant_age_missing, income_bracket_Medium",debt_to_income_ratio_missing,0.00287017221033262,0.9761904761904763,3.0385428942004817
derived_dwelling_category_single family (1-4 units):manufactured,"loan_term_bin_(0.999, 300.0]",0.029791787507250436,0.6801369863013699,3.037499678794961
"construction_method_2, derived_dwelling_category_single family (1-4 units):manufactured","loan_term_bin_(0.999, 300.0]",0.029791787507250436,0.6801369863013699,3.037499678794961
"conforming_loan_limit_c, derived_dwelling_category_single family (1-4 units):manufactured","loan_term_bin_(0.999, 300.0]",0.029761785707142427,0.6799177518848526,3.0365205753449733
"conforming_loan_limit_c, construction_method_2","loan_term_bin_(0.999, 300.0]",0.029761785707142427,0.6799177518848526,3.0365205753449733
"applicant_age_missing, loan_size_Medium",debt_to_income_ratio_missing,0.034312058723523414,0.9747159090909092,3.03395307746728
"debt_to_income_ratio_>60%, derived_loan_product_type_conventional:first lien",income_bracket_Low,0.014210852651159069,0.6844894026974951,3.033364356201619
"construction_method_1, purchaser_type_5","interest_rate_bin_(5.375, 15.25]",0.004130247814868892,0.6154992548435171,3.033328363175093
"derived_dwelling_category_single family (1-4 units):manufactured, state_code_ca","loan_term_bin_(0.999, 300.0]",0.0014600876052563154,0.6790697674418605,3.032733466975498
"construction_method_1, loan_purpose_5",debt_to_income_ratio_missing,0.0037602256135368124,0.9740932642487047,3.0320149996975867
"derived_dwelling_category_single family (1-4 units):site-built, loan_purpose_5",debt_to_income_ratio_missing,0.0037002220133207993,0.9736842105263158,3.0307417571165267
"co_applicant_age_25-34, derived_loan_product_type_fha:first lien","combined_loan_to_value_ratio_bin_(82.976, 27777.78]",0.006060363621817309,0.6615720524017467,3.03038185102429
loan_purpose_5,debt_to_income_ratio_missing,0.003950237014220853,0.9729064039408867,3.0283207145732303
"derived_dwelling_category_single family (1-4 units):site-built, reverse_mortgage_1",debt_to_income_ratio_missing,0.006460387623257395,0.9728915662650601,3.0282745300267213
"construction_method_1, reverse_mortgage_1",debt_to_income_ratio_missing,0.006460387623257395,0.9728915662650601,3.0282745300267213
"applicant_age_missing, conforming_loan_limit_missing","loan_term_bin_(0.999, 300.0]",0.002610156609396564,0.6779220779220779,3.027607872252803
"co_applicant_age_25-34, loan_type_2","combined_loan_to_value_ratio_bin_(82.976, 27777.78]",0.006060363621817309,0.6608505997818974,3.0270771816120496
"applicant_age_25-34, derived_loan_product_type_fha:first lien","combined_loan_to_value_ratio_bin_(82.976, 27777.78]",0.016270976258575515,0.6608448415922015,3.027050805779688
"derived_sex_male, reverse_mortgage_1",debt_to_income_ratio_missing,0.0014100846050763046,0.9724137931034483,3.0267873876291427
"conforming_loan_limit_missing, preapproval_2","loan_term_bin_(0.999, 300.0]",0.002860171610296618,0.6777251184834123,3.026728249112565
"applicant_age_25-34, loan_type_2","combined_loan_to_value_ratio_bin_(82.976, 27777.78]",0.016280976858611518,0.6607142857142858,3.026452784503632
"conforming_loan_limit_c, loan_purpose_5",debt_to_income_ratio_missing,0.003860231613896834,0.9722921914357683,3.026408883748738
"loan_purpose_5, total_units_1",debt_to_income_ratio_missing,0.003860231613896834,0.9722921914357683,3.026408883748738
conforming_loan_limit_missing,"loan_term_bin_(0.999, 300.0]",0.0028801728103686223,0.6776470588235295,3.026379633765074
"conforming_loan_limit_missing, occupancy_type_3","loan_term_bin_(0.999, 300.0]",0.0028801728103686223,0.6776470588235295,3.026379633765074
"debt_to_income_ratio_38, loan_type_2","combined_loan_to_value_ratio_bin_(82.976, 27777.78]",0.0010900654039242355,0.6606060606060606,3.025957051041797
"debt_to_income_ratio_38, derived_loan_product_type_fha:first lien","combined_loan_to_value_ratio_bin_(82.976, 27777.78]",0.0010900654039242355,0.6606060606060606,3.025957051041797
"derived_race_white, purchaser_type_5","interest_rate_bin_(5.375, 15.25]",0.00162009720583235,0.6136363636363636,3.0241475872574934
"debt_to_income_ratio_missing, purchaser_type_9","interest_rate_bin_(5.375, 15.25]",0.0010800648038882333,0.6136363636363635,3.024147587257493
"debt_to_income_ratio_45, purchaser_type_2","combined_loan_to_value_ratio_bin_(82.976, 27777.78]",0.001320079204752285,0.66,3.02318094365552
"debt_to_income_ratio_missing, purchaser_type_5",derived_race_race not available,0.00273016380982859,0.7711864406779662,3.0230121505802874
"applicant_age_25-34, purchaser_type_71","combined_loan_to_value_ratio_bin_(82.976, 27777.78]",0.008170490229413765,0.659935379644588,3.0228849451296806
"loan_size_Large, reverse_mortgage_1",income_bracket_Low,0.0014800888053283197,0.6820276497695853,3.0224549198307
"debt_to_income_ratio_30%-<36%, occupancy_type_2",income_bracket_Very High,0.0017401044062643758,0.6666666666666666,3.021605777656906
"applicant_age_missing, total_units_1",debt_to_income_ratio_missing,0.0902954177250635,0.9704428202923474,3.020652431822972
"interest_rate_bin_(-0.001, 3.99], reverse_mortgage_1",debt_to_income_ratio_missing,0.0016400984059043542,0.9704142011834319,3.0205633504478158
"loan_purpose_5, purchaser_type_0",debt_to_income_ratio_missing,0.0036002160129607777,0.9703504043126684,3.0203647728822087
"conforming_loan_limit_missing, loan_type_1","loan_term_bin_(0.999, 300.0]",0.002860171610296618,0.6761229314420804,3.0195728631808567
"co_applicant_age_55-64, derived_dwelling_category_single family (1-4 units):manufactured","loan_term_bin_(0.999, 300.0]",0.0019201152069124147,0.676056338028169,3.0192754562210244
"co_applicant_age_55-64, construction_method_2","loan_term_bin_(0.999, 300.0]",0.0019201152069124147,0.676056338028169,3.0192754562210244
"combined_loan_to_value_ratio_bin_missing, purchaser_type_3",debt_to_income_ratio_missing,0.01709102546152769,0.9699205448354142,3.019026769191359
"income_bracket_Low, reverse_mortgage_1",debt_to_income_ratio_missing,0.005120307218433106,0.9696969696969697,3.0183308572102345
"interest_rate_bin_(-0.001, 3.99], occupancy_type_2",income_bracket_Very High,0.004520271216272976,0.6656848306332842,3.017155695510136
reverse_mortgage_1,debt_to_income_ratio_missing,0.006630397823869432,0.9692982456140351,3.017089767219605
"preapproval_2, reverse_mortgage_1",debt_to_income_ratio_missing,0.006630397823869432,0.9692982456140351,3.017089767219605
"lien_status_1, reverse_mortgage_1",debt_to_income_ratio_missing,0.006630397823869432,0.9692982456140351,3.017089767219605
"occupancy_type_1, reverse_mortgage_1",debt_to_income_ratio_missing,0.006630397823869432,0.9692982456140351,3.017089767219605
"loan_term_bin_missing, reverse_mortgage_1",debt_to_income_ratio_missing,0.006630397823869432,0.9692982456140351,3.017089767219605
"reverse_mortgage_1, total_units_1",debt_to_income_ratio_missing,0.006560393623617417,0.9689807976366321,3.016101661599296
"derived_sex_female, reverse_mortgage_1",debt_to_income_ratio_missing,0.002180130807848471,0.968888888888889,3.015815581495893
"loan_purpose_5, loan_size_Small",debt_to_income_ratio_missing,0.0027901674100446025,0.9687499999999999,3.0153832684824895
"applicant_age_>74, purchaser_type_3","combined_loan_to_value_ratio_bin_(0.129, 68.474]",0.001310078604716283,0.6582914572864321,3.015354831878126
"construction_method_2, derived_race_race not available","loan_term_bin_(0.999, 300.0]",0.0062103726223573415,0.675,3.014557838320679
"co_applicant_age_<25, interest_rate_bin_(-0.001, 3.99]","combined_loan_to_value_ratio_bin_(82.976, 27777.78]",0.0010200612036722204,0.6580645161290323,3.014315310389668
"applicant_age_missing, combined_loan_to_value_ratio_bin_(68.474, 82.976]",debt_to_income_ratio_missing,0.00551033061983719,0.968365553602812,3.0141866199831773
"applicant_age_missing, income_bracket_Very High",debt_to_income_ratio_missing,0.003360201612096726,0.968299711815562,3.0139816773007095
"applicant_age_missing, conforming_loan_limit_c",debt_to_income_ratio_missing,0.09054543272596356,0.9681351582549188,3.013469479051902
"conforming_loan_limit_c, reverse_mortgage_1",debt_to_income_ratio_missing,0.006380382822969378,0.9681335356600911,3.013464428476113
"applicant_age_missing, loan_purpose_1",debt_to_income_ratio_missing,0.06941416484989099,0.9677914110429447,3.0123995130218897
"applicant_age_missing, state_code_tx",debt_to_income_ratio_missing,0.010760645638738324,0.9676258992805754,3.011884332222937
"loan_purpose_5, state_code_other",debt_to_income_ratio_missing,0.0017801068064083846,0.9673913043478262,3.0111541194383356
"co_applicant_age_35-44, debt_to_income_ratio_<20%",income_bracket_Very High,0.0036602196131767907,0.6642468239564429,3.0106380615855564
"applicant_age_65-74, reverse_mortgage_1",debt_to_income_ratio_missing,0.00264015840950457,0.9670329670329669,3.0100387394706454
"applicant_age_missing, state_code_ga",debt_to_income_ratio_missing,0.0043802628157689465,0.9668874172185431,3.0095856933027547
"conforming_loan_limit_missing, derived_race_race not available","loan_term_bin_(0.999, 300.0]",0.00264015840950457,0.673469387755102,3.007722106260995
"co_applicant_age_missing, conforming_loan_limit_missing","loan_term_bin_(0.999, 300.0]",0.0026601596095765746,0.6734177215189874,3.0074913642505416
"applicant_age_missing, income_bracket_Low",debt_to_income_ratio_missing,0.0025301518091085467,0.9656488549618321,3.00573047791606
"applicant_age_missing, derived_dwelling_category_single family (1-4 units):site-built",debt_to_income_ratio_missing,0.09232553953237194,0.9652864910079464,3.0046025644155203
"loan_type_2, reverse_mortgage_1",debt_to_income_ratio_missing,0.005530331819909195,0.9650959860383944,3.004009588417843
"derived_loan_product_type_fha:first lien, reverse_mortgage_1",debt_to_income_ratio_missing,0.005530331819909195,0.9650959860383944,3.004009588417843
"debt_to_income_ratio_50%-60%, interest_rate_bin_(3.99, 5.375]","combined_loan_to_value_ratio_bin_(82.976, 27777.78]",0.008550513030781847,0.6556748466257668,3.0033692447776876
"occupancy_type_1, purchaser_type_9","combined_loan_to_value_ratio_bin_(82.976, 27777.78]",0.009900594035642139,0.6556291390728477,3.0031598778034967
"applicant_age_missing, income_bracket_High",debt_to_income_ratio_missing,0.00273016380982859,0.9646643109540636,3.0026659333709143
"applicant_age_>74, reverse_mortgage_1",debt_to_income_ratio_missing,0.0027201632097925877,0.9645390070921985,3.0022759058420947
"derived_dwelling_category_single family (1-4 units):manufactured, derived_race_race not available","loan_term_bin_(0.999, 300.0]",0.006100366021961318,0.6718061674008811,3.0002941448451854
"applicant_age_missing, loan_size_Large",debt_to_income_ratio_missing,0.04215252915174911,0.9638691973473589,3.0001910200638693
"applicant_age_missing, combined_loan_to_value_ratio_bin_missing",debt_to_income_ratio_missing,0.08674520471228274,0.9628149628149628,2.9969095530496306
"combined_loan_to_value_ratio_bin_missing, purchaser_type_1",derived_race_race not available,0.012390743444606677,0.7643429981492905,2.9961861992606593
"applicant_age_missing, derived_race_race not available",debt_to_income_ratio_missing,0.09426565593935636,0.9625242520167466,2.996004671008951
"derived_dwelling_category_multifamily:site-built, preapproval_2","loan_term_bin_(0.999, 300.0]",0.002750165009900594,0.6707317073170732,2.995495593633918
derived_dwelling_category_multifamily:site-built,"loan_term_bin_(0.999, 300.0]",0.0027701662099725985,0.6707021791767555,2.995363720616368
"conforming_loan_limit_missing, derived_dwelling_category_multifamily:site-built","loan_term_bin_(0.999, 300.0]",0.0027701662099725985,0.6707021791767555,2.995363720616368
"conforming_loan_limit_missing, construction_method_1","loan_term_bin_(0.999, 300.0]",0.0027701662099725985,0.6707021791767555,2.995363720616368
"derived_dwelling_category_multifamily:site-built, occupancy_type_3","loan_term_bin_(0.999, 300.0]",0.0027701662099725985,0.6707021791767555,2.995363720616368
"construction_method_1, derived_dwelling_category_multifamily:site-built","loan_term_bin_(0.999, 300.0]",0.0027701662099725985,0.6707021791767555,2.995363720616368
"applicant_age_missing, derived_dwelling_category_multifamily:site-built","loan_term_bin_(0.999, 300.0]",0.00250015000900054,0.6702412868632708,2.9933053701923136
"purchaser_type_5, reverse_mortgage_2","interest_rate_bin_(5.375, 15.25]",0.003960237614256856,0.6073619631901841,2.993225832786558
"derived_ethnicity_not hispanic or latino, reverse_mortgage_1",debt_to_income_ratio_missing,0.0044902694161649695,0.9614561027837257,2.992679892350377
"applicant_age_missing, lien_status_1",debt_to_income_ratio_missing,0.09491569494169651,0.961308619467234,2.992220827860127
"applicant_age_missing, preapproval_2",debt_to_income_ratio_missing,0.09779586775206513,0.9612700285068317,2.99210070756458
"derived_race_white, reverse_mortgage_1",debt_to_income_ratio_missing,0.004160249614976899,0.9607390300230948,2.990447893171341
applicant_age_missing,debt_to_income_ratio_missing,0.09792587555253315,0.9606592759737075,2.990199646434705
"reverse_mortgage_1, state_code_other",debt_to_income_ratio_missing,0.002440146408784527,0.9606299212598425,2.9901082753760835
"applicant_age_missing, construction_method_1",debt_to_income_ratio_missing,0.09541572494349661,0.9601489383113615,2.9886111420235415
"derived_dwelling_category_multifamily:site-built, loan_type_1","loan_term_bin_(0.999, 300.0]",0.002750165009900594,0.6690997566909976,2.98820728318712
"derived_loan_product_type_fsa/rhs:first lien, derived_sex_male",income_bracket_Low,0.0012000720043202592,0.6741573033707865,2.987576909823543
"derived_loan_product_type_conventional:subordinate lien, loan_purpose_32","loan_term_bin_(0.999, 300.0]",0.007310438626317579,0.6688014638609332,2.9868751039441785
"lien_status_2, loan_purpose_32","loan_term_bin_(0.999, 300.0]",0.007310438626317579,0.6688014638609332,2.9868751039441785
"debt_to_income_ratio_20%-<30%, loan_purpose_31","combined_loan_to_value_ratio_bin_(0.129, 68.474]",0.010170610236614197,0.6519230769230769,2.9861839740653298
"combined_loan_to_value_ratio_bin_missing, purchaser_type_1",debt_to_income_ratio_missing,0.01555093305598336,0.959284392350401,2.9859201098423656
"co_applicant_age_missing, construction_method_2","loan_term_bin_(0.999, 300.0]",0.01819109146548793,0.6680132207124495,2.983354800889713
"co_applicant_age_25-34, purchaser_type_71","combined_loan_to_value_ratio_bin_(82.976, 27777.78]",0.0035102106126367583,0.6512059369202227,2.9828990589281146
"interest_rate_bin_(3.99, 5.375], occupancy_type_2",income_bracket_Very High,0.0033402004120247214,0.65748031496063,2.9799694775710828
"applicant_age_45-54, derived_dwelling_category_single family (1-4 units):manufactured","loan_term_bin_(0.999, 300.0]",0.004650279016741005,0.6671449067431852,2.979476900619833
"applicant_age_45-54, construction_method_2","loan_term_bin_(0.999, 300.0]",0.004650279016741005,0.6671449067431852,2.979476900619833
"applicant_age_<25, derived_dwelling_category_single family (1-4 units):manufactured",income_bracket_Low,0.0024001440086405183,0.6722689075630252,2.979208347050928
"applicant_age_<25, construction_method_2",income_bracket_Low,0.0024001440086405183,0.6722689075630252,2.979208347050928
"co_applicant_age_missing, derived_dwelling_category_single family (1-4 units):manufactured","loan_term_bin_(0.999, 300.0]",0.018091085465127908,0.6670353982300885,2.9789878343286946
"co_applicant_age_35-44, derived_race_asian",income_bracket_Very High,0.004160249614976899,0.6571879936808847,2.9786445580693672
"derived_race_black or african american, purchaser_type_2","combined_loan_to_value_ratio_bin_(82.976, 27777.78]",0.005240314418865132,0.6501240694789082,2.9779434816066854
"purchaser_type_0, reverse_mortgage_1",debt_to_income_ratio_missing,0.00287017221033262,0.9566666666666667,2.977772036316472
"conforming_loan_limit_missing, lien_status_1","loan_term_bin_(0.999, 300.0]",0.0027201632097925877,0.6666666666666666,2.977341074884621
"co_applicant_age_missing, derived_dwelling_category_multifamily:site-built","loan_term_bin_(0.999, 300.0]",0.002560153609216553,0.6666666666666666,2.977341074884621
"applicant_age_25-34, preapproval_1","combined_loan_to_value_ratio_bin_(82.976, 27777.78]",0.0062103726223573415,0.6495815899581591,2.9754586122893336
"conforming_loan_limit_missing, derived_loan_product_type_conventional:first lien","loan_term_bin_(0.999, 300.0]",0.0027101626097565854,0.6658476658476659,2.9736834077164582
"derived_dwelling_category_multifamily:site-built, derived_race_race not available","loan_term_bin_(0.999, 300.0]",0.0025301518091085467,0.6657894736842106,2.9734235208387205
"loan_term_bin_(300.0, 360.0], purchaser_type_9","combined_loan_to_value_ratio_bin_(82.976, 27777.78]",0.008950537032221933,0.6490210297316896,2.972890922903828
"applicant_age_>74, loan_size_Small",income_bracket_Low,0.010570634238054284,0.6706852791878173,2.9721903832257848
"combined_loan_to_value_ratio_bin_missing, loan_term_bin_(300.0, 360.0]",debt_to_income_ratio_missing,0.2383543012580755,0.954811313196058,2.9719969634778716
"combined_loan_to_value_ratio_bin_missing, loan_type_4",debt_to_income_ratio_missing,0.002950177010620637,0.9546925566343042,2.971627315426945
"combined_loan_to_value_ratio_bin_missing, derived_loan_product_type_fsa/rhs:first lien",debt_to_income_ratio_missing,0.002940176410584635,0.9545454545454546,2.9711694375663247
"applicant_age_65-74, debt_to_income_ratio_>60%",income_bracket_Low,0.0037202232133928034,0.6702702702702702,2.97035124115429
"conforming_loan_limit_missing, state_code_other","loan_term_bin_(0.999, 300.0]",0.0013900834050043004,0.6650717703349283,2.97021824934662
"debt_to_income_ratio_50%-60%, derived_dwelling_category_single family (1-4 units):manufactured",income_bracket_Low,0.002310138608316499,0.6695652173913044,2.967226748263876
"construction_method_2, debt_to_income_ratio_50%-60%",income_bracket_Low,0.002310138608316499,0.6695652173913044,2.967226748263876
"conforming_loan_limit_missing, purchaser_type_0","loan_term_bin_(0.999, 300.0]",0.0025301518091085467,0.6640419947506562,2.96561925962917
"derived_dwelling_category_single family (1-4 units):manufactured, derived_race_black or african american",income_bracket_Low,0.002890173410404624,0.6689814814814815,2.964639880307537
"construction_method_2, derived_race_black or african american",income_bracket_Low,0.002890173410404624,0.6689814814814815,2.964639880307537
"co_applicant_age_65-74, debt_to_income_ratio_20%-<30%","combined_loan_to_value_ratio_bin_(0.129, 68.474]",0.003060183611016661,0.6469344608879493,2.9633332332583415
"interest_rate_bin_(5.375, 15.25], reverse_mortgage_1",debt_to_income_ratio_missing,0.0017801068064083846,0.9518716577540107,2.9628468340997522
"combined_loan_to_value_ratio_bin_missing, debt_to_income_ratio_<20%","loan_term_bin_(0.999, 300.0]",0.0012800768046082765,0.6632124352331606,2.9619144371909187
"applicant_age_missing, state_code_ny",debt_to_income_ratio_missing,0.0027401644098645917,0.9513888888888887,2.961344141807176
"debt_to_income_ratio_>60%, derived_ethnicity_hispanic or latino",income_bracket_Low,0.0044902694161649695,0.6681547619047619,2.9609762126353822
"derived_dwelling_category_multifamily:site-built, loan_size_Large","loan_term_bin_(0.999, 300.0]",0.002290137408244495,0.661849710982659,2.9558284948637787
"combined_loan_to_value_ratio_bin_missing, loan_purpose_32",debt_to_income_ratio_missing,0.06934416064963898,0.9494728193892922,2.95538008099651
"derived_sex_male, loan_type_4",income_bracket_Low,0.0012200732043922634,0.6666666666666666,2.9543816108255037
"applicant_age_missing, state_code_other",debt_to_income_ratio_missing,0.04606276376582595,0.9485172981878089,2.952405874396631
"debt_to_income_ratio_30%-<36%, purchaser_type_9","combined_loan_to_value_ratio_bin_(82.976, 27777.78]",0.0016500990059403564,0.64453125,2.9523251402885937
"derived_sex_male, purchaser_type_2","combined_loan_to_value_ratio_bin_(82.976, 27777.78]",0.012720763245794747,0.6443768996960486,2.9516181268074524
"applicant_age_missing, state_code_il",debt_to_income_ratio_missing,0.003420205212312739,0.9473684210526316,2.9488298177349987
"debt_to_income_ratio_50%-60%, loan_size_Large","combined_loan_to_value_ratio_bin_(82.976, 27777.78]",0.012010720643238595,0.6436227224008575,2.948163559493877
"applicant_age_missing, occupancy_type_2",debt_to_income_ratio_missing,0.0014200852051123067,0.9466666666666667,2.9466454993514914
"debt_to_income_ratio_30%-<36%, purchaser_type_2","combined_loan_to_value_ratio_bin_(82.976, 27777.78]",0.003580214812888773,0.6427289048473968,2.944069359198836
"derived_dwelling_category_multifamily:site-built, lien_status_1","loan_term_bin_(0.999, 300.0]",0.002610156609396564,0.6590909090909091,2.943507653579114
"derived_dwelling_category_single family (1-4 units):manufactured, derived_ethnicity_not hispanic or latino","loan_term_bin_(0.999, 300.0]",0.018301098065883953,0.6585102554875855,2.9409144478439315
"construction_method_2, derived_ethnicity_not hispanic or latino","loan_term_bin_(0.999, 300.0]",0.018301098065883953,0.6585102554875855,2.9409144478439315
"derived_dwelling_category_multifamily:site-built, derived_loan_product_type_conventional:first lien","loan_term_bin_(0.999, 300.0]",0.0026001560093605615,0.6582278481012658,2.9396532131772206
"combined_loan_to_value_ratio_bin_missing, state_code_ca",debt_to_income_ratio_missing,0.03164189851391083,0.9439140811455847,2.9380776538543687
"debt_to_income_ratio_>60%, loan_type_3","combined_loan_to_value_ratio_bin_(82.976, 27777.78]",0.0017701062063723823,0.6413043478260869,2.937544065804935
"debt_to_income_ratio_>60%, derived_loan_product_type_va:first lien","combined_loan_to_value_ratio_bin_(82.976, 27777.78]",0.0017701062063723823,0.6413043478260869,2.937544065804935
"loan_term_bin_missing, purchaser_type_2",debt_to_income_ratio_missing,0.002310138608316499,0.9428571428571428,2.93478777098388
"applicant_age_65-74, debt_to_income_ratio_20%-<30%","combined_loan_to_value_ratio_bin_(0.129, 68.474]",0.005930355821349281,0.6403887688984882,2.9333501858559514
"co_applicant_age_35-44, state_code_ca",income_bracket_Very High,0.0066704002240134406,0.6463178294573643,2.929376531536564
"derived_dwelling_category_multifamily:site-built, purchaser_type_0","loan_term_bin_(0.999, 300.0]",0.002420145208712523,0.6558265582655827,2.9289290248864974
"applicant_age_missing, lien_status_2",debt_to_income_ratio_missing,0.0030101806108366502,0.940625,2.9278398832684824
"loan_size_Small, reverse_mortgage_1",debt_to_income_ratio_missing,0.0019001140068404105,0.9405940594059407,2.9277435759140116
"applicant_age_missing, derived_loan_product_type_conventional:subordinate lien",debt_to_income_ratio_missing,0.003000180010800648,0.9404388714733543,2.9272605296219947
"purchaser_type_9, state_code_other","combined_loan_to_value_ratio_bin_(82.976, 27777.78]",0.006300378022681361,0.6389452332657201,2.9267379594673573
"debt_to_income_ratio_>60%, state_code_pa",income_bracket_Low,0.0010500630037802267,0.660377358490566,2.9265100861950746
"combined_loan_to_value_ratio_bin_missing, loan_term_bin_(360.0, 674.0]",debt_to_income_ratio_missing,0.004550273016380983,0.9400826446280992,2.9261517188153197
"combined_loan_to_value_ratio_bin_missing, interest_rate_bin_(3.99, 5.375]",debt_to_income_ratio_missing,0.035612136728203694,0.9400739176346358,2.9261245547068566
"combined_loan_to_value_ratio_bin_missing, purchaser_type_2",debt_to_income_ratio_missing,0.030331819909194552,0.9398822435698791,2.925527939720669
"applicant_age_missing, purchaser_type_71",debt_to_income_ratio_missing,0.0020301218073084386,0.9398148148148149,2.925318057356968
"co_applicant_age_65-74, construction_method_2","loan_term_bin_(0.999, 300.0]",0.0011000660039602375,0.6547619047619047,2.9241742699759667
"loan_purpose_2, loan_size_Large",income_bracket_Very High,0.0034102046122767367,0.6446124763705104,2.9216471744262904
"applicant_age_missing, loan_type_1",debt_to_income_ratio_missing,0.059813588815328916,0.9379018347185196,2.9193636127889073
"applicant_age_missing, derived_loan_product_type_conventional:first lien",debt_to_income_ratio_missing,0.05681340880452827,0.9377682403433476,2.918947779763197
"derived_dwelling_category_multifamily:site-built, state_code_other","loan_term_bin_(0.999, 300.0]",0.001320079204752285,0.6534653465346534,2.9183838258770045
"applicant_age_missing, income_bracket_Low",derived_race_race not available,0.0019501170070204213,0.7442748091603053,2.917519905412818
"applicant_age_missing, combined_loan_to_value_ratio_bin_(0.129, 68.474]",debt_to_income_ratio_missing,0.004330259815588935,0.9372294372294372,2.917270672258999
"derived_dwelling_category_single family (1-4 units):manufactured, derived_race_white","loan_term_bin_(0.999, 300.0]",0.018641118467108028,0.6531184302733006,2.916834493825298
"construction_method_2, derived_race_white","loan_term_bin_(0.999, 300.0]",0.018641118467108028,0.6531184302733006,2.916834493825298
"applicant_age_missing, state_code_pa",debt_to_income_ratio_missing,0.003250195011700702,0.9365994236311239,2.915309658103365
"co_applicant_age_65-74, derived_dwelling_category_single family (1-4 units):manufactured","loan_term_bin_(0.999, 300.0]",0.0010900654039242355,0.6526946107784432,2.914941711039734
"income_bracket_Low, preapproval_1","combined_loan_to_value_ratio_bin_(82.976, 27777.78]",0.004410264615876952,0.6363636363636364,2.9149127555907213
"debt_to_income_ratio_48, derived_race_black or african american","combined_loan_to_value_ratio_bin_(82.976, 27777.78]",0.001120067204032242,0.6363636363636364,2.9149127555907213
"applicant_age_55-64, debt_to_income_ratio_<20%","combined_loan_to_value_ratio_bin_(0.129, 68.474]",0.006150369022141329,0.6359875904860394,2.913190248422401
"derived_loan_product_type_conventional:subordinate lien, occupancy_type_2",income_bracket_Very High,0.0013300798047882873,0.642512077294686,2.9121273074519456
"lien_status_2, occupancy_type_2",income_bracket_Very High,0.0013300798047882873,0.642512077294686,2.9121273074519456
"combined_loan_to_value_ratio_bin_missing, state_code_az",debt_to_income_ratio_missing,0.009980598835930155,0.9353327085285849,2.911366812657037
"co_applicant_age_45-54, derived_dwelling_category_single family (1-4 units):manufactured","loan_term_bin_(0.999, 300.0]",0.0017001020061203672,0.6513409961685824,2.908896452473481
"co_applicant_age_45-54, construction_method_2","loan_term_bin_(0.999, 300.0]",0.0017001020061203672,0.6513409961685824,2.908896452473481
"applicant_age_>74, interest_rate_bin_(-0.001, 3.99]","combined_loan_to_value_ratio_bin_(0.129, 68.474]",0.004650279016741005,0.6343792633015006,2.905823181611097
"combined_loan_to_value_ratio_bin_missing, interest_rate_bin_(-0.001, 3.99]",debt_to_income_ratio_missing,0.034142048522911375,0.9332968835429197,2.905029994489983
"applicant_age_missing, loan_size_Small",debt_to_income_ratio_missing,0.021461287677260635,0.9330434782608695,2.9042412316020974
"derived_race_white, purchaser_type_2","combined_loan_to_value_ratio_bin_(82.976, 27777.78]",0.02069124147448847,0.6336906584992343,2.9026689741627316
"debt_to_income_ratio_>60%, loan_purpose_32",income_bracket_Low,0.0047602856171370285,0.6547455295735901,2.9015522285136313
"combined_loan_to_value_ratio_bin_missing, loan_size_Large",debt_to_income_ratio_missing,0.11144668680120808,0.9314610498161151,2.899315679854089
"co_applicant_age_missing, debt_to_income_ratio_>60%",income_bracket_Low,0.019051143068584114,0.6539649845520081,2.8980931867263564
debt_to_income_ratio_exempt,combined_loan_to_value_ratio_bin_missing,0.018081084865091905,1.0,2.897956817852485
"debt_to_income_ratio_exempt, interest_rate_bin_missing",combined_loan_to_value_ratio_bin_missing,0.018081084865091905,1.0,2.897956817852485
"debt_to_income_ratio_exempt, loan_type_1",combined_loan_to_value_ratio_bin_missing,0.017981078864731884,1.0,2.897956817852485
"debt_to_income_ratio_exempt, loan_term_bin_missing",combined_loan_to_value_ratio_bin_missing,0.01797107826469588,1.0,2.897956817852485
"debt_to_income_ratio_exempt, reverse_mortgage_1111",combined_loan_to_value_ratio_bin_missing,0.017881072864371864,1.0,2.897956817852485
"debt_to_income_ratio_exempt, preapproval_2",combined_loan_to_value_ratio_bin_missing,0.017551053063183792,1.0,2.897956817852485
"construction_method_1, debt_to_income_ratio_exempt",combined_loan_to_value_ratio_bin_missing,0.01704102246134768,1.0,2.897956817852485
"conforming_loan_limit_c, debt_to_income_ratio_exempt",combined_loan_to_value_ratio_bin_missing,0.016550993059583574,1.0,2.897956817852485
"debt_to_income_ratio_exempt, purchaser_type_0",combined_loan_to_value_ratio_bin_missing,0.01638098285897154,1.0,2.897956817852485
"debt_to_income_ratio_exempt, derived_dwelling_category_single family (1-4 units):site-built",combined_loan_to_value_ratio_bin_missing,0.016350981058863533,1.0,2.897956817852485
"debt_to_income_ratio_exempt, total_units_1",combined_loan_to_value_ratio_bin_missing,0.016090965457927476,1.0,2.897956817852485
"debt_to_income_ratio_exempt, lien_status_1",combined_loan_to_value_ratio_bin_missing,0.014970898253895235,1.0,2.897956817852485
"debt_to_income_ratio_exempt, derived_loan_product_type_conventional:first lien",combined_loan_to_value_ratio_bin_missing,0.014870892253535212,1.0,2.897956817852485
"debt_to_income_ratio_exempt, occupancy_type_1",combined_loan_to_value_ratio_bin_missing,0.012560753645218713,1.0,2.897956817852485
"debt_to_income_ratio_exempt, derived_ethnicity_not hispanic or latino",combined_loan_to_value_ratio_bin_missing,0.012400744044642678,1.0,2.897956817852485
"debt_to_income_ratio_exempt, derived_race_white",combined_loan_to_value_ratio_bin_missing,0.011880712842770567,1.0,2.897956817852485
"debt_to_income_ratio_exempt, state_code_other",combined_loan_to_value_ratio_bin_missing,0.011140668440106406,1.0,2.897956817852485
"co_applicant_age_missing, debt_to_income_ratio_exempt",combined_loan_to_value_ratio_bin_missing,0.010490629437766266,1.0,2.897956817852485
"debt_to_income_ratio_exempt, loan_size_Small",combined_loan_to_value_ratio_bin_missing,0.009780586835210112,1.0,2.897956817852485
"debt_to_income_ratio_exempt, loan_purpose_1",combined_loan_to_value_ratio_bin_missing,0.009040542432545953,1.0,2.897956817852485
"debt_to_income_ratio_exempt, occupancy_type_3",combined_loan_to_value_ratio_bin_missing,0.004770286217173031,1.0,2.897956817852485
"debt_to_income_ratio_exempt, derived_sex_male",combined_loan_to_value_ratio_bin_missing,0.004620277216632998,1.0,2.897956817852485
"debt_to_income_ratio_exempt, derived_race_race not available",combined_loan_to_value_ratio_bin_missing,0.004460267616056964,1.0,2.897956817852485
"debt_to_income_ratio_exempt, loan_size_Large",combined_loan_to_value_ratio_bin_missing,0.004390263415804948,1.0,2.897956817852485
"debt_to_income_ratio_exempt, income_bracket_Very High",combined_loan_to_value_ratio_bin_missing,0.004180250815048903,1.0,2.897956817852485
"debt_to_income_ratio_exempt, loan_size_Medium",combined_loan_to_value_ratio_bin_missing,0.003910234614076844,1.0,2.897956817852485
"loan_purpose_31, reverse_mortgage_1111",combined_loan_to_value_ratio_bin_missing,0.003860231613896834,1.0,2.897956817852485
"debt_to_income_ratio_exempt, loan_purpose_31",combined_loan_to_value_ratio_bin_missing,0.0038502310138608317,1.0,2.897956817852485
"debt_to_income_ratio_exempt, income_bracket_Low",combined_loan_to_value_ratio_bin_missing,0.0037602256135368124,1.0,2.897956817852485
"applicant_age_35-44, debt_to_income_ratio_exempt",combined_loan_to_value_ratio_bin_missing,0.003560213612816769,1.0,2.897956817852485
"applicant_age_45-54, reverse_mortgage_1111",combined_loan_to_value_ratio_bin_missing,0.003360201612096726,1.0,2.897956817852485
"applicant_age_missing, reverse_mortgage_1111",combined_loan_to_value_ratio_bin_missing,0.0033502010120607236,1.0,2.897956817852485
"applicant_age_45-54, debt_to_income_ratio_exempt",combined_loan_to_value_ratio_bin_missing,0.0033402004120247214,1.0,2.897956817852485
"applicant_age_missing, debt_to_income_ratio_exempt",combined_loan_to_value_ratio_bin_missing,0.0033402004120247214,1.0,2.897956817852485
"debt_to_income_ratio_exempt, income_bracket_High",combined_loan_to_value_ratio_bin_missing,0.0032401944116647,1.0,2.897956817852485
"debt_to_income_ratio_exempt, income_bracket_Medium",combined_loan_to_value_ratio_bin_missing,0.003170190211412685,1.0,2.897956817852485
"debt_to_income_ratio_exempt, derived_loan_product_type_conventional:subordinate lien",combined_loan_to_value_ratio_bin_missing,0.003110186611196672,1.0,2.897956817852485
"debt_to_income_ratio_exempt, lien_status_2",combined_loan_to_value_ratio_bin_missing,0.003110186611196672,1.0,2.897956817852485
"loan_purpose_5, loan_term_bin_(300.0, 360.0]",combined_loan_to_value_ratio_bin_missing,0.002890173410404624,1.0,2.897956817852485
"applicant_age_55-64, debt_to_income_ratio_exempt",combined_loan_to_value_ratio_bin_missing,0.0028001680100806048,1.0,2.897956817852485
"debt_to_income_ratio_exempt, derived_sex_female",combined_loan_to_value_ratio_bin_missing,0.002760165609936596,1.0,2.897956817852485
"purchaser_type_2, reverse_mortgage_1",combined_loan_to_value_ratio_bin_missing,0.002310138608316499,1.0,2.897956817852485
"applicant_age_25-34, debt_to_income_ratio_exempt",combined_loan_to_value_ratio_bin_missing,0.0022701362081724904,1.0,2.897956817852485
"applicant_age_25-34, reverse_mortgage_1111",combined_loan_to_value_ratio_bin_missing,0.002240134408064484,1.0,2.897956817852485
"debt_to_income_ratio_exempt, loan_purpose_2",combined_loan_to_value_ratio_bin_missing,0.002010120607236434,1.0,2.897956817852485
"co_applicant_age_35-44, debt_to_income_ratio_exempt",combined_loan_to_value_ratio_bin_missing,0.0019501170070204213,1.0,2.897956817852485
"co_applicant_age_45-54, debt_to_income_ratio_exempt",combined_loan_to_value_ratio_bin_missing,0.0017601056063363803,1.0,2.897956817852485
"applicant_age_65-74, debt_to_income_ratio_exempt",combined_loan_to_value_ratio_bin_missing,0.0016701002060123607,1.0,2.897956817852485
"debt_to_income_ratio_exempt, loan_purpose_4",combined_loan_to_value_ratio_bin_missing,0.001560093605616337,1.0,2.897956817852485
"debt_to_income_ratio_exempt, loan_purpose_32",combined_loan_to_value_ratio_bin_missing,0.0015500930055803348,1.0,2.897956817852485
"loan_purpose_4, reverse_mortgage_1111",combined_loan_to_value_ratio_bin_missing,0.0014700882052923175,1.0,2.897956817852485
"reverse_mortgage_1111, state_code_tx",combined_loan_to_value_ratio_bin_missing,0.0014200852051123067,1.0,2.897956817852485
"debt_to_income_ratio_exempt, state_code_tx",combined_loan_to_value_ratio_bin_missing,0.0014100846050763046,1.0,2.897956817852485
"co_applicant_age_25-34, debt_to_income_ratio_exempt",combined_loan_to_value_ratio_bin_missing,0.0014000840050403024,1.0,2.897956817852485
"co_applicant_age_25-34, reverse_mortgage_1111",combined_loan_to_value_ratio_bin_missing,0.001380082804968298,1.0,2.897956817852485
"co_applicant_age_55-64, debt_to_income_ratio_exempt",combined_loan_to_value_ratio_bin_missing,0.00125007500450027,1.0,2.897956817852485
"debt_to_income_ratio_exempt, state_code_pa",combined_loan_to_value_ratio_bin_missing,0.0011000660039602375,1.0,2.897956817852485
"reverse_mortgage_1111, state_code_pa",combined_loan_to_value_ratio_bin_missing,0.0010700642038522312,1.0,2.897956817852485
"construction_method_2, debt_to_income_ratio_exempt",combined_loan_to_value_ratio_bin_missing,0.0010400624037442247,1.0,2.897956817852485
"debt_to_income_ratio_exempt, derived_dwelling_category_single family (1-4 units):manufactured",combined_loan_to_value_ratio_bin_missing,0.0010300618037082225,1.0,2.897956817852485
"applicant_age_missing, purchaser_type_2",combined_loan_to_value_ratio_bin_missing,0.026831609896593795,0.9996274217585692,2.8968771021975472
"combined_loan_to_value_ratio_bin_missing, purchaser_type_8",debt_to_income_ratio_missing,0.0016100966057963479,0.930635838150289,2.896747081712062
"applicant_age_missing, loan_type_3",combined_loan_to_value_ratio_bin_missing,0.012030721843310598,0.9991694352159468,2.89554987697387
"applicant_age_missing, derived_loan_product_type_va:first lien",combined_loan_to_value_ratio_bin_missing,0.012030721843310598,0.9991694352159468,2.89554987697387
"reverse_mortgage_1111, state_code_other",combined_loan_to_value_ratio_bin_missing,0.011100666039962398,0.9990999099909992,2.8953483958742203
"conforming_loan_limit_nc, purchaser_type_6","combined_loan_to_value_ratio_bin_(68.474, 82.976]",0.0015800948056883413,0.632,2.8950574007054835
"interest_rate_bin_missing, reverse_mortgage_1111",combined_loan_to_value_ratio_bin_missing,0.0180510830649839,0.9988931931377976,2.8947493393601196
"derived_sex_female, purchaser_type_9","combined_loan_to_value_ratio_bin_(82.976, 27777.78]",0.0027801668100086007,0.631818181818182,2.8940919501936455
"combined_loan_to_value_ratio_bin_missing, derived_race_race not available",debt_to_income_ratio_missing,0.12681760905654338,0.9297602463523716,2.894021667665651
"applicant_age_>74, debt_to_income_ratio_>60%","combined_loan_to_value_ratio_bin_(0.129, 68.474]",0.0015100906054363262,0.6317991631799164,2.8940048338530717
"applicant_age_missing, derived_loan_product_type_fha:first lien",combined_loan_to_value_ratio_bin_missing,0.02399143948636918,0.9983354140657511,2.893132919695427
"loan_term_bin_missing, reverse_mortgage_1111",combined_loan_to_value_ratio_bin_missing,0.017991079464767887,0.9983351831298557,2.8931322504531742
"co_applicant_age_25-34, debt_to_income_ratio_49","combined_loan_to_value_ratio_bin_(82.976, 27777.78]",0.0010800648038882333,0.631578947368421,2.892996118330641
"applicant_age_missing, loan_type_2",combined_loan_to_value_ratio_bin_missing,0.02399143948636918,0.9979201331114808,2.891929453422675
"derived_sex_male, reverse_mortgage_1111",combined_loan_to_value_ratio_bin_missing,0.004610276616596996,0.9978354978354979,2.8916841840476097
"loan_size_Large, reverse_mortgage_1111",combined_loan_to_value_ratio_bin_missing,0.0043402604156249375,0.9977011494252873,2.891294848156272
"derived_ethnicity_not hispanic or latino, reverse_mortgage_1111",combined_loan_to_value_ratio_bin_missing,0.012410744644678682,0.9975884244372991,2.8909681760087893
"co_applicant_age_missing, reverse_mortgage_1111",combined_loan_to_value_ratio_bin_missing,0.010480628837730264,0.9971455756422455,2.889684819323886
"construction_method_1, reverse_mortgage_1111",combined_loan_to_value_ratio_bin_missing,0.01699101946116767,0.9970657276995304,2.8894534234339035
"income_bracket_High, reverse_mortgage_1111",combined_loan_to_value_ratio_bin_missing,0.0032701962117727065,0.9969512195121952,2.8891215836517157
"derived_dwelling_category_single family (1-4 units):site-built, reverse_mortgage_1111",combined_loan_to_value_ratio_bin_missing,0.01630097805868352,0.9969418960244647,2.889094564586881
"derived_ethnicity_not hispanic or latino, occupancy_type_2",income_bracket_Very High,0.010810648638918336,0.6373820754716981,2.8888760427303497
"income_bracket_Medium, reverse_mortgage_1111",combined_loan_to_value_ratio_bin_missing,0.003140188411304678,0.9968253968253968,2.8887569549386676
"lien_status_1, reverse_mortgage_1111",combined_loan_to_value_ratio_bin_missing,0.015010900654039242,0.99667994687915,2.8883354472752854
"loan_purpose_1, reverse_mortgage_1111",combined_loan_to_value_ratio_bin_missing,0.009000540032401944,0.9966777408637872,2.8883290543380244
"derived_loan_product_type_conventional:first lien, reverse_mortgage_1111",combined_loan_to_value_ratio_bin_missing,0.014910894653679221,0.9966577540106952,2.8882711333008393
"derived_sex_female, reverse_mortgage_1111",combined_loan_to_value_ratio_bin_missing,0.002750165009900594,0.9963768115942029,2.8874569743095413
reverse_mortgage_1111,combined_loan_to_value_ratio_bin_missing,0.0180510830649839,0.9961368653421634,2.8867616204325253
"loan_type_1, reverse_mortgage_1111",combined_loan_to_value_ratio_bin_missing,0.01795107706462388,0.9961154273029967,2.886699493920761
"derived_loan_product_type_fha:first lien, loan_purpose_5",combined_loan_to_value_ratio_bin_missing,0.002510150609036542,0.996031746031746,2.886456989210213
"preapproval_2, reverse_mortgage_1111",combined_loan_to_value_ratio_bin_missing,0.01754105246314779,0.9960249858035207,2.8864373983607376
"occupancy_type_1, reverse_mortgage_1111",combined_loan_to_value_ratio_bin_missing,0.012510750645038702,0.9960191082802549,2.8864203655521172
"loan_size_Small, reverse_mortgage_1111",combined_loan_to_value_ratio_bin_missing,0.009780586835210112,0.9959266802443991,2.8861525130954484
"occupancy_type_3, reverse_mortgage_1111",combined_loan_to_value_ratio_bin_missing,0.004780286817209032,0.9958333333333333,2.8858819977780996
"derived_race_white, reverse_mortgage_1111",combined_loan_to_value_ratio_bin_missing,0.011920715242914576,0.9958228905597327,2.8858517350711463
"conforming_loan_limit_c, reverse_mortgage_1111",combined_loan_to_value_ratio_bin_missing,0.01653099185951157,0.9957831325301205,2.8857365180181676
"purchaser_type_0, reverse_mortgage_1111",combined_loan_to_value_ratio_bin_missing,0.01634098045882753,0.9957343083485679,2.885595027648361
"reverse_mortgage_1111, total_units_1",combined_loan_to_value_ratio_bin_missing,0.01607096425785547,0.9956629491945476,2.8853882319014517
"derived_race_race not available, reverse_mortgage_1111",combined_loan_to_value_ratio_bin_missing,0.004410264615876952,0.9954853273137697,2.8848734913610516
"applicant_age_missing, loan_type_4",combined_loan_to_value_ratio_bin_missing,0.002070124207452447,0.9951923076923076,2.8840243331512707
"applicant_age_missing, derived_loan_product_type_fsa/rhs:first lien",combined_loan_to_value_ratio_bin_missing,0.002070124207452447,0.9951923076923076,2.8840243331512707
"loan_size_Medium, reverse_mortgage_1111",combined_loan_to_value_ratio_bin_missing,0.003930235814148849,0.9949367088607595,2.8832836187747506
"co_applicant_age_35-44, reverse_mortgage_1111",combined_loan_to_value_ratio_bin_missing,0.001930115806948417,0.9948453608247423,2.8830188961109773
"loan_purpose_5, occupancy_type_1",combined_loan_to_value_ratio_bin_missing,0.003820229213752825,0.9947916666666666,2.8828632927595033
"income_bracket_Low, reverse_mortgage_1111",combined_loan_to_value_ratio_bin_missing,0.003810228613716823,0.9947780678851176,2.8828238840777987
"applicant_age_35-44, reverse_mortgage_1111",combined_loan_to_value_ratio_bin_missing,0.0035402124127447646,0.9943820224719101,2.8816761615724147
"co_applicant_age_45-54, reverse_mortgage_1111",combined_loan_to_value_ratio_bin_missing,0.0017701062063723823,0.9943820224719101,2.8816761615724147
"applicant_age_65-74, reverse_mortgage_1111",combined_loan_to_value_ratio_bin_missing,0.0016500990059403564,0.9939759036144578,2.8804992466606025
"debt_to_income_ratio_>60%, loan_term_bin_(0.999, 300.0]",income_bracket_Low,0.009800588035282116,0.649867374005305,2.8799343288551
"derived_loan_product_type_conventional:subordinate lien, reverse_mortgage_1111",combined_loan_to_value_ratio_bin_missing,0.0030401824109446566,0.9934640522875816,2.8790159236181547
"lien_status_2, reverse_mortgage_1111",combined_loan_to_value_ratio_bin_missing,0.0030401824109446566,0.9934640522875816,2.8790159236181547
"debt_to_income_ratio_missing, interest_rate_bin_(-0.001, 3.99]",derived_race_race not available,0.028211692701562093,0.7342529932326913,2.878234889854943
"applicant_age_missing, purchaser_type_3",combined_loan_to_value_ratio_bin_missing,0.011290677440646438,0.9929639401934915,2.877566620365396
"debt_to_income_ratio_>60%, lien_status_1",income_bracket_Low,0.017421045262715762,0.6492732016399553,2.877301210990325
"applicant_age_65-74, interest_rate_bin_(-0.001, 3.99]","combined_loan_to_value_ratio_bin_(0.129, 68.474]",0.01282076924615477,0.6281234688878001,2.877168032430906
"income_bracket_Very High, reverse_mortgage_1111",combined_loan_to_value_ratio_bin_missing,0.004110246614796888,0.9927536231884058,2.876957130766597
"co_applicant_age_55-64, reverse_mortgage_1111",combined_loan_to_value_ratio_bin_missing,0.0012600756045362722,0.9921259842519686,2.8751382602315996
"loan_purpose_5, loan_type_2",combined_loan_to_value_ratio_bin_missing,0.002510150609036542,0.992094861660079,2.8750480683042436
"debt_to_income_ratio_missing, purchaser_type_3",combined_loan_to_value_ratio_bin_missing,0.01709102546152769,0.9918746372605918,2.8744098675042924
"applicant_age_missing, occupancy_type_1",combined_loan_to_value_ratio_bin_missing,0.07919475168510111,0.9918587174348699,2.8743637325368026
"applicant_age_65-74, loan_term_bin_missing",income_bracket_Low,0.0034502070124207453,0.6484962406015038,2.8738580518838313
"debt_to_income_ratio_20%-<30%, state_code_ca",income_bracket_Very High,0.0047602856171370285,0.6338215712383489,2.87273838248606
"loan_term_bin_(0.999, 300.0], purchaser_type_2","interest_rate_bin_(-0.001, 3.99]",0.0011400684041042463,0.6162162162162163,2.8726305046305045
"co_applicant_age_<25, loan_term_bin_(300.0, 360.0]","combined_loan_to_value_ratio_bin_(82.976, 27777.78]",0.005260315618937137,0.6269368295589989,2.871732539391779
"loan_purpose_2, reverse_mortgage_1111",combined_loan_to_value_ratio_bin_missing,0.0020301218073084386,0.9902439024390245,2.869684068410022
"applicant_age_55-64, reverse_mortgage_1111",combined_loan_to_value_ratio_bin_missing,0.0028001680100806048,0.989399293286219,2.867236427557229
"combined_loan_to_value_ratio_bin_(0.129, 68.474], debt_to_income_ratio_>60%",income_bracket_Low,0.009510570634238054,0.6469387755102041,2.8669560325459735
"loan_size_Small, purchaser_type_9","combined_loan_to_value_ratio_bin_(82.976, 27777.78]",0.003630217813068784,0.6258620689655172,2.8668095155354067
"co_applicant_age_25-34, debt_to_income_ratio_45","combined_loan_to_value_ratio_bin_(82.976, 27777.78]",0.001120067204032242,0.6256983240223465,2.8660594691841736
"derived_race_black or african american, purchaser_type_71","combined_loan_to_value_ratio_bin_(82.976, 27777.78]",0.0030701842110526633,0.6252545824847251,2.8640268768198625
"derived_race_white, occupancy_type_2",income_bracket_Very High,0.010090605436326179,0.6318096430807765,2.863619501868333
"debt_to_income_ratio_missing, income_bracket_High",combined_loan_to_value_ratio_bin_missing,0.05114306858411505,0.9880216383307574,2.8632440429864006
"loan_purpose_32, reverse_mortgage_1111",combined_loan_to_value_ratio_bin_missing,0.00162009720583235,0.9878048780487805,2.862615881049406
"co_applicant_age_45-54, purchaser_type_2","combined_loan_to_value_ratio_bin_(82.976, 27777.78]",0.002230133808028482,0.6246498599439776,2.861256898545034
"debt_to_income_ratio_missing, purchaser_type_1",combined_loan_to_value_ratio_bin_missing,0.01555093305598336,0.9873015873015875,2.8611573661972156
"debt_to_income_ratio_<20%, derived_race_asian",income_bracket_Very High,0.0014700882052923175,0.630901287553648,2.859502463404926
"debt_to_income_ratio_<20%, loan_purpose_2","combined_loan_to_value_ratio_bin_(0.129, 68.474]",0.00500030001800108,0.6242197253433208,2.8592866338057727
"applicant_age_missing, income_bracket_Medium",combined_loan_to_value_ratio_bin_missing,0.0029001740104406264,0.9863945578231292,2.858528833936125
"loan_term_bin_missing, loan_type_2",debt_to_income_ratio_missing,0.005730343820629238,0.9182692307692307,2.8582541155342707
"combined_loan_to_value_ratio_bin_missing, derived_race_asian",debt_to_income_ratio_missing,0.015610936656199371,0.918235294117647,2.858148482490272
"derived_loan_product_type_fha:first lien, loan_term_bin_missing",debt_to_income_ratio_missing,0.005720343220593236,0.9181380417335473,2.857845769497411
"applicant_age_missing, purchaser_type_1",combined_loan_to_value_ratio_bin_missing,0.012100726043562614,0.9861450692746537,2.8578058268960937
"loan_purpose_5, loan_size_Small",combined_loan_to_value_ratio_bin_missing,0.0028401704102246133,0.9861111111111109,2.857707417604533
"debt_to_income_ratio_30%-<36%, loan_type_3","combined_loan_to_value_ratio_bin_(82.976, 27777.78]",0.0033502010120607236,0.6238361266294228,2.857529530287792
"debt_to_income_ratio_30%-<36%, derived_loan_product_type_va:first lien","combined_loan_to_value_ratio_bin_(82.976, 27777.78]",0.0033502010120607236,0.6238361266294228,2.857529530287792
"co_applicant_age_25-34, debt_to_income_ratio_43","combined_loan_to_value_ratio_bin_(82.976, 27777.78]",0.001310078604716283,0.6238095238095239,2.857407674017844
"applicant_age_65-74, loan_type_2",income_bracket_Low,0.005150309018541113,0.6445556946182729,2.856395236999627
"applicant_age_65-74, derived_loan_product_type_fha:first lien",income_bracket_Low,0.005150309018541113,0.6445556946182729,2.856395236999627
"debt_to_income_ratio_missing, income_bracket_Very High",combined_loan_to_value_ratio_bin_missing,0.05253315198911935,0.9849990624414026,2.854484748580368
"conforming_loan_limit_c, loan_purpose_5",combined_loan_to_value_ratio_bin_missing,0.003910234614076844,0.9848866498740553,2.854158981814412
"loan_purpose_5, total_units_1",combined_loan_to_value_ratio_bin_missing,0.003910234614076844,0.9848866498740553,2.854158981814412
"debt_to_income_ratio_42, loan_purpose_31","combined_loan_to_value_ratio_bin_(0.129, 68.474]",0.0015200912054723283,0.6229508196721312,2.853474313435414
"debt_to_income_ratio_missing, income_bracket_Medium",combined_loan_to_value_ratio_bin_missing,0.05305318319099146,0.9844126925218037,2.852785473874083
"derived_dwelling_category_single family (1-4 units):site-built, loan_purpose_5",combined_loan_to_value_ratio_bin_missing,0.003740224413464808,0.9842105263157894,2.8521996049390244
"applicant_age_55-64, occupancy_type_2",income_bracket_Very High,0.00426025561533692,0.6292466765140325,2.8520030899893105
"combined_loan_to_value_ratio_bin_missing, conforming_loan_limit_nc",debt_to_income_ratio_missing,0.012460747644858692,0.9161764705882354,2.851740077821012
"combined_loan_to_value_ratio_bin_missing, purchaser_type_5",debt_to_income_ratio_missing,0.001310078604716283,0.9160839160839161,2.851451987701015
"applicant_age_>74, combined_loan_to_value_ratio_bin_missing",debt_to_income_ratio_missing,0.011120667240034403,0.9159802306425042,2.851129250828531
"purchaser_type_0, total_units_5-24","loan_term_bin_(0.999, 300.0]",0.0017301038062283738,0.6383763837638377,2.8509963429245726
"derived_race_race not available, reverse_mortgage_1",combined_loan_to_value_ratio_bin_missing,0.0018201092065523931,0.9837837837837837,2.850962923508931
"interest_rate_bin_(3.99, 5.375], purchaser_type_9","combined_loan_to_value_ratio_bin_(82.976, 27777.78]",0.0032801968118087083,0.6223908918406071,2.8509095207837687
"reverse_mortgage_1, state_code_ca",combined_loan_to_value_ratio_bin_missing,0.0017901074064443866,0.9835164835164835,2.8501882988768945
"applicant_age_missing, conforming_loan_limit_nc",debt_to_income_ratio_missing,0.00412024721483289,0.9155555555555556,2.84980738434933
"applicant_age_65-74, purchaser_type_1","combined_loan_to_value_ratio_bin_(0.129, 68.474]",0.005350321019261156,0.6220930232558141,2.849545110739435
"applicant_age_55-64, derived_dwelling_category_single family (1-4 units):manufactured","loan_term_bin_(0.999, 300.0]",0.004130247814868892,0.6373456790123457,2.8463932035355293
"applicant_age_55-64, construction_method_2","loan_term_bin_(0.999, 300.0]",0.004130247814868892,0.6373456790123457,2.8463932035355293
"construction_method_2, debt_to_income_ratio_missing","loan_term_bin_(0.999, 300.0]",0.009070544232653958,0.6369382022471909,2.844573407570594
"construction_method_2, reverse_mortgage_1111",combined_loan_to_value_ratio_bin_missing,0.001060063603816229,0.9814814814814815,2.8442909508552168
"combined_loan_to_value_ratio_bin_missing, interest_rate_bin_(-0.001, 3.99]",derived_race_race not available,0.026541592495549732,0.7255330781848005,2.844053260418321
"loan_type_1, reverse_mortgage_1",combined_loan_to_value_ratio_bin_missing,0.0010500630037802267,0.9813084112149532,2.8437894006963633
"derived_loan_product_type_conventional:first lien, reverse_mortgage_1",combined_loan_to_value_ratio_bin_missing,0.0010500630037802267,0.9813084112149532,2.8437894006963633
"derived_dwelling_category_single family (1-4 units):manufactured, reverse_mortgage_1111",combined_loan_to_value_ratio_bin_missing,0.0010500630037802267,0.9813084112149532,2.8437894006963633
"applicant_age_missing, derived_race_white",debt_to_income_ratio_missing,0.0029601776106566394,0.9135802469135803,2.843658932603161
"loan_purpose_5, purchaser_type_0",combined_loan_to_value_ratio_bin_missing,0.0036402184131047862,0.9811320754716981,2.8432783873269663
"loan_purpose_31, reverse_mortgage_1",combined_loan_to_value_ratio_bin_missing,0.005080304818289097,0.9806949806949807,2.8420117055387304
"co_applicant_age_65-74, interest_rate_bin_(-0.001, 3.99]","combined_loan_to_value_ratio_bin_(0.129, 68.474]",0.00634038042282537,0.6203522504892368,2.8415713667164795
"applicant_age_missing, loan_term_bin_missing",combined_loan_to_value_ratio_bin_missing,0.004510270616236974,0.9804347826086957,2.8412576627205883
"applicant_age_>74, purchaser_type_2",income_bracket_Low,0.0016600996059763587,0.640926640926641,2.840312822762743
"debt_to_income_ratio_missing, loan_type_4",combined_loan_to_value_ratio_bin_missing,0.002950177010620637,0.9800664451827242,2.8401902367657246
"debt_to_income_ratio_missing, derived_loan_product_type_fsa/rhs:first lien",combined_loan_to_value_ratio_bin_missing,0.002940176410584635,0.98,2.839997681495435
"applicant_age_missing, loan_purpose_5",combined_loan_to_value_ratio_bin_missing,0.0039002340140408425,0.9798994974874371,2.8397064295539423
"applicant_age_missing, income_bracket_Very High",combined_loan_to_value_ratio_bin_missing,0.0034002040122407345,0.9798270893371758,2.839496593861224
"debt_to_income_ratio_missing, loan_purpose_5",combined_loan_to_value_ratio_bin_missing,0.0038702322139328358,0.9797468354430379,2.839264021541548
"loan_purpose_5, state_code_other",combined_loan_to_value_ratio_bin_missing,0.0018001080064803888,0.9782608695652174,2.8349577565948225
"applicant_age_missing, purchaser_type_0",debt_to_income_ratio_missing,0.038672320339220356,0.9107395195478099,2.834816732067352
"co_applicant_age_<25, loan_size_Large","combined_loan_to_value_ratio_bin_(82.976, 27777.78]",0.001980118807128428,0.61875,2.83423213467705
"combined_loan_to_value_ratio_bin_missing, reverse_mortgage_2",debt_to_income_ratio_missing,0.291827509650579,0.9104836193447738,2.8340202033544375
"co_applicant_age_missing, loan_purpose_5",combined_loan_to_value_ratio_bin_missing,0.003930235814148849,0.9776119402985075,2.8330771876020564
"derived_ethnicity_not hispanic or latino, purchaser_type_2","combined_loan_to_value_ratio_bin_(82.976, 27777.78]",0.022481348880932856,0.6184319119669875,2.8327751078894616
"derived_race_race not available, loan_purpose_5",combined_loan_to_value_ratio_bin_missing,0.0039002340140408425,0.9774436090225566,2.8325893708332566
"debt_to_income_ratio_missing, reverse_mortgage_1",combined_loan_to_value_ratio_bin_missing,0.0064803888233294,0.9773755656108597,2.8323921839644197
"debt_to_income_ratio_missing, derived_dwelling_category_single family (1-4 units):manufactured","loan_term_bin_(0.999, 300.0]",0.008960537632257936,0.6341118188251946,2.831950746387071
"combined_loan_to_value_ratio_bin_(0.129, 68.474], construction_method_2","loan_term_bin_(0.999, 300.0]",0.002320139208352501,0.6338797814207651,2.830914464644394
"preapproval_2, total_units_5-24","loan_term_bin_(0.999, 300.0]",0.0018001080064803888,0.6338028169014085,2.8305707402072104
"interest_rate_bin_(-0.001, 3.99], purchaser_type_9","combined_loan_to_value_ratio_bin_(82.976, 27777.78]",0.002620157209432566,0.6179245283018868,2.830450997847864
"combined_loan_to_value_ratio_bin_(68.474, 82.976], debt_to_income_ratio_<20%",income_bracket_Very High,0.008810528631717903,0.6243798724309001,2.8299447449848345
"lien_status_1, loan_purpose_5",combined_loan_to_value_ratio_bin_missing,0.0037002220133207993,0.9762532981530343,2.8291399013335607
"derived_ethnicity_hispanic or latino, purchaser_type_71","combined_loan_to_value_ratio_bin_(82.976, 27777.78]",0.003940236414184851,0.6175548589341693,2.8287576987752323
"applicant_age_missing, purchaser_type_6",combined_loan_to_value_ratio_bin_missing,0.00162009720583235,0.9759036144578312,2.828126533084955
"debt_to_income_ratio_missing, interest_rate_bin_missing",combined_loan_to_value_ratio_bin_missing,0.19527171630297818,0.9757633301684074,2.827719995271982
"lien_status_2, purchaser_type_9",loan_size_Small,0.002620157209432566,0.9961977186311787,2.827447267372657
"derived_loan_product_type_conventional:subordinate lien, purchaser_type_9",loan_size_Small,0.0025401524091445485,0.996078431372549,2.827108701616947
"derived_sex_male, purchaser_type_9","combined_loan_to_value_ratio_bin_(82.976, 27777.78]",0.0035302118127087624,0.6171328671328671,2.826824732756936
"applicant_age_missing, income_bracket_High",combined_loan_to_value_ratio_bin_missing,0.002760165609936596,0.9752650176678445,2.826275907163554
"applicant_age_missing, derived_ethnicity_not hispanic or latino",debt_to_income_ratio_missing,0.003050183010980659,0.9077380952380952,2.82547433759496
"debt_to_income_ratio_missing, occupancy_type_1",combined_loan_to_value_ratio_bin_missing,0.2713162789767386,0.9746721753188432,2.824557875636354
"derived_dwelling_category_single family (1-4 units):manufactured, income_bracket_High","loan_term_bin_(0.999, 300.0]",0.0033201992119527173,0.6323809523809524,2.824220676747698
"construction_method_2, income_bracket_High","loan_term_bin_(0.999, 300.0]",0.0033201992119527173,0.6323809523809524,2.824220676747698
"derived_dwelling_category_single family (1-4 units):manufactured, derived_sex_male","loan_term_bin_(0.999, 300.0]",0.008420505230313818,0.6321321321321322,2.8231094426270844
"construction_method_2, derived_sex_male","loan_term_bin_(0.999, 300.0]",0.008420505230313818,0.6321321321321322,2.8231094426270844
"combined_loan_to_value_ratio_bin_missing, derived_dwelling_category_single family (1-4 units):site-built",debt_to_income_ratio_missing,0.2844370662239734,0.9068069504224453,2.822576006242552
total_units_5-24,"loan_term_bin_(0.999, 300.0]",0.0018001080064803888,0.631578947368421,2.8206389130485885
"loan_type_1, total_units_5-24","loan_term_bin_(0.999, 300.0]",0.0018001080064803888,0.631578947368421,2.8206389130485885
"conforming_loan_limit_missing, total_units_5-24","loan_term_bin_(0.999, 300.0]",0.0018001080064803888,0.631578947368421,2.8206389130485885
"occupancy_type_3, total_units_5-24","loan_term_bin_(0.999, 300.0]",0.0018001080064803888,0.631578947368421,2.8206389130485885
"applicant_age_missing, income_bracket_Low",combined_loan_to_value_ratio_bin_missing,0.0025501530091805507,0.9732824427480915,2.8205304906579527
"interest_rate_bin_missing, reverse_mortgage_1",combined_loan_to_value_ratio_bin_missing,0.002180130807848471,0.9732142857142857,2.8203329745171506
loan_purpose_5,combined_loan_to_value_ratio_bin_missing,0.003950237014220853,0.9729064039408867,2.819440746432836
"applicant_age_<25, derived_sex_female",income_bracket_Low,0.0039002340140408425,0.6362153344208809,2.819434326807373
"co_applicant_age_25-34, debt_to_income_ratio_missing",combined_loan_to_value_ratio_bin_missing,0.016450987059223553,0.9727971614429333,2.819124166391093
"applicant_age_25-34, debt_to_income_ratio_47","combined_loan_to_value_ratio_bin_(82.976, 27777.78]",0.0024001440086405183,0.6153846153846153,2.818816730681137
"loan_purpose_5, reverse_mortgage_2",combined_loan_to_value_ratio_bin_missing,0.003880232813968838,0.9724310776942356,2.8180632714956495
"loan_size_Large, reverse_mortgage_1",combined_loan_to_value_ratio_bin_missing,0.0021101266075964557,0.9723502304147466,2.8178289795708493
"debt_to_income_ratio_missing, loan_term_bin_missing",income_bracket_Low,0.00616036962217733,0.6357069143446853,2.8171812264218428
"combined_loan_to_value_ratio_bin_missing, construction_method_1",debt_to_income_ratio_missing,0.28501710102606154,0.9049917439349675,2.8169258970593973
"conforming_loan_limit_nc, debt_to_income_ratio_missing",income_bracket_Very High,0.008600516030961857,0.6213872832369941,2.816381107787145
"construction_method_1, loan_purpose_5",combined_loan_to_value_ratio_bin_missing,0.00375022501350081,0.9715025906735751,2.815372556203839
"debt_to_income_ratio_30%-<36%, derived_loan_product_type_fha:first lien","combined_loan_to_value_ratio_bin_(82.976, 27777.78]",0.004080244814688882,0.6144578313253012,2.814571524761437
"applicant_age_missing, loan_purpose_31",debt_to_income_ratio_missing,0.009050543032581956,0.9040959040959041,2.8141374578728664
"derived_dwelling_category_single family (1-4 units):manufactured, lien_status_2",loan_size_Small,0.001060063603816229,0.9906542056074765,2.8117134522299683
"construction_method_2, lien_status_2",loan_size_Small,0.001060063603816229,0.9906542056074765,2.8117134522299683
"derived_dwelling_category_single family (1-4 units):manufactured, derived_loan_product_type_conventional:subordinate lien",loan_size_Small,0.0010500630037802267,0.990566037735849,2.811463210733686
"construction_method_2, derived_loan_product_type_conventional:subordinate lien",loan_size_Small,0.0010500630037802267,0.990566037735849,2.811463210733686
"combined_loan_to_value_ratio_bin_(0.129, 68.474], derived_dwelling_category_single family (1-4 units):manufactured","loan_term_bin_(0.999, 300.0]",0.0022701362081724904,0.628808864265928,2.808267689745744
"debt_to_income_ratio_missing, occupancy_type_2",combined_loan_to_value_ratio_bin_missing,0.006550393023581415,0.9689349112426037,2.807931532090796
"debt_to_income_ratio_44, loan_purpose_1","combined_loan_to_value_ratio_bin_(82.976, 27777.78]",0.008170490229413765,0.6129032258064516,2.8074505341864553
"loan_size_Medium, purchaser_type_9","combined_loan_to_value_ratio_bin_(82.976, 27777.78]",0.0036402184131047862,0.6127946127946128,2.8069530239021763
"interest_rate_bin_(3.99, 5.375], loan_purpose_5",combined_loan_to_value_ratio_bin_missing,0.0015400924055443326,0.9685534591194969,2.806826100309954
"loan_purpose_4, loan_size_Large",income_bracket_Very High,0.004440266415984959,0.6192468619246863,2.8066798436813105
"debt_to_income_ratio_30%-<36%, loan_type_2","combined_loan_to_value_ratio_bin_(82.976, 27777.78]",0.004080244814688882,0.6126126126126127,2.806119358020412
"combined_loan_to_value_ratio_bin_missing, state_code_fl",debt_to_income_ratio_missing,0.02837170230213813,0.9014934858595487,2.8060370311296405
"debt_to_income_ratio_missing, derived_loan_product_type_fha:first lien",combined_loan_to_value_ratio_bin_missing,0.054923295397723865,0.9680944826370527,2.805496006283421
"loan_purpose_1, occupancy_type_2",income_bracket_Very High,0.010200612036722203,0.6189320388349514,2.805252936780987
"debt_to_income_ratio_missing, loan_type_2",combined_loan_to_value_ratio_bin_missing,0.05497329839790387,0.9679521042437049,2.805083399847704
"debt_to_income_ratio_30%-<36%, loan_purpose_31","combined_loan_to_value_ratio_bin_(0.129, 68.474]",0.007550453027181631,0.6123276561232766,2.8048140928259695
"applicant_age_25-34, debt_to_income_ratio_45","combined_loan_to_value_ratio_bin_(82.976, 27777.78]",0.002620157209432566,0.6121495327102804,2.803998184783865
"loan_purpose_31, loan_type_3",debt_to_income_ratio_missing,0.004780286817209032,0.9001883239171374,2.8019745139850656
"derived_loan_product_type_va:first lien, loan_purpose_31",debt_to_income_ratio_missing,0.004780286817209032,0.9001883239171374,2.8019745139850656
"derived_dwelling_category_multifamily:site-built, total_units_5-24","loan_term_bin_(0.999, 300.0]",0.001750105006300378,0.6272401433691757,2.801261764004348
"construction_method_1, total_units_5-24","loan_term_bin_(0.999, 300.0]",0.001750105006300378,0.6272401433691757,2.801261764004348
"interest_rate_bin_(5.375, 15.25], loan_term_bin_missing",income_bracket_Low,0.0014600876052563154,0.6320346320346321,2.8009072414319713
"loan_purpose_31, purchaser_type_1","combined_loan_to_value_ratio_bin_(0.129, 68.474]",0.00819049142948577,0.6111940298507462,2.7996214301830284
"debt_to_income_ratio_<20%, loan_term_bin_(0.999, 300.0]","combined_loan_to_value_ratio_bin_(0.129, 68.474]",0.010670640238414304,0.611111111111111,2.7992416144958514
"derived_sex_male, reverse_mortgage_1",combined_loan_to_value_ratio_bin_missing,0.0014000840050403024,0.9655172413793104,2.798027272409296
"derived_loan_product_type_conventional:subordinate lien, interest_rate_bin_(3.99, 5.375]","loan_term_bin_(0.999, 300.0]",0.015960957657459446,0.6263736263736264,2.7973918890399463
"interest_rate_bin_(3.99, 5.375], lien_status_2","loan_term_bin_(0.999, 300.0]",0.015960957657459446,0.6263736263736264,2.7973918890399463
"combined_loan_to_value_ratio_bin_missing, loan_size_Medium",debt_to_income_ratio_missing,0.10203612216733005,0.8983095615425252,2.796126577334887
"applicant_age_missing, loan_term_bin_(300.0, 360.0]",combined_loan_to_value_ratio_bin_missing,0.07660459627577655,0.9647355163727961,2.795761867096982
"interest_rate_bin_(5.375, 15.25], loan_purpose_5",combined_loan_to_value_ratio_bin_missing,0.0013600816048962938,0.9645390070921985,2.795192391687503
"co_applicant_age_35-44, debt_to_income_ratio_20%-<30%",income_bracket_Very High,0.008870532231933915,0.6159722222222221,2.7918378383142453
"derived_loan_product_type_conventional:first lien, total_units_5-24","loan_term_bin_(0.999, 300.0]",0.001750105006300378,0.625,2.7912572577043324
"lien_status_1, total_units_5-24","loan_term_bin_(0.999, 300.0]",0.001750105006300378,0.625,2.7912572577043324
"applicant_age_missing, total_units_5-24","loan_term_bin_(0.999, 300.0]",0.0015500930055803348,0.625,2.7912572577043324
"combined_loan_to_value_ratio_bin_missing, income_bracket_Very High",debt_to_income_ratio_missing,0.05253315198911935,0.8967224308637761,2.7911863891608535
"applicant_age_>74, debt_to_income_ratio_30%-<36%","combined_loan_to_value_ratio_bin_(0.129, 68.474]",0.0018501110066603996,0.6085526315789475,2.7875223015165034
"combined_loan_to_value_ratio_bin_missing, loan_purpose_31",debt_to_income_ratio_missing,0.04346260775646539,0.8951596292481977,2.78632192893523
"applicant_age_missing, total_units_2",debt_to_income_ratio_missing,0.0029001740104406264,0.8950617283950617,2.7860171974828263
"applicant_age_>74, loan_purpose_2","combined_loan_to_value_ratio_bin_(0.129, 68.474]",0.0021101266075964557,0.6080691642651296,2.7853077421679964
"debt_to_income_ratio_missing, loan_type_3",combined_loan_to_value_ratio_bin_missing,0.032501950117007024,0.9609698403311652,2.784849100538314
"debt_to_income_ratio_missing, derived_loan_product_type_va:first lien",combined_loan_to_value_ratio_bin_missing,0.032501950117007024,0.9609698403311652,2.784849100538314
"debt_to_income_ratio_missing, derived_loan_product_type_fsa/rhs:first lien",derived_race_race not available,0.00213012780766846,0.7100000000000001,2.783164373358423
"co_applicant_age_25-34, debt_to_income_ratio_44","combined_loan_to_value_ratio_bin_(82.976, 27777.78]",0.0013300798047882873,0.6073059360730593,2.7818117165226517
"combined_loan_to_value_ratio_bin_missing, interest_rate_bin_(5.375, 15.25]",derived_race_race not available,0.02930175810548633,0.7094430992736078,2.780981350455335
"co_applicant_age_missing, total_units_5-24","loan_term_bin_(0.999, 300.0]",0.0016300978058683521,0.6221374045801527,2.7784728733179
"debt_to_income_ratio_missing, state_code_az",combined_loan_to_value_ratio_bin_missing,0.009980598835930155,0.9586935638808837,2.7782525496799035
"co_applicant_age_55-64, debt_to_income_ratio_missing",combined_loan_to_value_ratio_bin_missing,0.013510810648638918,0.9581560283687944,2.7766947949778067
"debt_to_income_ratio_missing, loan_term_bin_(300.0, 360.0]",combined_loan_to_value_ratio_bin_missing,0.2383543012580755,0.9581122366940023,2.776567888595278
"applicant_age_25-34, debt_to_income_ratio_missing",combined_loan_to_value_ratio_bin_missing,0.03950237014220853,0.9580402619451855,2.776359308881231
"derived_dwelling_category_single family (1-4 units):manufactured, state_code_fl","loan_term_bin_(0.999, 300.0]",0.002070124207452447,0.6216216216216217,2.7761693806356607
"construction_method_2, state_code_fl","loan_term_bin_(0.999, 300.0]",0.002070124207452447,0.6216216216216217,2.7761693806356607
"debt_to_income_ratio_37, loan_purpose_31","combined_loan_to_value_ratio_bin_(0.129, 68.474]",0.0012000720043202592,0.606060606060606,2.7761073862768773
"applicant_age_missing, derived_sex_male",debt_to_income_ratio_missing,0.0014800888053283197,0.891566265060241,2.775137030612723
"derived_sex_female, purchaser_type_2","combined_loan_to_value_ratio_bin_(82.976, 27777.78]",0.007390443426605596,0.6057377049180328,2.774628312669435
"co_applicant_age_55-64, debt_to_income_ratio_<20%",income_bracket_Very High,0.002950177010620637,0.6120331950207469,2.7739845572887574
"debt_to_income_ratio_missing, loan_type_4",derived_race_race not available,0.00213012780766846,0.707641196013289,2.773917980091451
"derived_race_race not available, total_units_5-24","loan_term_bin_(0.999, 300.0]",0.0015900954057243434,0.62109375,2.7738118998436803
"debt_to_income_ratio_>60%, state_code_other",income_bracket_Low,0.012160729643778626,0.6258363355635614,2.773439041763108
"co_applicant_age_missing, reverse_mortgage_1",combined_loan_to_value_ratio_bin_missing,0.004450267016020961,0.956989247311828,2.7733135138588296
"applicant_age_25-34, debt_to_income_ratio_44","combined_loan_to_value_ratio_bin_(82.976, 27777.78]",0.0034802088125287516,0.6052173913043478,2.7722449760003185
"income_bracket_Low, reverse_mortgage_1",combined_loan_to_value_ratio_bin_missing,0.005050303018181091,0.956439393939394,2.7717200625293654
"co_applicant_age_25-34, preapproval_1","combined_loan_to_value_ratio_bin_(82.976, 27777.78]",0.002450147008820529,0.6049382716049382,2.7709664466726607
"debt_to_income_ratio_missing, derived_ethnicity_joint",combined_loan_to_value_ratio_bin_missing,0.004790287417245034,0.9560878243512974,2.770701229044591
"debt_to_income_ratio_missing, income_bracket_Low",combined_loan_to_value_ratio_bin_missing,0.05734344060643638,0.9559853284428143,2.7704042003278007
"co_applicant_age_<25, derived_dwelling_category_single family (1-4 units):site-built","combined_loan_to_value_ratio_bin_(82.976, 27777.78]",0.005540332419945197,0.6048034934497816,2.7703490849297965
"co_applicant_age_<25, construction_method_1","combined_loan_to_value_ratio_bin_(82.976, 27777.78]",0.005540332419945197,0.6048034934497816,2.7703490849297965
"applicant_age_65-74, debt_to_income_ratio_missing",combined_loan_to_value_ratio_bin_missing,0.02477148628917735,0.9556327160493827,2.7693823448381965
"debt_to_income_ratio_missing, derived_loan_product_type_conventional:subordinate lien",combined_loan_to_value_ratio_bin_missing,0.025551533091985518,0.9554973821989527,2.768990153183657
"applicant_age_>74, debt_to_income_ratio_missing",combined_loan_to_value_ratio_bin_missing,0.011120667240034403,0.9553264604810997,2.7684948294260856
"debt_to_income_ratio_missing, lien_status_2",combined_loan_to_value_ratio_bin_missing,0.025611536692201533,0.9552405818724357,2.7682459569265996
"applicant_age_missing, derived_dwelling_category_single family (1-4 units):manufactured",combined_loan_to_value_ratio_bin_missing,0.0023301398083885034,0.9549180327868854,2.767311223605037
"purchaser_type_9, reverse_mortgage_2","combined_loan_to_value_ratio_bin_(82.976, 27777.78]",0.00995059703582215,0.6041287188828173,2.7672582279417512
"occupancy_type_3, purchaser_type_5",derived_race_race not available,0.002230133808028482,0.7056962025316456,2.7662937032400086
"loan_term_bin_(300.0, 360.0], occupancy_type_2",income_bracket_Very High,0.011730703842230534,0.6103017689906347,2.7661370269444983
"income_bracket_High, purchaser_type_9","combined_loan_to_value_ratio_bin_(82.976, 27777.78]",0.00213012780766846,0.6033994334277621,2.7639176796232543
"debt_to_income_ratio_>60%, loan_purpose_31",income_bracket_Low,0.0032801968118087083,0.6235741444866919,2.7634139781865925
"debt_to_income_ratio_missing, loan_purpose_32",combined_loan_to_value_ratio_bin_missing,0.06934416064963898,0.9535203520352037,2.76326080514152
"co_applicant_age_45-54, debt_to_income_ratio_20%-<30%",income_bracket_Very High,0.007230433826029562,0.6096121416526138,2.7630113540210073
"debt_to_income_ratio_>60%, loan_size_Medium",income_bracket_Low,0.006780406824409464,0.6231617647058824,2.7615864873249425
"debt_to_income_ratio_missing, derived_race_joint",combined_loan_to_value_ratio_bin_missing,0.004250255015300918,0.952914798206278,2.7615059362944083
"preapproval_1, state_code_tx","combined_loan_to_value_ratio_bin_(82.976, 27777.78]",0.0012600756045362722,0.6028708133971291,2.761496294770157
"co_applicant_age_65-74, purchaser_type_1","combined_loan_to_value_ratio_bin_(0.129, 68.474]",0.00264015840950457,0.6027397260273971,2.760895838954812
"interest_rate_bin_(-0.001, 3.99], reverse_mortgage_1",combined_loan_to_value_ratio_bin_missing,0.0016100966057963479,0.9526627218934912,2.7607754300251486
"conforming_loan_limit_nc, derived_race_race not available",income_bracket_Very High,0.007540452427145628,0.6090468497576736,2.7604492201372866
"loan_term_bin_missing, occupancy_type_3",combined_loan_to_value_ratio_bin_missing,0.004990299417965078,0.9522900763358778,2.7596955192908204
"co_applicant_age_65-74, debt_to_income_ratio_missing",combined_loan_to_value_ratio_bin_missing,0.009330559833590015,0.9520408163265306,2.7589731745473145
"derived_dwelling_category_single family (1-4 units):site-built, reverse_mortgage_1",combined_loan_to_value_ratio_bin_missing,0.006320379222753365,0.9518072289156626,2.7582962483174254
"construction_method_1, reverse_mortgage_1",combined_loan_to_value_ratio_bin_missing,0.006320379222753365,0.9518072289156626,2.7582962483174254
"derived_dwelling_category_single family (1-4 units):site-built, occupancy_type_2",income_bracket_Very High,0.014890893453607217,0.6085002043318349,2.7579715996717207
"construction_method_1, occupancy_type_2",income_bracket_Very High,0.014890893453607217,0.6085002043318349,2.7579715996717207
"debt_to_income_ratio_missing, derived_race_white",combined_loan_to_value_ratio_bin_missing,0.12761765705942357,0.951674248638974,2.7579108772179555
"reverse_mortgage_1, total_units_1",combined_loan_to_value_ratio_bin_missing,0.0064403864231853914,0.9512555391432792,2.7566974751802076
"co_applicant_age_<25, loan_size_Medium","combined_loan_to_value_ratio_bin_(82.976, 27777.78]",0.0025801548092885575,0.6013986013986015,2.754752714074748
"co_applicant_age_>74, combined_loan_to_value_ratio_bin_missing",debt_to_income_ratio_missing,0.003920235214112847,0.8848758465011286,2.754312074553583
"co_applicant_age_missing, combined_loan_to_value_ratio_bin_missing",debt_to_income_ratio_missing,0.2203732223933436,0.8848022485444689,2.754082989601731
"derived_ethnicity_not hispanic or latino, purchaser_type_9","combined_loan_to_value_ratio_bin_(82.976, 27777.78]",0.006830409824589476,0.6012323943661972,2.753991389933739
reverse_mortgage_1,combined_loan_to_value_ratio_bin_missing,0.006500390023401404,0.9502923976608186,2.7539063327545543
"preapproval_2, reverse_mortgage_1",combined_loan_to_value_ratio_bin_missing,0.006500390023401404,0.9502923976608186,2.7539063327545543
"lien_status_1, reverse_mortgage_1",combined_loan_to_value_ratio_bin_missing,0.006500390023401404,0.9502923976608186,2.7539063327545543
"occupancy_type_1, reverse_mortgage_1",combined_loan_to_value_ratio_bin_missing,0.006500390023401404,0.9502923976608186,2.7539063327545543
"loan_term_bin_missing, reverse_mortgage_1",combined_loan_to_value_ratio_bin_missing,0.006500390023401404,0.9502923976608186,2.7539063327545543
"purchaser_type_0, reverse_mortgage_1",combined_loan_to_value_ratio_bin_missing,0.0028501710102606156,0.95,2.753058976959861
"occupancy_type_3, purchaser_type_6","combined_loan_to_value_ratio_bin_(68.474, 82.976]",0.0012200732043922634,0.6009852216748768,2.752985306526072
"conforming_loan_limit_c, reverse_mortgage_1",combined_loan_to_value_ratio_bin_missing,0.006260375622537352,0.9499241274658573,2.752839101632254
"co_applicant_age_35-44, debt_to_income_ratio_missing",combined_loan_to_value_ratio_bin_missing,0.017991079464767887,0.9498416050686379,2.7525999552886065
"debt_to_income_ratio_missing, derived_dwelling_category_single family (1-4 units):manufactured",combined_loan_to_value_ratio_bin_missing,0.013420805248314899,0.9497523000707714,2.7523411532611712
"co_applicant_age_missing, derived_dwelling_category_single family (1-4 units):manufactured",income_bracket_Low,0.016841010460627637,0.6209439528023598,2.751758093268887
"co_applicant_age_>74, interest_rate_bin_(-0.001, 3.99]","combined_loan_to_value_ratio_bin_(0.129, 68.474]",0.0018501110066603996,0.6006493506493507,2.75132071318512
"combined_loan_to_value_ratio_bin_missing, state_code_nc",debt_to_income_ratio_missing,0.010790647438846331,0.8837018837018836,2.7506579349069615
"co_applicant_age_>74, debt_to_income_ratio_missing",combined_loan_to_value_ratio_bin_missing,0.003920235214112847,0.9491525423728814,2.750603081351511
"debt_to_income_ratio_missing, derived_ethnicity_not hispanic or latino",combined_loan_to_value_ratio_bin_missing,0.14558873532411945,0.9490221642764016,2.7502252512579193
"loan_purpose_31, purchaser_type_2",debt_to_income_ratio_missing,0.005220313218793128,0.883248730964467,2.7492474273637635
"debt_to_income_ratio_missing, derived_sex_female",combined_loan_to_value_ratio_bin_missing,0.05040302418145089,0.9484380880692511,2.7485326236312617
"applicant_age_>74, loan_term_bin_(0.999, 300.0]","combined_loan_to_value_ratio_bin_(0.129, 68.474]",0.0043802628157689465,0.6000000000000001,2.7483463124141094
"debt_to_income_ratio_>60%, loan_type_2",income_bracket_Low,0.00199011940716443,0.6199376947040499,2.7472987876368005
"debt_to_income_ratio_>60%, derived_loan_product_type_fha:first lien",income_bracket_Low,0.00199011940716443,0.6199376947040499,2.7472987876368005
"co_applicant_age_35-44, loan_size_Large",income_bracket_Very High,0.025301518091085464,0.6059880239520958,2.7465853715468165
"debt_to_income_ratio_missing, purchaser_type_2",combined_loan_to_value_ratio_bin_missing,0.030331819909194552,0.9475164011246486,2.7458616146662256
"applicant_age_35-44, debt_to_income_ratio_missing",combined_loan_to_value_ratio_bin_missing,0.052433145988759325,0.9472448057813911,2.7450745430895354
"debt_to_income_ratio_missing, state_code_tx",combined_loan_to_value_ratio_bin_missing,0.030841850511030663,0.9471744471744471,2.744870646884847
"applicant_age_55-64, debt_to_income_ratio_missing",combined_loan_to_value_ratio_bin_missing,0.03583214992899574,0.9466314398943197,2.743297035235259
"combined_loan_to_value_ratio_bin_missing, state_code_oh",debt_to_income_ratio_missing,0.009650579034742085,0.8812785388127855,2.7431149014800207
"debt_to_income_ratio_missing, loan_term_bin_(360.0, 674.0]",combined_loan_to_value_ratio_bin_missing,0.004550273016380983,0.945945945945946,2.7413105033739726
"co_applicant_age_45-54, debt_to_income_ratio_missing",combined_loan_to_value_ratio_bin_missing,0.014660879652779167,0.9458064516129033,2.7409062548204797
"co_applicant_age_missing, construction_method_2",income_bracket_Low,0.016841010460627637,0.6184355490268086,2.7406419202883665
debt_to_income_ratio_exempt,interest_rate_bin_missing,0.018081084865091905,1.0,2.740537725765341
"combined_loan_to_value_ratio_bin_missing, debt_to_income_ratio_exempt",interest_rate_bin_missing,0.018081084865091905,1.0,2.740537725765341
"combined_loan_to_value_ratio_bin_missing, reverse_mortgage_1111",interest_rate_bin_missing,0.0180510830649839,1.0,2.740537725765341
"debt_to_income_ratio_exempt, loan_type_1",interest_rate_bin_missing,0.017981078864731884,1.0,2.740537725765341
"debt_to_income_ratio_exempt, loan_term_bin_missing",interest_rate_bin_missing,0.01797107826469588,1.0,2.740537725765341
"debt_to_income_ratio_exempt, reverse_mortgage_1111",interest_rate_bin_missing,0.017881072864371864,1.0,2.740537725765341
"debt_to_income_ratio_exempt, preapproval_2",interest_rate_bin_missing,0.017551053063183792,1.0,2.740537725765341
"construction_method_1, debt_to_income_ratio_exempt",interest_rate_bin_missing,0.01704102246134768,1.0,2.740537725765341
"conforming_loan_limit_c, debt_to_income_ratio_exempt",interest_rate_bin_missing,0.016550993059583574,1.0,2.740537725765341
"debt_to_income_ratio_exempt, purchaser_type_0",interest_rate_bin_missing,0.01638098285897154,1.0,2.740537725765341
"debt_to_income_ratio_exempt, derived_dwelling_category_single family (1-4 units):site-built",interest_rate_bin_missing,0.016350981058863533,1.0,2.740537725765341
"debt_to_income_ratio_exempt, total_units_1",interest_rate_bin_missing,0.016090965457927476,1.0,2.740537725765341
"debt_to_income_ratio_exempt, lien_status_1",interest_rate_bin_missing,0.014970898253895235,1.0,2.740537725765341
"debt_to_income_ratio_exempt, derived_loan_product_type_conventional:first lien",interest_rate_bin_missing,0.014870892253535212,1.0,2.740537725765341
"debt_to_income_ratio_exempt, occupancy_type_1",interest_rate_bin_missing,0.012560753645218713,1.0,2.740537725765341
"debt_to_income_ratio_exempt, derived_ethnicity_not hispanic or latino",interest_rate_bin_missing,0.012400744044642678,1.0,2.740537725765341
"debt_to_income_ratio_exempt, derived_race_white",interest_rate_bin_missing,0.011880712842770567,1.0,2.740537725765341
"debt_to_income_ratio_exempt, state_code_other",interest_rate_bin_missing,0.011140668440106406,1.0,2.740537725765341
"co_applicant_age_missing, debt_to_income_ratio_exempt",interest_rate_bin_missing,0.010490629437766266,1.0,2.740537725765341
"debt_to_income_ratio_exempt, loan_size_Small",interest_rate_bin_missing,0.009780586835210112,1.0,2.740537725765341
"debt_to_income_ratio_exempt, loan_purpose_1",interest_rate_bin_missing,0.009040542432545953,1.0,2.740537725765341
"debt_to_income_ratio_exempt, occupancy_type_3",interest_rate_bin_missing,0.004770286217173031,1.0,2.740537725765341
"debt_to_income_ratio_exempt, derived_sex_male",interest_rate_bin_missing,0.004620277216632998,1.0,2.740537725765341
"debt_to_income_ratio_exempt, derived_race_race not available",interest_rate_bin_missing,0.004460267616056964,1.0,2.740537725765341
"debt_to_income_ratio_exempt, loan_size_Large",interest_rate_bin_missing,0.004390263415804948,1.0,2.740537725765341
"debt_to_income_ratio_exempt, income_bracket_Very High",interest_rate_bin_missing,0.004180250815048903,1.0,2.740537725765341
"debt_to_income_ratio_exempt, loan_size_Medium",interest_rate_bin_missing,0.003910234614076844,1.0,2.740537725765341
"loan_purpose_31, reverse_mortgage_1111",interest_rate_bin_missing,0.003860231613896834,1.0,2.740537725765341
"debt_to_income_ratio_exempt, loan_purpose_31",interest_rate_bin_missing,0.0038502310138608317,1.0,2.740537725765341
"debt_to_income_ratio_exempt, income_bracket_Low",interest_rate_bin_missing,0.0037602256135368124,1.0,2.740537725765341
"applicant_age_35-44, debt_to_income_ratio_exempt",interest_rate_bin_missing,0.003560213612816769,1.0,2.740537725765341
"applicant_age_45-54, reverse_mortgage_1111",interest_rate_bin_missing,0.003360201612096726,1.0,2.740537725765341
"applicant_age_missing, reverse_mortgage_1111",interest_rate_bin_missing,0.0033502010120607236,1.0,2.740537725765341
"applicant_age_45-54, debt_to_income_ratio_exempt",interest_rate_bin_missing,0.0033402004120247214,1.0,2.740537725765341
"applicant_age_missing, debt_to_income_ratio_exempt",interest_rate_bin_missing,0.0033402004120247214,1.0,2.740537725765341
"income_bracket_High, reverse_mortgage_1111",interest_rate_bin_missing,0.0032801968118087083,1.0,2.740537725765341
"debt_to_income_ratio_exempt, income_bracket_High",interest_rate_bin_missing,0.0032401944116647,1.0,2.740537725765341
"debt_to_income_ratio_exempt, income_bracket_Medium",interest_rate_bin_missing,0.003170190211412685,1.0,2.740537725765341
"debt_to_income_ratio_exempt, derived_loan_product_type_conventional:subordinate lien",interest_rate_bin_missing,0.003110186611196672,1.0,2.740537725765341
"debt_to_income_ratio_exempt, lien_status_2",interest_rate_bin_missing,0.003110186611196672,1.0,2.740537725765341
"derived_loan_product_type_conventional:subordinate lien, reverse_mortgage_1111",interest_rate_bin_missing,0.003060183611016661,1.0,2.740537725765341
"lien_status_2, reverse_mortgage_1111",interest_rate_bin_missing,0.003060183611016661,1.0,2.740537725765341
"applicant_age_55-64, debt_to_income_ratio_exempt",interest_rate_bin_missing,0.0028001680100806048,1.0,2.740537725765341
"debt_to_income_ratio_exempt, derived_sex_female",interest_rate_bin_missing,0.002760165609936596,1.0,2.740537725765341
"applicant_age_25-34, debt_to_income_ratio_exempt",interest_rate_bin_missing,0.0022701362081724904,1.0,2.740537725765341
"applicant_age_25-34, reverse_mortgage_1111",interest_rate_bin_missing,0.002240134408064484,1.0,2.740537725765341
"loan_purpose_2, reverse_mortgage_1111",interest_rate_bin_missing,0.0020501230073804427,1.0,2.740537725765341
"debt_to_income_ratio_exempt, loan_purpose_2",interest_rate_bin_missing,0.002010120607236434,1.0,2.740537725765341
"co_applicant_age_35-44, debt_to_income_ratio_exempt",interest_rate_bin_missing,0.0019501170070204213,1.0,2.740537725765341
"co_applicant_age_45-54, reverse_mortgage_1111",interest_rate_bin_missing,0.0017801068064083846,1.0,2.740537725765341
"co_applicant_age_45-54, debt_to_income_ratio_exempt",interest_rate_bin_missing,0.0017601056063363803,1.0,2.740537725765341
"applicant_age_65-74, debt_to_income_ratio_exempt",interest_rate_bin_missing,0.0016701002060123607,1.0,2.740537725765341
"debt_to_income_ratio_exempt, loan_purpose_4",interest_rate_bin_missing,0.001560093605616337,1.0,2.740537725765341
"debt_to_income_ratio_exempt, loan_purpose_32",interest_rate_bin_missing,0.0015500930055803348,1.0,2.740537725765341
"loan_purpose_4, reverse_mortgage_1111",interest_rate_bin_missing,0.0014700882052923175,1.0,2.740537725765341
"reverse_mortgage_1111, state_code_tx",interest_rate_bin_missing,0.0014200852051123067,1.0,2.740537725765341
"debt_to_income_ratio_exempt, state_code_tx",interest_rate_bin_missing,0.0014100846050763046,1.0,2.740537725765341
"co_applicant_age_25-34, debt_to_income_ratio_exempt",interest_rate_bin_missing,0.0014000840050403024,1.0,2.740537725765341
"co_applicant_age_25-34, reverse_mortgage_1111",interest_rate_bin_missing,0.001380082804968298,1.0,2.740537725765341
"co_applicant_age_55-64, debt_to_income_ratio_exempt",interest_rate_bin_missing,0.00125007500450027,1.0,2.740537725765341
"debt_to_income_ratio_exempt, state_code_pa",interest_rate_bin_missing,0.0011000660039602375,1.0,2.740537725765341
"reverse_mortgage_1111, state_code_pa",interest_rate_bin_missing,0.0010700642038522312,1.0,2.740537725765341
"construction_method_2, debt_to_income_ratio_exempt",interest_rate_bin_missing,0.0010400624037442247,1.0,2.740537725765341
"debt_to_income_ratio_exempt, derived_dwelling_category_single family (1-4 units):manufactured",interest_rate_bin_missing,0.0010300618037082225,1.0,2.740537725765341
"debt_to_income_ratio_missing, total_units_1",combined_loan_to_value_ratio_bin_missing,0.29025741544492667,0.9454995602176108,2.7400168968091516
"applicant_age_<25, lien_status_2",loan_size_Small,0.0016600996059763587,0.9651162790697675,2.7392307118532635
"loan_term_bin_missing, reverse_mortgage_1111",interest_rate_bin_missing,0.01801108066483989,0.9994450610432852,2.7390168946189672
"applicant_age_55-64, debt_to_income_ratio_>60%",income_bracket_Low,0.005030301818109087,0.6179361179361179,2.73842865524305
"reverse_mortgage_1111, state_code_other",interest_rate_bin_missing,0.011100666039962398,0.9990999099909992,2.73807099513909
"debt_to_income_ratio_missing, state_code_ga",combined_loan_to_value_ratio_bin_missing,0.012600756045362722,0.9445277361319341,2.7372005925743115
"combined_loan_to_value_ratio_bin_missing, state_code_ga",debt_to_income_ratio_missing,0.012600756045362722,0.8792742498255408,2.7368762439550234
"applicant_age_<25, derived_loan_product_type_conventional:subordinate lien",loan_size_Small,0.00162009720583235,0.9642857142857142,2.7368733704489143
"loan_type_2, reverse_mortgage_1",combined_loan_to_value_ratio_bin_missing,0.0054103246194771686,0.944153577661431,2.73611629748376
"derived_loan_product_type_fha:first lien, reverse_mortgage_1",combined_loan_to_value_ratio_bin_missing,0.0054103246194771686,0.944153577661431,2.73611629748376
"debt_to_income_ratio_missing, derived_race_black or african american",combined_loan_to_value_ratio_bin_missing,0.021261275676540594,0.9440497335701599,2.7358153617914667
"construction_method_1, reverse_mortgage_1111",interest_rate_bin_missing,0.017011020661239676,0.9982394366197184,2.735712835403078
"derived_dwelling_category_single family (1-4 units):site-built, reverse_mortgage_1111",interest_rate_bin_missing,0.016320979258755527,0.998165137614679,2.735509216176781
"co_applicant_age_missing, reverse_mortgage_1111",interest_rate_bin_missing,0.010490629437766266,0.9980970504281637,2.7353226206734944
"construction_method_2, debt_to_income_ratio_missing",combined_loan_to_value_ratio_bin_missing,0.013440806448386904,0.9438202247191011,2.7351502550517837
"loan_size_Small, reverse_mortgage_1111",interest_rate_bin_missing,0.009800588035282116,0.9979633401221996,2.7349561825356763
"occupancy_type_3, reverse_mortgage_1111",interest_rate_bin_missing,0.004790287417245034,0.9979166666666667,2.7348282721699966
"derived_sex_male, reverse_mortgage_1111",interest_rate_bin_missing,0.004610276616596996,0.9978354978354979,2.734605825926022
"debt_to_income_ratio_missing, loan_purpose_4",combined_loan_to_value_ratio_bin_missing,0.014890893453607217,0.9435994930291509,2.7345105841459763
"derived_race_race not available, reverse_mortgage_1111",interest_rate_bin_missing,0.004420265215912955,0.9977426636568849,2.734351410357293
"loan_size_Large, reverse_mortgage_1111",interest_rate_bin_missing,0.0043402604156249375,0.9977011494252873,2.7342376390394434
"co_applicant_age_45-54, occupancy_type_3",income_bracket_Very High,0.0030101806108366502,0.6032064128256514,2.7339779731705276
"derived_ethnicity_not hispanic or latino, reverse_mortgage_1111",interest_rate_bin_missing,0.012410744644678682,0.9975884244372991,2.7339287119572253
"loan_size_Medium, reverse_mortgage_1",combined_loan_to_value_ratio_bin_missing,0.00250015000900054,0.9433962264150944,2.733921526275929
"applicant_age_>74, reverse_mortgage_1",combined_loan_to_value_ratio_bin_missing,0.0026601596095765746,0.9432624113475176,2.733533735988514
"debt_to_income_ratio_missing, derived_ethnicity_hispanic or latino",combined_loan_to_value_ratio_bin_missing,0.024081444886693202,0.9432040736388563,2.733364675827961
reverse_mortgage_1111,interest_rate_bin_missing,0.018071084265055902,0.9972406181015452,2.7329755355728316
"loan_type_1, reverse_mortgage_1111",interest_rate_bin_missing,0.01797107826469588,0.9972253052164262,2.7329335700334725
"applicant_age_35-44, reverse_mortgage_1111",interest_rate_bin_missing,0.003550213012780767,0.997191011235955,2.7328395860862247
"preapproval_2, reverse_mortgage_1111",interest_rate_bin_missing,0.01756105366321979,0.9971607041453718,2.732756528361123
"loan_term_bin_missing, purchaser_type_2",combined_loan_to_value_ratio_bin_missing,0.002310138608316499,0.9428571428571428,2.7323592854037715
"conforming_loan_limit_c, reverse_mortgage_1111",interest_rate_bin_missing,0.016550993059583574,0.9969879518072289,2.7322830940612284
"purchaser_type_0, reverse_mortgage_1111",interest_rate_bin_missing,0.016360981658899532,0.9969530773918341,2.732187519410175
"reverse_mortgage_1111, total_units_1",interest_rate_bin_missing,0.016090965457927476,0.996902106567534,2.732047831943267
"income_bracket_Medium, reverse_mortgage_1111",interest_rate_bin_missing,0.003140188411304678,0.9968253968253968,2.7318376060010063
"occupancy_type_1, reverse_mortgage_1111",interest_rate_bin_missing,0.012520751245074704,0.9968152866242038,2.7318098986132218
"lien_status_1, reverse_mortgage_1111",interest_rate_bin_missing,0.015010900654039242,0.99667994687915,2.731438994936106
"loan_purpose_1, reverse_mortgage_1111",interest_rate_bin_missing,0.009000540032401944,0.9966777408637872,2.731432949267781
"derived_race_white, reverse_mortgage_1111",interest_rate_bin_missing,0.011930715842950577,0.9966583124477861,2.731379704960778
"derived_loan_product_type_conventional:first lien, reverse_mortgage_1111",interest_rate_bin_missing,0.014910894653679221,0.9966577540106952,2.731378174542863
"derived_sex_female, reverse_mortgage_1111",interest_rate_bin_missing,0.002750165009900594,0.9963768115942029,2.7306082412516983
"construction_method_2, loan_term_bin_missing",combined_loan_to_value_ratio_bin_missing,0.0016300978058683521,0.9421965317919075,2.7304448630633242
"derived_ethnicity_not hispanic or latino, reverse_mortgage_1",combined_loan_to_value_ratio_bin_missing,0.00440026401584095,0.9421841541755888,2.7304089932657245
"applicant_age_<25, debt_to_income_ratio_missing",combined_loan_to_value_ratio_bin_missing,0.005540332419945197,0.9421768707482994,2.7303878862079536
"derived_dwelling_category_single family (1-4 units):manufactured, loan_term_bin_missing",combined_loan_to_value_ratio_bin_missing,0.00162009720583235,0.9418604651162791,2.7294709563494335
"applicant_age_65-74, reverse_mortgage_1",combined_loan_to_value_ratio_bin_missing,0.0025701542092525552,0.9413919413919414,2.7281131948281634
"derived_loan_product_type_conventional:subordinate lien, loan_size_Medium",income_bracket_Very High,0.012760765645938756,0.6018867924528302,2.7279969143562823
"co_applicant_age_45-54, loan_size_Large",income_bracket_Very High,0.017881072864371864,0.6018175698418041,2.727683169194151
"income_bracket_Very High, reverse_mortgage_1111",interest_rate_bin_missing,0.00412024721483289,0.9951690821256038,2.7272984130804843
"lien_status_2, loan_size_Medium",income_bracket_Very High,0.012760765645938756,0.6016030174446015,2.7267107300496547
"loan_size_Medium, reverse_mortgage_1111",interest_rate_bin_missing,0.003930235814148849,0.9949367088607595,2.7266615853817187
"co_applicant_age_35-44, reverse_mortgage_1111",interest_rate_bin_missing,0.001930115806948417,0.9948453608247423,2.7264112426428393
"income_bracket_Low, reverse_mortgage_1111",interest_rate_bin_missing,0.003810228613716823,0.9947780678851176,2.72622682380312
"debt_to_income_ratio_missing, loan_size_Medium",combined_loan_to_value_ratio_bin_missing,0.10203612216733005,0.9407154711414347,2.7261528132536332
"applicant_age_missing, combined_loan_to_value_ratio_bin_(82.976, 27777.78]",debt_to_income_ratio_missing,0.0013400804048242895,0.8758169934640523,2.7261150021616944
"co_applicant_age_<25, debt_to_income_ratio_missing",combined_loan_to_value_ratio_bin_missing,0.0022201332079924796,0.940677966101695,2.726044125268016
"loan_purpose_4, occupancy_type_2",income_bracket_Very High,0.0011600696041762506,0.6010362694300518,2.724141996436796
"applicant_age_65-74, reverse_mortgage_1111",interest_rate_bin_missing,0.0016500990059403564,0.9939759036144578,2.724028462357116
"debt_to_income_ratio_<20%, derived_loan_product_type_conventional:subordinate lien",income_bracket_Very High,0.0062503750225013505,0.6009615384615385,2.7238032851474516
"debt_to_income_ratio_<20%, lien_status_2",income_bracket_Very High,0.0062503750225013505,0.6009615384615385,2.7238032851474516
"debt_to_income_ratio_missing, derived_race_american indian or alaska native",combined_loan_to_value_ratio_bin_missing,0.0017201032061923715,0.9398907103825136,2.723762692189221
"applicant_age_65-74, derived_dwelling_category_single family (1-4 units):manufactured",income_bracket_Low,0.002440146408784527,0.614609571788413,2.7236868250935373
"applicant_age_65-74, construction_method_2",income_bracket_Low,0.002440146408784527,0.614609571788413,2.7236868250935373
"combined_loan_to_value_ratio_bin_missing, derived_loan_product_type_fsa/rhs:first lien",derived_race_race not available,0.0021401284077044625,0.6948051948051949,2.7236014994453197
"conforming_loan_limit_nc, loan_term_bin_(0.999, 300.0]",income_bracket_Very High,0.002180130807848471,0.6005509641873279,2.7219423947487837
"conforming_loan_limit_c, debt_to_income_ratio_missing",combined_loan_to_value_ratio_bin_missing,0.28526711602696164,0.9391874094560781,2.721724556474455
"debt_to_income_ratio_missing, state_code_fl",combined_loan_to_value_ratio_bin_missing,0.02837170230213813,0.9390930155577624,2.7214510070332674
"applicant_age_55-64, reverse_mortgage_1111",interest_rate_bin_missing,0.002810168610116607,0.9929328621908127,2.7211699679860804
"debt_to_income_ratio_missing, derived_sex_male",combined_loan_to_value_ratio_bin_missing,0.07787467248034882,0.9384188961195469,2.7194974380112438
"applicant_age_missing, loan_purpose_4",debt_to_income_ratio_missing,0.0015900954057243434,0.8736263736263736,2.719296361226322
"applicant_age_missing, derived_race_white",combined_loan_to_value_ratio_bin_missing,0.0030401824109446566,0.9382716049382716,2.719070594528257
"co_applicant_age_55-64, reverse_mortgage_1111",interest_rate_bin_missing,0.0012600756045362722,0.9921259842519686,2.7189586885545904
"derived_loan_product_type_conventional:subordinate lien, state_code_pa","loan_term_bin_(0.999, 300.0]",0.004730283817029022,0.6087516087516087,2.7186917537073856
"lien_status_2, state_code_pa","loan_term_bin_(0.999, 300.0]",0.004730283817029022,0.6087516087516087,2.7186917537073856
"applicant_age_missing, derived_ethnicity_not hispanic or latino",combined_loan_to_value_ratio_bin_missing,0.0031501890113406804,0.9375,2.7168345167367045
"debt_to_income_ratio_missing, loan_term_bin_missing",combined_loan_to_value_ratio_bin_missing,0.009080544832689962,0.9370485036119711,2.7155260997007806
"debt_to_income_ratio_missing, derived_dwelling_category_single family (1-4 units):site-built",combined_loan_to_value_ratio_bin_missing,0.2844370662239734,0.9368556276557198,2.7149671535083626
"combined_loan_to_value_ratio_bin_missing, loan_type_4",derived_race_race not available,0.0021401284077044625,0.6925566343042072,2.7147872551105454
"preapproval_1, state_code_ca",loan_size_Large,0.0015800948056883413,0.9028571428571429,2.7142173393920133
"debt_to_income_ratio_>60%, interest_rate_bin_missing",income_bracket_Low,0.02351141068464108,0.611920874544508,2.7117716685518323
"loan_size_Small, reverse_mortgage_1",combined_loan_to_value_ratio_bin_missing,0.0018901134068044082,0.9356435643564356,2.711454646406533
"combined_loan_to_value_ratio_bin_missing, occupancy_type_1",debt_to_income_ratio_missing,0.2713162789767386,0.8708631592463005,2.710695431771971
"derived_race_white, reverse_mortgage_1",combined_loan_to_value_ratio_bin_missing,0.004050243014580875,0.9353348729792148,2.7105600721253036
"applicant_age_missing, purchaser_type_71",combined_loan_to_value_ratio_bin_missing,0.0020201212072724363,0.9351851851851852,2.710126283362046
"applicant_age_45-54, debt_to_income_ratio_missing",combined_loan_to_value_ratio_bin_missing,0.042512550753045185,0.9351077870655522,2.7099019869535668
"applicant_age_missing, interest_rate_bin_(-0.001, 3.99]",combined_loan_to_value_ratio_bin_missing,0.025631537892273536,0.935060197008391,2.7097640730229546
"debt_to_income_ratio_missing, state_code_nc",combined_loan_to_value_ratio_bin_missing,0.010790647438846331,0.9350086655112653,2.7096147369695247
"debt_to_income_ratio_missing, loan_purpose_2",combined_loan_to_value_ratio_bin_missing,0.014050843050583035,0.9347970725216235,2.7090015496225828
"loan_purpose_32, reverse_mortgage_1111",interest_rate_bin_missing,0.00162009720583235,0.9878048780487805,2.7071165339877146
"applicant_age_<25, loan_term_bin_(0.999, 300.0]",income_bracket_Low,0.002810168610116607,0.6108695652173913,2.7071127151368475
"debt_to_income_ratio_missing, purchaser_type_0",combined_loan_to_value_ratio_bin_missing,0.22698361901714104,0.9339944858236287,2.7066756880292107
"debt_to_income_ratio_missing, loan_purpose_1",combined_loan_to_value_ratio_bin_missing,0.15283917035022102,0.9338832875038191,2.7063534401001847
"derived_sex_female, reverse_mortgage_1",combined_loan_to_value_ratio_bin_missing,0.0021001260075604535,0.9333333333333333,2.7047596966623195
"combined_loan_to_value_ratio_bin_missing, state_code_ny",debt_to_income_ratio_missing,0.008280496829809789,0.8688352570828961,2.7043832746069136
"income_bracket_Low, lien_status_2",loan_size_Small,0.026741604496269777,0.9522792022792023,2.7027960192077023
"combined_loan_to_value_ratio_bin_missing, lien_status_1",debt_to_income_ratio_missing,0.27284637078224694,0.8682770033734327,2.702645624134569
"derived_loan_product_type_conventional:subordinate lien, income_bracket_Low",loan_size_Small,0.026631597895873754,0.9520915266356811,2.7022633508673697
"conforming_loan_limit_c, debt_to_income_ratio_>60%",income_bracket_Low,0.02436146168770126,0.6096096096096095,2.701529130619717
"combined_loan_to_value_ratio_bin_missing, preapproval_2",debt_to_income_ratio_missing,0.29745784747084825,0.8678298418626365,2.7012537652050574
"combined_loan_to_value_ratio_bin_missing, income_bracket_High",debt_to_income_ratio_missing,0.05114306858411505,0.8678092652299338,2.701189717273214
"combined_loan_to_value_ratio_bin_missing, total_units_1",debt_to_income_ratio_missing,0.29025741544492667,0.8675793627070006,2.7004741103353718
"applicant_age_missing, state_code_az",combined_loan_to_value_ratio_bin_missing,0.0028401704102246133,0.9311475409836065,2.6984253648200185
"combined_loan_to_value_ratio_bin_missing, debt_to_income_ratio_20%-<30%","loan_term_bin_(0.999, 300.0]",0.002060123607416445,0.6041055718475072,2.697942498942369
"interest_rate_bin_(5.375, 15.25], reverse_mortgage_1",combined_loan_to_value_ratio_bin_missing,0.0017401044062643758,0.9304812834224598,2.696494579178248
"debt_to_income_ratio_>60%, derived_dwelling_category_single family (1-4 units):manufactured",interest_rate_bin_missing,0.004850291017461048,0.9837728194726166,2.6960665253472422
"construction_method_2, debt_to_income_ratio_>60%",interest_rate_bin_missing,0.004850291017461048,0.9837728194726166,2.6960665253472422
"loan_size_Large, total_units_5-24","loan_term_bin_(0.999, 300.0]",0.0013400804048242895,0.6036036036036037,2.695700702936076
"debt_to_income_ratio_missing, preapproval_2",combined_loan_to_value_ratio_bin_missing,0.29745784747084825,0.9297614954205871,2.6944086646308123
"reverse_mortgage_1, state_code_other",combined_loan_to_value_ratio_bin_missing,0.0023601416084965098,0.9291338582677166,2.6925897992645136
debt_to_income_ratio_missing,combined_loan_to_value_ratio_bin_missing,0.29845790747444845,0.9289961089494162,2.692190607688391
combined_loan_to_value_ratio_bin_missing,debt_to_income_ratio_missing,0.29845790747444845,0.864918127807564,2.692190607688391
"combined_loan_to_value_ratio_bin_missing, conforming_loan_limit_c",debt_to_income_ratio_missing,0.28526711602696164,0.864446330080611,2.690722064749591
"construction_method_1, debt_to_income_ratio_missing",combined_loan_to_value_ratio_bin_missing,0.28501710102606154,0.9283085241523077,2.6901980166377584
"interest_rate_bin_(3.99, 5.375], loan_purpose_2","loan_term_bin_(0.999, 300.0]",0.008980538832329939,0.602280348759222,2.689791031435
"construction_method_2, reverse_mortgage_1111",interest_rate_bin_missing,0.001060063603816229,0.9814814814814815,2.689787027140057
"debt_to_income_ratio_missing, loan_size_Large",combined_loan_to_value_ratio_bin_missing,0.11144668680120808,0.9280479680213192,2.6894429362215266
"derived_dwelling_category_single family (1-4 units):manufactured, reverse_mortgage_1111",interest_rate_bin_missing,0.0010500630037802267,0.9813084112149532,2.6893127215454276
"debt_to_income_ratio_missing, reverse_mortgage_2",combined_loan_to_value_ratio_bin_missing,0.291827509650579,0.9279422520431202,2.6891365758817494
"debt_to_income_ratio_missing, derived_race_asian",combined_loan_to_value_ratio_bin_missing,0.015610936656199371,0.9269596199524941,2.6862889505152787
"applicant_age_65-74, combined_loan_to_value_ratio_bin_missing",debt_to_income_ratio_missing,0.02477148628917735,0.862765586903518,2.6854904932865487
"debt_to_income_ratio_missing, lien_status_1",combined_loan_to_value_ratio_bin_missing,0.27284637078224694,0.9266064393424807,2.6852654483585567
"derived_loan_product_type_fsa/rhs:first lien, derived_race_race not available",debt_to_income_ratio_missing,0.00213012780766846,0.8623481781376519,2.6841912443485247
"combined_loan_to_value_ratio_bin_missing, state_code_tx",debt_to_income_ratio_missing,0.030841850511030663,0.8619340413638905,2.6829021799888206
"applicant_age_<25, derived_sex_male",income_bracket_Low,0.006580394823689421,0.6053357865685373,2.6825893743190177
"conforming_loan_limit_nc, loan_term_bin_missing",combined_loan_to_value_ratio_bin_missing,0.001120067204032242,0.9256198347107438,2.6824063107394904
"debt_to_income_ratio_missing, state_code_other",combined_loan_to_value_ratio_bin_missing,0.13730823849430965,0.9255763785897263,2.6822803767773102
"debt_to_income_ratio_missing, purchaser_type_8",combined_loan_to_value_ratio_bin_missing,0.0016100966057963479,0.9252873563218391,2.6814428027255754
"income_bracket_Very High, loan_type_3",loan_size_Large,0.007250435026101566,0.8917589175891759,2.6808532621433483
"derived_loan_product_type_va:first lien, income_bracket_Very High",loan_size_Large,0.007250435026101566,0.8917589175891759,2.6808532621433483
"debt_to_income_ratio_>60%, derived_race_black or african american",income_bracket_Low,0.0033502010120607236,0.6046931407942238,2.679741443032158
"loan_size_Large, loan_term_bin_missing",combined_loan_to_value_ratio_bin_missing,0.006810408624517471,0.9240162822252375,2.6777592848813327
"loan_term_bin_missing, state_code_il",interest_rate_bin_missing,0.001240074404464268,0.9763779527559057,2.675800614133089
"debt_to_income_ratio_>60%, derived_race_white",income_bracket_Low,0.014380862851771106,0.6036943744752309,2.6753153377626413
"applicant_age_missing, total_units_1",combined_loan_to_value_ratio_bin_missing,0.08586515190911455,0.9228288907996561,2.6743182758041097
"debt_to_income_ratio_>60%, loan_purpose_1",income_bracket_Low,0.00805048302898174,0.6034482758620691,2.674224733936879
"derived_race_race not available, loan_type_4",debt_to_income_ratio_missing,0.00213012780766846,0.8588709677419355,2.6733678925567967
"combined_loan_to_value_ratio_bin_missing, occupancy_type_2",debt_to_income_ratio_missing,0.006550393023581415,0.8584534731323722,2.6720683764170716
"debt_to_income_ratio_missing, state_code_il",combined_loan_to_value_ratio_bin_missing,0.009220553233193991,0.922,2.6719161860599914
"applicant_age_missing, construction_method_2",combined_loan_to_value_ratio_bin_missing,0.0023601416084965098,0.921875,2.6715539414577596
"combined_loan_to_value_ratio_bin_missing, purchaser_type_0",debt_to_income_ratio_missing,0.22698361901714104,0.8576880928088274,2.669686012523763
"applicant_age_missing, occupancy_type_3",debt_to_income_ratio_missing,0.017651059063543813,0.8572122389509471,2.668204844254039
"debt_to_income_ratio_missing, state_code_ca",combined_loan_to_value_ratio_bin_missing,0.03164189851391083,0.920570264765784,2.6677728750902707
"co_applicant_age_missing, debt_to_income_ratio_missing",combined_loan_to_value_ratio_bin_missing,0.2203732223933436,0.9200450920629618,2.6662509472755773
"applicant_age_missing, state_code_tx",combined_loan_to_value_ratio_bin_missing,0.01023061383683021,0.9199640287769785,2.6660160293732846
"derived_loan_product_type_conventional:subordinate lien, income_bracket_Medium",loan_size_Small,0.03403204192251535,0.9387586206896551,2.6644213765502363
"income_bracket_Medium, lien_status_2",loan_size_Small,0.03408204492269536,0.9385844120077115,2.663926930666149
"applicant_age_missing, loan_size_Medium",combined_loan_to_value_ratio_bin_missing,0.03235194111646699,0.919034090909091,2.663321109588861
"applicant_age_<25, debt_to_income_ratio_>60%",interest_rate_bin_missing,0.0010200612036722204,0.9714285714285716,2.6622366478863317
"debt_to_income_ratio_missing, state_code_pa",combined_loan_to_value_ratio_bin_missing,0.00977058623517411,0.918233082706767,2.66099982240778
"applicant_age_missing, state_code_fl",combined_loan_to_value_ratio_bin_missing,0.007880472828369702,0.9173457508731082,2.658428373070731
"debt_to_income_ratio_missing, state_code_oh",combined_loan_to_value_ratio_bin_missing,0.009650579034742085,0.9173003802281369,2.658296890900806
"debt_to_income_ratio_>60%, state_code_nc",interest_rate_bin_missing,0.0012900774046442787,0.9699248120300753,2.6581155385242785
"loan_purpose_31, loan_term_bin_missing",combined_loan_to_value_ratio_bin_missing,0.009380562833770026,0.9169110459433039,2.6571686169556505
"debt_to_income_ratio_missing, loan_size_Small",combined_loan_to_value_ratio_bin_missing,0.08497509850591035,0.9165138604249811,2.6560175904748746
"loan_purpose_1, loan_term_bin_missing",combined_loan_to_value_ratio_bin_missing,0.010200612036722203,0.9164420485175202,2.6558094826680456
"debt_to_income_ratio_>60%, loan_type_2",interest_rate_bin_missing,0.003110186611196672,0.9688473520249221,2.6551627187321527
"debt_to_income_ratio_>60%, derived_loan_product_type_fha:first lien",interest_rate_bin_missing,0.003110186611196672,0.9688473520249221,2.6551627187321527
"combined_loan_to_value_ratio_bin_missing, state_code_il",debt_to_income_ratio_missing,0.009220553233193991,0.8521256931608133,2.6523721886979725
"applicant_age_missing, loan_purpose_2",debt_to_income_ratio_missing,0.001320079204752285,0.8516129032258064,2.650776051211246
"combined_loan_to_value_ratio_bin_missing, interest_rate_bin_missing",debt_to_income_ratio_missing,0.19527171630297818,0.851585328623141,2.65069022102233
"applicant_age_missing, state_code_ga",combined_loan_to_value_ratio_bin_missing,0.004140248414904894,0.9139072847682119,2.648463846779092
"debt_to_income_ratio_missing, loan_type_1",combined_loan_to_value_ratio_bin_missing,0.20803248194891694,0.9138514255590213,2.6483019692029783
"applicant_age_missing, occupancy_type_2",combined_loan_to_value_ratio_bin_missing,0.0013700822049322959,0.9133333333333333,2.6468005603052696
"debt_to_income_ratio_>60%, loan_term_bin_missing",interest_rate_bin_missing,0.0010800648038882333,0.9642857142857142,2.6426613784165784
"applicant_age_missing, conforming_loan_limit_c",combined_loan_to_value_ratio_bin_missing,0.08528511710702642,0.911890504704876,2.642619305244439
"debt_to_income_ratio_>60%, state_code_oh",interest_rate_bin_missing,0.0010700642038522312,0.963963963963964,2.641779609521545
"applicant_age_missing, purchaser_type_8",combined_loan_to_value_ratio_bin_missing,0.001320079204752285,0.9103448275862068,2.638139999700193
"combined_loan_to_value_ratio_bin_missing, purchaser_type_6",derived_race_race not available,0.001680100806048363,0.672,2.6342062801364228
"loan_term_bin_missing, loan_type_2",combined_loan_to_value_ratio_bin_missing,0.005670340220413224,0.908653846153846,2.633239608529421
"derived_loan_product_type_fha:first lien, loan_term_bin_missing",combined_loan_to_value_ratio_bin_missing,0.005660339620377223,0.9085072231139647,2.6328147012913425
"debt_to_income_ratio_missing, derived_loan_product_type_conventional:first lien",combined_loan_to_value_ratio_bin_missing,0.18248094885693142,0.9083080292697497,2.6322374461324256
"combined_loan_to_value_ratio_bin_missing, loan_type_3",debt_to_income_ratio_missing,0.032501950117007024,0.8452535760728219,2.6309816680412683
"combined_loan_to_value_ratio_bin_missing, derived_loan_product_type_va:first lien",debt_to_income_ratio_missing,0.032501950117007024,0.8452535760728219,2.6309816680412683
"combined_loan_to_value_ratio_bin_missing, state_code_pa",debt_to_income_ratio_missing,0.00977058623517411,0.8444252376836646,2.6284033374923066
"interest_rate_bin_(5.375, 15.25], loan_term_bin_missing",debt_to_income_ratio_missing,0.0019501170070204213,0.8441558441558442,2.627564808732124
"applicant_age_55-64, combined_loan_to_value_ratio_bin_missing",debt_to_income_ratio_missing,0.03583214992899574,0.8440518256772673,2.6272410352302775
"loan_term_bin_missing, occupancy_type_3",interest_rate_bin_missing,0.005020301218073084,0.9580152671755725,2.625476981553819
"combined_loan_to_value_ratio_bin_missing, derived_ethnicity_joint",debt_to_income_ratio_missing,0.004790287417245034,0.8433098591549295,2.6249315503918447
"income_bracket_Very High, purchaser_type_2",loan_size_Large,0.004040242414544873,0.8725701943844493,2.6231670981083104
"applicant_age_missing, derived_dwelling_category_single family (1-4 units):site-built",combined_loan_to_value_ratio_bin_missing,0.0865651939116347,0.905060644081974,2.622826664087318
"combined_loan_to_value_ratio_bin_(68.474, 82.976], debt_to_income_ratio_missing",derived_race_race not available,0.006410384623077385,0.6684045881126173,2.620112445949785
"derived_race_black or african american, lien_status_2",loan_size_Small,0.010810648638918336,0.9231426131511529,2.620099414136311
"derived_loan_product_type_conventional:subordinate lien, derived_race_black or african american",loan_size_Small,0.010790647438846331,0.9230111206159111,2.6197262068878944
"debt_to_income_ratio_missing, derived_race_race not available",combined_loan_to_value_ratio_bin_missing,0.12681760905654338,0.9039777587681779,2.61968850920925
"combined_loan_to_value_ratio_bin_missing, derived_loan_product_type_conventional:first lien",debt_to_income_ratio_missing,0.18248094885693142,0.8414572284989624,2.6191649527323033
"combined_loan_to_value_ratio_bin_missing, derived_sex_male",debt_to_income_ratio_missing,0.07787467248034882,0.8413830361966504,2.61893401778826
"applicant_age_missing, loan_purpose_1",combined_loan_to_value_ratio_bin_missing,0.06481388883333,0.9036530953708869,2.6187476487035637
"applicant_age_missing, derived_sex_male",combined_loan_to_value_ratio_bin_missing,0.001500090005400324,0.9036144578313252,2.6186356787823657
"debt_to_income_ratio_missing, purchaser_type_6",combined_loan_to_value_ratio_bin_missing,0.0017801068064083846,0.9035532994923858,2.6184584445570676
"combined_loan_to_value_ratio_bin_missing, debt_to_income_ratio_>60%",interest_rate_bin_missing,0.00523031381882913,0.9543795620437957,2.615513194480426
"combined_loan_to_value_ratio_bin_missing, loan_type_1",debt_to_income_ratio_missing,0.20803248194891694,0.8402811439650993,2.61550420886058
"combined_loan_to_value_ratio_bin_missing, derived_race_joint",debt_to_income_ratio_missing,0.004250255015300918,0.8399209486166007,2.6143830454776147
"co_applicant_age_65-74, combined_loan_to_value_ratio_bin_missing",debt_to_income_ratio_missing,0.009330559833590015,0.8397839783978398,2.6139567046198784
"co_applicant_age_55-64, combined_loan_to_value_ratio_bin_missing",debt_to_income_ratio_missing,0.013510810648638918,0.8396519577377253,2.6135457700241584
"combined_loan_to_value_ratio_bin_(0.129, 68.474], derived_dwelling_category_multifamily:site-built",loan_size_Large,0.0014500870052203132,0.8682634730538922,2.6102200025419666
"conforming_loan_limit_nc, debt_to_income_ratio_missing",combined_loan_to_value_ratio_bin_missing,0.012460747644858692,0.9002890173410405,2.6089986958411826
"debt_to_income_ratio_>60%, income_bracket_Low",interest_rate_bin_missing,0.02351141068464108,0.9514366653176851,2.6074480749794886
"combined_loan_to_value_ratio_bin_missing, loan_purpose_4",debt_to_income_ratio_missing,0.014890893453607217,0.8374578177727785,2.606716172151633
"derived_loan_product_type_conventional:subordinate lien, state_code_il",loan_size_Small,0.0037102226133568015,0.9183168316831684,2.6064026927230772
"applicant_age_45-54, combined_loan_to_value_ratio_bin_missing",debt_to_income_ratio_missing,0.042512550753045185,0.8368110236220473,2.6047029259474863
"combined_loan_to_value_ratio_bin_missing, state_code_other",debt_to_income_ratio_missing,0.13730823849430965,0.8361753958587088,2.602724436840334
"lien_status_2, state_code_il",loan_size_Small,0.0037202232133928034,0.9162561576354679,2.60055400716985
"co_applicant_age_missing, conforming_loan_limit_missing",debt_to_income_ratio_missing,0.003300198011880713,0.8354430379746836,2.6004448603654633
"loan_purpose_2, state_code_oh",loan_size_Small,0.0037102226133568015,0.9160493827160494,2.5999671305188228
"derived_dwelling_category_multifamily:site-built, loan_size_Large",debt_to_income_ratio_missing,0.002890173410404624,0.8352601156069364,2.5998754863813227
"combined_loan_to_value_ratio_bin_missing, total_units_2",debt_to_income_ratio_missing,0.005440326419585175,0.8343558282208589,2.597060752906352
"conforming_loan_limit_missing, derived_race_race not available",debt_to_income_ratio_missing,0.0032701962117727065,0.8341836734693878,2.596524894782816
"debt_to_income_ratio_>60%, state_code_ga",interest_rate_bin_missing,0.0016000960057603456,0.9467455621301776,2.594591929718666
"co_applicant_age_missing, derived_dwelling_category_multifamily:site-built",debt_to_income_ratio_missing,0.0032001920115206912,0.8333333333333334,2.5938780804150454
"debt_to_income_ratio_>60%, loan_purpose_2",interest_rate_bin_missing,0.00773046382782967,0.9461444308445534,2.592944506752275
"debt_to_income_ratio_>60%, loan_size_Small",interest_rate_bin_missing,0.020201212072724364,0.9461358313817331,2.5929209395999946
"applicant_age_35-44, combined_loan_to_value_ratio_bin_missing",debt_to_income_ratio_missing,0.052433145988759325,0.8327509529860228,2.5920653320742213
"combined_loan_to_value_ratio_bin_missing, derived_loan_product_type_conventional:subordinate lien",debt_to_income_ratio_missing,0.025551533091985518,0.8319765548681212,2.5896548989099735
"conforming_loan_limit_missing, preapproval_2",debt_to_income_ratio_missing,0.0035102106126367583,0.8317535545023698,2.588960775997197
"derived_dwelling_category_multifamily:site-built, derived_race_race not available",debt_to_income_ratio_missing,0.0031601896113766827,0.8315789473684211,2.588417284456277
"applicant_age_missing, conforming_loan_limit_missing",debt_to_income_ratio_missing,0.0032001920115206912,0.8311688311688311,2.5871407347516295
"combined_loan_to_value_ratio_bin_missing, lien_status_2",debt_to_income_ratio_missing,0.025611536692201533,0.8306843983133312,2.5856328630332523
conforming_loan_limit_missing,debt_to_income_ratio_missing,0.0035302118127087624,0.8305882352941176,2.585333540856031
"conforming_loan_limit_missing, occupancy_type_3",debt_to_income_ratio_missing,0.0035302118127087624,0.8305882352941176,2.585333540856031
"debt_to_income_ratio_>60%, purchaser_type_0",interest_rate_bin_missing,0.0384223053383203,0.9425907752698723,2.5832055795854854
"conforming_loan_limit_missing, loan_type_1",debt_to_income_ratio_missing,0.0035102106126367583,0.8297872340425533,2.5828403013494494
"applicant_age_missing, interest_rate_bin_(3.99, 5.375]",combined_loan_to_value_ratio_bin_missing,0.029561773706422385,0.8911667169128731,2.582562663120876
"derived_dwelling_category_multifamily:site-built, preapproval_2",debt_to_income_ratio_missing,0.0034002040122407345,0.8292682926829269,2.5812250166081427
"income_bracket_Low, loan_purpose_2",loan_size_Small,0.018031081864911893,0.9092284417549167,2.5806076695194897
"combined_loan_to_value_ratio_bin_missing, loan_purpose_1",debt_to_income_ratio_missing,0.15283917035022102,0.8287062140765644,2.579475460556326
"applicant_age_missing, derived_dwelling_category_multifamily:site-built",debt_to_income_ratio_missing,0.0030901854111246674,0.8284182305630027,2.578579067608308
"lien_status_2, state_code_oh",loan_size_Small,0.006240374422465348,0.9082969432314412,2.5779638540343655
"combined_loan_to_value_ratio_bin_missing, derived_race_black or african american",debt_to_income_ratio_missing,0.021261275676540594,0.8282041293338528,2.5779126446259695
"derived_loan_product_type_conventional:subordinate lien, state_code_oh",loan_size_Small,0.006230373822429346,0.9081632653061226,2.5775844441264915
derived_dwelling_category_multifamily:site-built,debt_to_income_ratio_missing,0.003420205212312739,0.828087167070218,2.577548581603716
"conforming_loan_limit_missing, derived_dwelling_category_multifamily:site-built",debt_to_income_ratio_missing,0.003420205212312739,0.828087167070218,2.577548581603716
"conforming_loan_limit_missing, construction_method_1",debt_to_income_ratio_missing,0.003420205212312739,0.828087167070218,2.577548581603716
"derived_dwelling_category_multifamily:site-built, occupancy_type_3",debt_to_income_ratio_missing,0.003420205212312739,0.828087167070218,2.577548581603716
"construction_method_1, derived_dwelling_category_multifamily:site-built",debt_to_income_ratio_missing,0.003420205212312739,0.828087167070218,2.577548581603716
"debt_to_income_ratio_>60%, derived_ethnicity_hispanic or latino",interest_rate_bin_missing,0.006320379222753365,0.9404761904761905,2.5774104801840707
"applicant_age_25-34, lien_status_2",loan_size_Small,0.020021201272076326,0.9079365079365079,2.5769408525049866
"applicant_age_25-34, derived_loan_product_type_conventional:subordinate lien",loan_size_Small,0.019971198271896314,0.9077272727272727,2.5763469929633254
"applicant_age_>74, loan_term_bin_missing",combined_loan_to_value_ratio_bin_missing,0.0032001920115206912,0.8888888888888888,2.5759616158688754
"debt_to_income_ratio_missing, interest_rate_bin_(-0.001, 3.99]",combined_loan_to_value_ratio_bin_missing,0.034142048522911375,0.8885996876626757,2.5751235232036396
"derived_dwelling_category_multifamily:site-built, loan_type_1",debt_to_income_ratio_missing,0.0034002040122407345,0.8272506082725062,2.5749446637696805
"debt_to_income_ratio_missing, state_code_ny",combined_loan_to_value_ratio_bin_missing,0.008280496829809789,0.8884120171673819,2.5745796622122934
"debt_to_income_ratio_<20%, derived_dwelling_category_single family (1-4 units):manufactured",loan_size_Small,0.0016600996059763587,0.907103825136612,2.5745774996653625
"construction_method_2, debt_to_income_ratio_<20%",loan_size_Small,0.0016600996059763587,0.907103825136612,2.5745774996653625
"derived_sex_female, lien_status_2",loan_size_Small,0.030841850511030663,0.9062591830737585,2.572180203578593
"derived_loan_product_type_conventional:subordinate lien, derived_sex_female",loan_size_Small,0.030811848710922657,0.9061764705882354,2.5719454457721893
"derived_dwelling_category_multifamily:site-built, derived_race_race not available",loan_size_Large,0.003250195011700702,0.8552631578947368,2.571137761124596
"applicant_age_missing, derived_dwelling_category_multifamily:site-built",loan_size_Large,0.003190191411484689,0.8552278820375335,2.571031712959567
"conforming_loan_limit_missing, lien_status_1",debt_to_income_ratio_missing,0.003370202212132728,0.8259803921568627,2.5709909208819712
"applicant_age_missing, loan_purpose_32",combined_loan_to_value_ratio_bin_missing,0.011400684041042462,0.88715953307393,2.5709500173944226
"debt_to_income_ratio_missing, purchaser_type_3",derived_race_race not available,0.011300678040682442,0.6558328496807893,2.5708318621263415
"debt_to_income_ratio_>60%, state_code_az",interest_rate_bin_missing,0.001060063603816229,0.9380530973451328,2.570769902045364
"conforming_loan_limit_missing, derived_loan_product_type_conventional:first lien",debt_to_income_ratio_missing,0.003360201612096726,0.8255528255528255,2.5696600541114156
"debt_to_income_ratio_>60%, derived_sex_female",interest_rate_bin_missing,0.011880712842770567,0.9376479873717444,2.5696596828802094
"combined_loan_to_value_ratio_bin_missing, income_bracket_Medium",debt_to_income_ratio_missing,0.05305318319099146,0.8249105893329187,2.567660995167498
"applicant_age_missing, debt_to_income_ratio_missing",combined_loan_to_value_ratio_bin_missing,0.08674520471228274,0.8858251633986928,2.5670830716965334
"debt_to_income_ratio_>60%, loan_purpose_4",interest_rate_bin_missing,0.007520451227073625,0.9364881693648817,2.56648115787738
"combined_loan_to_value_ratio_bin_missing, loan_purpose_2",interest_rate_bin_missing,0.016210972658359503,0.9359122401847576,2.564902802231881
"applicant_age_missing, preapproval_2",combined_loan_to_value_ratio_bin_missing,0.09003540212412744,0.8849896785608964,2.5646618727146286
"applicant_age_missing, lien_status_1",combined_loan_to_value_ratio_bin_missing,0.08737524251455088,0.8849387217664338,2.5645142021247
"debt_to_income_ratio_exempt, derived_loan_product_type_conventional:subordinate lien",loan_size_Small,0.002810168610116607,0.9035369774919614,2.564453933391933
"debt_to_income_ratio_exempt, lien_status_2",loan_size_Small,0.002810168610116607,0.9035369774919614,2.564453933391933
"combined_loan_to_value_ratio_bin_missing, derived_sex_female",debt_to_income_ratio_missing,0.05040302418145089,0.8236639973851937,2.563780786133387
"derived_dwelling_category_multifamily:site-built, lien_status_1",debt_to_income_ratio_missing,0.0032601956117367043,0.8232323232323232,2.562437133985772
"combined_loan_to_value_ratio_bin_missing, derived_ethnicity_not hispanic or latino",debt_to_income_ratio_missing,0.14558873532411945,0.8231369444758566,2.5621402529468886
applicant_age_missing,combined_loan_to_value_ratio_bin_missing,0.09009540572434346,0.8838418522515452,2.5613355216357343
"derived_dwelling_category_multifamily:site-built, derived_loan_product_type_conventional:first lien",debt_to_income_ratio_missing,0.003250195011700702,0.8227848101265822,2.561044180662956
"debt_to_income_ratio_missing, derived_race_american indian or alaska native",interest_rate_bin_missing,0.0017101026061563695,0.9344262295081968,2.560830333911876
"derived_loan_product_type_conventional:subordinate lien, reverse_mortgage_1111",loan_size_Small,0.002760165609936596,0.9019607843137255,2.559980320361803
"lien_status_2, reverse_mortgage_1111",loan_size_Small,0.002760165609936596,0.9019607843137255,2.559980320361803
"co_applicant_age_>74, loan_term_bin_missing",combined_loan_to_value_ratio_bin_missing,0.001060063603816229,0.8833333333333334,2.5598618557696953
"applicant_age_missing, construction_method_1",combined_loan_to_value_ratio_bin_missing,0.08773526411584695,0.8828620307940022,2.5584960413625693
"loan_purpose_1, loan_term_bin_missing",interest_rate_bin_missing,0.010390623437406245,0.9335130278526506,2.5583276703236204
"derived_race_black or african american, loan_purpose_2",loan_size_Small,0.005930355821349281,0.9012158054711247,2.5578658923186866
"loan_term_bin_(0.999, 300.0], purchaser_type_5",debt_to_income_ratio_missing,0.0015200912054723283,0.8216216216216216,2.557423577663266
"applicant_age_missing, loan_size_Large",combined_loan_to_value_ratio_bin_missing,0.03859231553893234,0.8824605533958382,2.5573325771993463
"conforming_loan_limit_missing, loan_purpose_1",debt_to_income_ratio_missing,0.0016100966057963479,0.8214285714285715,2.556822679266259
"lien_status_1, loan_term_bin_missing",combined_loan_to_value_ratio_bin_missing,0.023351401084065044,0.8821307140158671,2.5563767169193627
"debt_to_income_ratio_>60%, derived_loan_product_type_conventional:first lien",interest_rate_bin_missing,0.019361161669700182,0.9325626204238922,2.55572304291026
"debt_to_income_ratio_>60%, derived_race_asian",interest_rate_bin_missing,0.002620157209432566,0.9323843416370107,2.555234463169108
"loan_purpose_2, state_code_il",loan_size_Small,0.002070124207452447,0.9,2.5544151457523205
"applicant_age_missing, derived_race_race not available",combined_loan_to_value_ratio_bin_missing,0.08632517951077065,0.8814459307668743,2.554392244634193
"debt_to_income_ratio_>60%, loan_type_1",interest_rate_bin_missing,0.03355201312078725,0.9319444444444445,2.554028908317422
"debt_to_income_ratio_>60%, derived_race_race not available",interest_rate_bin_missing,0.00773046382782967,0.9313253012048193,2.5523321229115763
"co_applicant_age_missing, derived_dwelling_category_multifamily:site-built",loan_size_Large,0.0032601956117367043,0.8489583333333334,2.5521838609624594
"debt_to_income_ratio_>60%, derived_loan_product_type_conventional:subordinate lien",interest_rate_bin_missing,0.014190851451087064,0.9311023622047243,2.551721150171272
"debt_to_income_ratio_>60%, lien_status_2",interest_rate_bin_missing,0.014190851451087064,0.9311023622047243,2.551721150171272
"derived_dwelling_category_multifamily:site-built, loan_purpose_1",debt_to_income_ratio_missing,0.0015400924055443326,0.8191489361702127,2.549726964152661
"applicant_age_missing, reverse_mortgage_2",combined_loan_to_value_ratio_bin_missing,0.08586515190911455,0.8788126919140226,2.5467612321475372
"loan_purpose_4, state_code_il",loan_size_Small,0.00199011940716443,0.8963963963963965,2.5441872572808397
"applicant_age_missing, state_code_other",combined_loan_to_value_ratio_bin_missing,0.04263255795347721,0.8778830313014827,2.544067115837138
"loan_size_Small, purchaser_type_5",derived_race_race not available,0.0013300798047882873,0.6487804878048781,2.543186957448782
"derived_dwelling_category_multifamily:site-built, lien_status_1",loan_size_Large,0.0033502010120607236,0.8459595959595959,2.5431688965902177
"derived_dwelling_category_multifamily:site-built, reverse_mortgage_2",loan_size_Large,0.0029101746104766286,0.8459302325581396,2.543080622765276
"derived_dwelling_category_multifamily:site-built, derived_loan_product_type_conventional:first lien",loan_size_Large,0.0033402004120247214,0.8455696202531645,2.5419965308037678
"conforming_loan_limit_missing, purchaser_type_0",debt_to_income_ratio_missing,0.003110186611196672,0.8162729658792651,2.5407750645955245
"combined_loan_to_value_ratio_bin_missing, derived_ethnicity_hispanic or latino",debt_to_income_ratio_missing,0.024081444886693202,0.816271186440678,2.540769525819429
"derived_loan_product_type_conventional:first lien, loan_term_bin_missing",combined_loan_to_value_ratio_bin_missing,0.01756105366321979,0.8766849725411882,2.5405951932845547
"applicant_age_missing, state_code_nc",combined_loan_to_value_ratio_bin_missing,0.002700162009720583,0.8766233766233766,2.540416690974581
"debt_to_income_ratio_missing, derived_dwelling_category_multifamily:site-built",loan_size_Large,0.002890173410404624,0.8450292397660818,2.54037201013678
"applicant_age_missing, income_bracket_Very High",loan_size_Large,0.002930175810548633,0.8443804034582133,2.5384214437917314
"derived_loan_product_type_conventional:subordinate lien, state_code_ga",loan_size_Small,0.004460267616056964,0.8937875751503007,2.5367827989435203
"lien_status_2, state_code_ga",loan_size_Small,0.004460267616056964,0.8937875751503007,2.5367827989435203
"co_applicant_age_missing, debt_to_income_ratio_>60%",interest_rate_bin_missing,0.026951617097025822,0.9251630621352558,2.535444274266253
"income_bracket_Low, loan_purpose_4",loan_size_Small,0.016290977458647517,0.8930921052631577,2.534808889151151
"lien_status_2, loan_term_bin_missing",loan_size_Small,0.00764045842750565,0.8925233644859811,2.5331946668675656
"derived_loan_product_type_conventional:subordinate lien, loan_term_bin_missing",loan_size_Small,0.007630457827469649,0.8923976608187135,2.5328378898102932
"debt_to_income_ratio_40, loan_purpose_2",loan_size_Small,0.0018201092065523931,0.892156862745098,2.5321544473143915
"preapproval_2, total_units_5-24",debt_to_income_ratio_missing,0.002310138608316499,0.8133802816901409,2.5317711404614456
"applicant_age_45-54, debt_to_income_ratio_>60%",interest_rate_bin_missing,0.008590515430925856,0.9236559139784946,2.531313877884331
"derived_loan_product_type_conventional:first lien, loan_term_bin_missing",interest_rate_bin_missing,0.018501110066603998,0.9236145781328009,2.5312005954397807
"derived_dwelling_category_multifamily:site-built, purchaser_type_0",debt_to_income_ratio_missing,0.003000180010800648,0.8130081300813008,2.530612761380532
"co_applicant_age_missing, total_units_5-24",debt_to_income_ratio_missing,0.00213012780766846,0.8129770992366412,2.5305161731071966
"debt_to_income_ratio_missing, purchaser_type_71",derived_race_race not available,0.0023301398083885034,0.6454293628808865,2.530050715900716
"debt_to_income_ratio_>60%, state_code_tx",interest_rate_bin_missing,0.0032401944116647,0.923076923076923,2.529727131475699
"debt_to_income_ratio_>60%, loan_purpose_32",interest_rate_bin_missing,0.0067104026241574495,0.922971114167813,2.529437158168561
"derived_race_race not available, total_units_5-24",debt_to_income_ratio_missing,0.0020801248074884494,0.8125,2.529031128404669
"co_applicant_age_45-54, combined_loan_to_value_ratio_bin_missing",debt_to_income_ratio_missing,0.014660879652779167,0.8121883656509695,2.5280611185962036
"debt_to_income_ratio_>60%, derived_race_black or african american",interest_rate_bin_missing,0.005110306618397104,0.9223826714801443,2.5278245087835542
"derived_race_black or african american, loan_purpose_4",loan_size_Small,0.0047202832169930195,0.8905660377358491,2.5276393056500948
"loan_term_bin_missing, state_code_pa",interest_rate_bin_missing,0.0014200852051123067,0.922077922077922,2.5269893315498595
"derived_dwelling_category_multifamily:site-built, loan_purpose_1",loan_size_Large,0.0015800948056883413,0.8404255319148936,2.52653209783831
"applicant_age_missing, state_code_ca",combined_loan_to_value_ratio_bin_missing,0.008220493229593775,0.8716861081654294,2.5261087001853046
"loan_purpose_31, loan_type_2",debt_to_income_ratio_missing,0.010280616837010221,0.8113654301499605,2.5254996053670085
"derived_loan_product_type_fha:first lien, loan_purpose_31",debt_to_income_ratio_missing,0.010280616837010221,0.8113654301499605,2.5254996053670085
"combined_loan_to_value_ratio_bin_missing, derived_race_white",debt_to_income_ratio_missing,0.12761765705942357,0.811355544252289,2.525468833991078
"combined_loan_to_value_ratio_bin_missing, loan_purpose_2",debt_to_income_ratio_missing,0.014050843050583035,0.8112009237875288,2.524987554029888
"debt_to_income_ratio_>60%, loan_size_Medium",interest_rate_bin_missing,0.010020601236074164,0.9209558823529411,2.523914339353742
"loan_size_Large, total_units_5-24",debt_to_income_ratio_missing,0.0018001080064803888,0.8108108108108109,2.523773267430855
total_units_5-24,debt_to_income_ratio_missing,0.002310138608316499,0.8105263157894737,2.5228877329510544
"loan_type_1, total_units_5-24",debt_to_income_ratio_missing,0.002310138608316499,0.8105263157894737,2.5228877329510544
"conforming_loan_limit_missing, total_units_5-24",debt_to_income_ratio_missing,0.002310138608316499,0.8105263157894737,2.5228877329510544
"occupancy_type_3, total_units_5-24",debt_to_income_ratio_missing,0.002310138608316499,0.8105263157894737,2.5228877329510544
"applicant_age_25-34, debt_to_income_ratio_>60%",interest_rate_bin_missing,0.005650339020341221,0.9201954397394136,2.5218303176830905
"conforming_loan_limit_c, debt_to_income_ratio_>60%",interest_rate_bin_missing,0.036772206332379945,0.9201701701701702,2.521761065475265
"derived_dwelling_category_multifamily:site-built, total_units_5-24",debt_to_income_ratio_missing,0.002260135608136488,0.8100358422939068,2.521361058812044
"construction_method_1, total_units_5-24",debt_to_income_ratio_missing,0.002260135608136488,0.8100358422939068,2.521361058812044
"combined_loan_to_value_ratio_bin_missing, interest_rate_bin_(5.375, 15.25]",debt_to_income_ratio_missing,0.03343200592035522,0.8094430992736078,2.519516055058837
derived_dwelling_category_multifamily:site-built,loan_size_Large,0.0034602076124567475,0.8377723970944311,2.518556102310761
"derived_dwelling_category_multifamily:site-built, occupancy_type_3",loan_size_Large,0.0034602076124567475,0.8377723970944311,2.518556102310761
"construction_method_1, derived_dwelling_category_multifamily:site-built",loan_size_Large,0.0034602076124567475,0.8377723970944311,2.518556102310761
"debt_to_income_ratio_>60%, occupancy_type_1",interest_rate_bin_missing,0.035842150529031745,0.9187387849269418,2.517838300216094
"applicant_age_35-44, debt_to_income_ratio_>60%",interest_rate_bin_missing,0.008690521431285876,0.9186046511627907,2.5174707015751387
"debt_to_income_ratio_missing, purchaser_type_9",derived_race_race not available,0.001130067804068244,0.6420454545454545,2.516785965024822
"debt_to_income_ratio_>60%, state_code_fl",interest_rate_bin_missing,0.004610276616596996,0.9183266932270916,2.5167089473661797
"debt_to_income_ratio_>60%, state_code_pa",interest_rate_bin_missing,0.0014600876052563154,0.918238993710692,2.516468603532955
"derived_dwelling_category_multifamily:site-built, loan_type_1",loan_size_Large,0.003440206412384743,0.8369829683698297,2.5161828795373924
"derived_dwelling_category_multifamily:site-built, preapproval_2",loan_size_Large,0.0034302058123487408,0.8365853658536586,2.5149875856283668
"applicant_age_55-64, debt_to_income_ratio_>60%",interest_rate_bin_missing,0.0074704482268936135,0.9176904176904176,2.514965210253943
"co_applicant_age_35-44, combined_loan_to_value_ratio_bin_missing",debt_to_income_ratio_missing,0.017991079464767887,0.8078132016165245,2.5144427480916027
"debt_to_income_ratio_>60%, loan_term_bin_(300.0, 360.0]",interest_rate_bin_missing,0.02245134708082485,0.9174499387004496,2.5143061685096812
"debt_to_income_ratio_missing, loan_purpose_31",combined_loan_to_value_ratio_bin_missing,0.04346260775646539,0.8671189146049482,2.5128731704682563
"income_bracket_Medium, loan_purpose_2",loan_size_Small,0.01730103806228374,0.8853633572159673,2.512872854629543
"derived_loan_product_type_conventional:first lien, total_units_5-24",debt_to_income_ratio_missing,0.002260135608136488,0.8071428571428572,2.512356197887715
"lien_status_1, total_units_5-24",debt_to_income_ratio_missing,0.002260135608136488,0.8071428571428572,2.512356197887715
"co_applicant_age_35-44, loan_term_bin_missing",interest_rate_bin_missing,0.00264015840950457,0.9166666666666665,2.512159581951562
"derived_loan_product_type_fsa/rhs:first lien, derived_race_race not available",combined_loan_to_value_ratio_bin_missing,0.0021401284077044625,0.8663967611336033,2.5107804008924366
"applicant_age_missing, total_units_5-24",debt_to_income_ratio_missing,0.002000120007200432,0.8064516129032256,2.5102045939500433
"derived_loan_product_type_conventional:subordinate lien, state_code_pa",loan_size_Small,0.006870412224733484,0.8841698841698842,2.5094854928240298
"lien_status_2, state_code_pa",loan_size_Small,0.006870412224733484,0.8841698841698842,2.5094854928240298
"combined_loan_to_value_ratio_bin_missing, derived_dwelling_category_multifamily:site-built",loan_size_Large,0.001060063603816229,0.8346456692913387,2.509156366277377
"debt_to_income_ratio_>60%, derived_sex_male",interest_rate_bin_missing,0.01407084425065504,0.9154196486662329,2.5087420820766653
"income_bracket_Low, loan_term_bin_(0.999, 300.0]",loan_size_Small,0.04979298757925475,0.8835847382431233,2.50782470880426
"debt_to_income_ratio_39, derived_loan_product_type_conventional:subordinate lien",loan_size_Small,0.0036402184131047862,0.883495145631068,2.507570423554058
"debt_to_income_ratio_39, lien_status_2",loan_size_Small,0.0036402184131047862,0.883495145631068,2.507570423554058
"combined_loan_to_value_ratio_bin_missing, purchaser_type_3",derived_race_race not available,0.011270676240574434,0.6396140749148694,2.507255078875591
"debt_to_income_ratio_>60%, reverse_mortgage_2",interest_rate_bin_missing,0.03839230353821229,0.9140476190476189,2.5049819831459863
"debt_to_income_ratio_>60%, preapproval_2",interest_rate_bin_missing,0.03737224233454007,0.9139153827341647,2.504619584540249
"combined_loan_to_value_ratio_bin_(68.474, 82.976], debt_to_income_ratio_>60%",interest_rate_bin_missing,0.009970598235894154,0.9138405132905592,2.5044144020055406
"combined_loan_to_value_ratio_bin_(0.129, 68.474], debt_to_income_ratio_>60%",interest_rate_bin_missing,0.0134308058483509,0.9136054421768708,2.50377018075024
"loan_term_bin_missing, state_code_pa",combined_loan_to_value_ratio_bin_missing,0.0013300798047882873,0.8636363636363636,2.502780888145328
debt_to_income_ratio_>60%,interest_rate_bin_missing,0.0384223053383203,0.9132398383646303,2.5027682297101115
"debt_to_income_ratio_>60%, total_units_1",interest_rate_bin_missing,0.037022221333279995,0.9131721756290083,2.502582797430511
"debt_to_income_ratio_missing, interest_rate_bin_(3.99, 5.375]",combined_loan_to_value_ratio_bin_missing,0.035612136728203694,0.8634820562560621,2.5023337120205382
"derived_race_race not available, loan_type_4",combined_loan_to_value_ratio_bin_missing,0.0021401284077044625,0.8629032258064516,2.500656286372709
"loan_term_bin_missing, state_code_ca",combined_loan_to_value_ratio_bin_missing,0.002440146408784527,0.862190812720848,2.4985917440141563
"purchaser_type_0, total_units_5-24",debt_to_income_ratio_missing,0.0021701302078124688,0.8007380073800738,2.492420118598073
"derived_race_race not available, purchaser_type_5",debt_to_income_ratio_missing,0.00273016380982859,0.8005865102639297,2.491948560539498
"derived_sex_female, loan_purpose_2",loan_size_Small,0.01787107226433586,0.8777013752455797,2.4911263181943886
"derived_dwelling_category_multifamily:site-built, loan_purpose_31",loan_size_Large,0.0011600696041762506,0.8285714285714286,2.49089565956862
"co_applicant_age_25-34, combined_loan_to_value_ratio_bin_missing",debt_to_income_ratio_missing,0.016450987059223553,0.8000972762645914,2.490425744523005
"income_bracket_Medium, loan_purpose_4",loan_size_Small,0.015560933656019361,0.8771138669673056,2.489458829256302
"applicant_age_missing, state_code_oh",combined_loan_to_value_ratio_bin_missing,0.0031001860111606696,0.8587257617728532,2.4885501759952087
"applicant_age_25-34, combined_loan_to_value_ratio_bin_missing",debt_to_income_ratio_missing,0.03950237014220853,0.7991098523164071,2.4873522357206785
"combined_loan_to_value_ratio_bin_missing, total_units_3",debt_to_income_ratio_missing,0.0012700762045722742,0.7987421383647798,2.4862076695298923
"derived_dwelling_category_multifamily:site-built, loan_term_bin_(0.999, 300.0]",loan_size_Large,0.002290137408244495,0.8267148014440434,2.485314167987363
"loan_purpose_1, total_units_5-24",debt_to_income_ratio_missing,0.0010300618037082225,0.7984496124031006,2.48529713751395
"debt_to_income_ratio_>60%, state_code_other",interest_rate_bin_missing,0.017621057263435807,0.9068450849202265,2.485243166648755
"applicant_age_missing, interest_rate_bin_missing",combined_loan_to_value_ratio_bin_missing,0.006780406824409464,0.8571428571428572,2.4839629867307016
"income_bracket_High, lien_status_2",loan_size_Small,0.040622437346240776,0.8741123305358296,2.4809397513439797
"debt_to_income_ratio_>60%, loan_term_bin_(0.999, 300.0]",interest_rate_bin_missing,0.013650819049142948,0.9051724137931034,2.4806591483220757
"derived_loan_product_type_conventional:subordinate lien, income_bracket_High",loan_size_Small,0.040562433746024765,0.8739495798319329,2.480477825940629
"debt_to_income_ratio_>60%, loan_purpose_31",interest_rate_bin_missing,0.0047602856171370285,0.9049429657794676,2.480030337384605
"debt_to_income_ratio_>60%, derived_ethnicity_not hispanic or latino",interest_rate_bin_missing,0.024591475488529312,0.9047093451066961,2.479390091117356
"debt_to_income_ratio_>60%, derived_dwelling_category_single family (1-4 units):site-built",interest_rate_bin_missing,0.03357201432085925,0.9041206571505521,2.4777767695648394
"construction_method_1, debt_to_income_ratio_>60%",interest_rate_bin_missing,0.03357201432085925,0.9038772213247173,2.4771096245003363
"co_applicant_age_55-64, debt_to_income_ratio_>60%",interest_rate_bin_missing,0.0025301518091085467,0.9035714285714287,2.476271587923683
"combined_loan_to_value_ratio_bin_missing, occupancy_type_3",debt_to_income_ratio_missing,0.020591235474128448,0.7952877558903051,2.4754553731516005
"debt_to_income_ratio_>60%, lien_status_1",interest_rate_bin_missing,0.024231453887233235,0.9030935519940366,2.4749619491350807
"debt_to_income_ratio_40, derived_loan_product_type_conventional:subordinate lien",loan_size_Small,0.003810228613716823,0.8718535469107551,2.4745287834519045
"loan_purpose_2, state_code_pa",loan_size_Small,0.00435026101566094,0.871743486973948,2.474216407041326
"co_applicant_age_<25, debt_to_income_ratio_missing",interest_rate_bin_missing,0.00213012780766846,0.902542372881356,2.4734514219831256
"co_applicant_age_25-34, lien_status_2",loan_size_Small,0.00847050823049383,0.8713991769547326,2.473239172899195
"derived_dwelling_category_multifamily:site-built, interest_rate_bin_(3.99, 5.375]",loan_size_Large,0.0010200612036722204,0.8225806451612904,2.4728858466796364
"co_applicant_age_25-34, derived_loan_product_type_conventional:subordinate lien",loan_size_Small,0.008460507630457827,0.8712667353244079,2.472863271892051
"construction_method_2, loan_term_bin_missing",interest_rate_bin_missing,0.001560093605616337,0.9017341040462428,2.4712363307479372
"loan_type_3, state_code_ca",loan_size_Large,0.004110246614796888,0.822,2.4711402801996267
"derived_loan_product_type_va:first lien, state_code_ca",loan_size_Large,0.004110246614796888,0.822,2.4711402801996267
"applicant_age_missing, derived_loan_product_type_conventional:subordinate lien",combined_loan_to_value_ratio_bin_missing,0.0027201632097925877,0.8526645768025078,2.4709851236861313
"combined_loan_to_value_ratio_bin_missing, derived_loan_product_type_conventional:subordinate lien",interest_rate_bin_missing,0.02768166089965398,0.9013350700097689,2.470142762917116
"derived_dwelling_category_single family (1-4 units):manufactured, loan_term_bin_missing",interest_rate_bin_missing,0.0015500930055803348,0.9011627906976745,2.4696706249629528
"combined_loan_to_value_ratio_bin_missing, derived_race_american indian or alaska native",interest_rate_bin_missing,0.002000120007200432,0.9009009009009008,2.4689529060949016
"debt_to_income_ratio_40, lien_status_2",loan_size_Small,0.003810228613716823,0.8698630136986301,2.4688791743572653
"combined_loan_to_value_ratio_bin_missing, loan_purpose_4",interest_rate_bin_missing,0.016010960657639458,0.9004499437570305,2.4677170410294216
"applicant_age_35-44, loan_term_bin_missing",interest_rate_bin_missing,0.0054103246194771686,0.9001663893510815,2.466939949482611
"combined_loan_to_value_ratio_bin_missing, lien_status_2",interest_rate_bin_missing,0.027751665099905995,0.9000973078170613,2.466750628932475
"debt_to_income_ratio_>60%, derived_race_white",interest_rate_bin_missing,0.021441286477188633,0.9000839630562553,2.466714057112045
"conforming_loan_limit_missing, loan_purpose_31",debt_to_income_ratio_missing,0.0011400684041042463,0.7916666666666666,2.464184176394293
"loan_term_bin_missing, state_code_nc",loan_size_Small,0.002040122407344441,0.8680851063829789,2.4638330483852173
"applicant_age_missing, lien_status_2",combined_loan_to_value_ratio_bin_missing,0.0027201632097925877,0.8500000000000001,2.4632632951746123
"derived_ethnicity_hispanic or latino, lien_status_2",loan_size_Small,0.013510810648638918,0.8676942838792551,2.462723800693203
"derived_ethnicity_hispanic or latino, derived_loan_product_type_conventional:subordinate lien",loan_size_Small,0.013480808848530913,0.8674388674388674,2.4619988677778695
"derived_dwelling_category_multifamily:site-built, interest_rate_bin_missing",loan_size_Large,0.0010400624037442247,0.8188976377952757,2.4618137933287474
"applicant_age_55-64, combined_loan_to_value_ratio_bin_missing",interest_rate_bin_missing,0.03813228793727624,0.8982332155477031,2.4616420137439916
"applicant_age_25-34, loan_purpose_2",loan_size_Small,0.009190551433085985,0.8669811320754718,2.460699705394531
"derived_dwelling_category_multifamily:site-built, purchaser_type_0",loan_size_Large,0.0030201812108726525,0.8184281842818428,2.460402497116186
"debt_to_income_ratio_missing, loan_purpose_2",interest_rate_bin_missing,0.013490809448566914,0.897538256819694,2.459737453132033
"income_bracket_Very High, purchaser_type_6",loan_size_Large,0.006930415824949497,0.8181818181818181,2.459661858194718
"debt_to_income_ratio_missing, derived_race_black or african american",interest_rate_bin_missing,0.020201212072724364,0.896980461811723,2.4582087948694444
"lien_status_2, loan_term_bin_(0.999, 300.0]",loan_size_Small,0.07254435266115968,0.8660458452722064,2.458045137865772
"derived_loan_product_type_conventional:subordinate lien, loan_term_bin_(0.999, 300.0]",loan_size_Small,0.07238434306058364,0.8658930494078239,2.457611466676675
"loan_purpose_2, loan_term_bin_missing",loan_size_Small,0.0038702322139328358,0.8657718120805368,2.45726736615995
"income_bracket_Very High, preapproval_1",loan_size_Large,0.005900354021241274,0.817174515235457,2.4566336503052817
"applicant_age_missing, state_code_il",combined_loan_to_value_ratio_bin_missing,0.003060183611016661,0.8476454293628809,2.456439851143658
"applicant_age_45-54, combined_loan_to_value_ratio_bin_missing",interest_rate_bin_missing,0.04550273016380983,0.8956692913385826,2.4546154827228936
"loan_purpose_4, state_code_oh",loan_size_Small,0.0032601956117367043,0.8647214854111407,2.4542862879907354
"applicant_age_55-64, debt_to_income_ratio_missing",interest_rate_bin_missing,0.033862031721903316,0.8945838837516513,2.4516408822830766
"applicant_age_<25, debt_to_income_ratio_missing",interest_rate_bin_missing,0.005260315618937137,0.8945578231292518,2.4515694621642337
"applicant_age_65-74, loan_term_bin_missing",combined_loan_to_value_ratio_bin_missing,0.004500270016200972,0.8458646616541353,2.4512792632210867
"derived_dwelling_category_multifamily:site-built, loan_purpose_31",debt_to_income_ratio_missing,0.0011000660039602375,0.7857142857142857,2.4456564758198995
"loan_size_Medium, loan_term_bin_missing",combined_loan_to_value_ratio_bin_missing,0.007070424225453527,0.8436754176610979,2.4449349286655213
"loan_purpose_1, state_code_ca",loan_size_Large,0.031171870312218734,0.8132011479259067,2.444688701392072
"debt_to_income_ratio_20%-<30%, income_bracket_Low",loan_size_Small,0.01259075544532672,0.8611491108071135,2.444147034885371
"combined_loan_to_value_ratio_bin_(82.976, 27777.78], debt_to_income_ratio_>60%",interest_rate_bin_missing,0.009790587435246115,0.8916211293260474,2.443521342007531
"debt_to_income_ratio_>60%, preapproval_1",interest_rate_bin_missing,0.0010500630037802267,0.8898305084745762,2.438614078011532
"loan_purpose_2, state_code_nc",loan_size_Small,0.0029901794107646457,0.8591954022988506,2.438601943103269
"applicant_age_>74, loan_term_bin_missing",debt_to_income_ratio_missing,0.0028201692101526093,0.7833333333333333,2.4382453955901426
"interest_rate_bin_(5.375, 15.25], loan_purpose_2",loan_size_Small,0.016640998459907595,0.8590604026845637,2.4382187819261523
"applicant_age_45-54, loan_term_bin_missing",interest_rate_bin_missing,0.00500030001800108,0.889679715302491,2.4382008236346446
"debt_to_income_ratio_exempt, loan_purpose_4",loan_size_Small,0.0013400804048242895,0.858974358974359,2.4379745693077703
"applicant_age_missing, interest_rate_bin_(5.375, 15.25]",combined_loan_to_value_ratio_bin_missing,0.028121687301238076,0.8409090909090908,2.436918233194135
"loan_purpose_2, reverse_mortgage_1111",loan_size_Small,0.0017601056063363803,0.8585365853658538,2.4367320631566853
"income_bracket_Very High, loan_term_bin_missing",interest_rate_bin_missing,0.005210312618757125,0.8890784982935153,2.436553165740175
"co_applicant_age_25-34, debt_to_income_ratio_missing",interest_rate_bin_missing,0.015030901854111246,0.8888231815493791,2.43585346057085
"applicant_age_missing, state_code_ny",combined_loan_to_value_ratio_bin_missing,0.002420145208712523,0.8402777777777778,2.4350887150010463
"loan_purpose_4, loan_term_bin_(0.999, 300.0]",loan_size_Small,0.030401824109446567,0.8575458392101551,2.433920088728116
"loan_purpose_2, loan_term_bin_(0.999, 300.0]",loan_size_Small,0.037562253735224115,0.8573385071901393,2.433331630892418
"loan_purpose_4, reverse_mortgage_1111",loan_size_Small,0.0012600756045362722,0.8571428571428572,2.4327763292879245
"co_applicant_age_65-74, loan_term_bin_missing",combined_loan_to_value_ratio_bin_missing,0.0018201092065523931,0.8387096774193549,2.430544427876278
"debt_to_income_ratio_>60%, income_bracket_Medium",interest_rate_bin_missing,0.0078704722283337,0.8862612612612614,2.42883242137086
"debt_to_income_ratio_exempt, loan_purpose_2",loan_size_Small,0.0017201032061923715,0.8557213930348259,2.428741874347148
"derived_loan_product_type_conventional:subordinate lien, loan_purpose_4",loan_size_Small,0.04996299777986679,0.8556259633498887,2.428471022088751
"lien_status_2, loan_purpose_4",loan_size_Small,0.04996299777986679,0.8556259633498887,2.428471022088751
"lien_status_2, state_code_nc",loan_size_Small,0.00574034442066524,0.8554396423248882,2.4279421984796024
"debt_to_income_ratio_>60%, loan_term_bin_(360.0, 674.0]",interest_rate_bin_missing,0.001240074404464268,0.8857142857142858,2.427333414249302
"debt_to_income_ratio_missing, derived_race_joint",interest_rate_bin_missing,0.003950237014220853,0.8856502242152466,2.427157851294416
"co_applicant_age_35-44, debt_to_income_ratio_>60%",interest_rate_bin_missing,0.0024701482088925336,0.8853046594982079,2.426210818150678
"derived_loan_product_type_conventional:subordinate lien, interest_rate_bin_(5.375, 15.25]",loan_size_Small,0.03468208092485549,0.8548188316490017,2.4261801893761255
"derived_loan_product_type_conventional:subordinate lien, state_code_nc",loan_size_Small,0.005710342620557233,0.8547904191616766,2.426099547945068
"interest_rate_bin_(5.375, 15.25], lien_status_2",loan_size_Small,0.0347320839250355,0.8547871031257691,2.4260901362424616
"loan_term_bin_missing, state_code_other",combined_loan_to_value_ratio_bin_missing,0.014910894653679221,0.837170129140932,2.4260828834464094
"applicant_age_25-34, loan_purpose_4",loan_size_Small,0.007570454227253635,0.8544018058690744,2.424996570522331
"applicant_age_45-54, debt_to_income_ratio_missing",interest_rate_bin_missing,0.04021241274476468,0.8845138583369995,2.4240435977348076
"co_applicant_age_45-54, debt_to_income_ratio_>60%",interest_rate_bin_missing,0.002450147008820529,0.8844765342960288,2.423941309792449
"debt_to_income_ratio_>60%, state_code_ny",interest_rate_bin_missing,0.0017601056063363803,0.8844221105527638,2.423792159470854
"debt_to_income_ratio_>60%, state_code_ca",interest_rate_bin_missing,0.003820229213752825,0.8842592592592592,2.423345859357315
"combined_loan_to_value_ratio_bin_missing, derived_race_black or african american",interest_rate_bin_missing,0.0226913614816889,0.8839111803661862,2.422391936019306
"co_applicant_age_45-54, loan_term_bin_missing",interest_rate_bin_missing,0.0023601416084965098,0.8838951310861423,2.422347952361874
"income_bracket_Low, loan_term_bin_missing",combined_loan_to_value_ratio_bin_missing,0.00977058623517411,0.8357570573139436,2.4219878623112727
"debt_to_income_ratio_42, lien_status_2",loan_size_Small,0.004870292217533052,0.8528896672504379,2.4207047596446394
"applicant_age_25-34, debt_to_income_ratio_missing",interest_rate_bin_missing,0.03641218473108387,0.8830948338588408,2.420154707618629
"debt_to_income_ratio_42, derived_loan_product_type_conventional:subordinate lien",loan_size_Small,0.00486029161749705,0.8526315789473685,2.419972243344304
"applicant_age_>74, debt_to_income_ratio_>60%",interest_rate_bin_missing,0.0021101266075964557,0.8828451882845189,2.4194705445041294
"lien_status_2, state_code_other",loan_size_Small,0.07374442466547992,0.8522884882108183,2.418998469817847
"derived_loan_product_type_conventional:subordinate lien, state_code_other",loan_size_Small,0.07367442046522792,0.8522674687644609,2.4189388116043684
"co_applicant_age_missing, lien_status_2",loan_size_Small,0.08444506670400224,0.8522406136455389,2.4188625903571292
"co_applicant_age_missing, derived_loan_product_type_conventional:subordinate lien",loan_size_Small,0.08428505710342621,0.8520877565463553,2.4184287453690287
"combined_loan_to_value_ratio_bin_(82.976, 27777.78], lien_status_2",loan_size_Small,0.030071804308258496,0.8516001132823563,2.4170446972142696
"combined_loan_to_value_ratio_bin_(82.976, 27777.78], derived_loan_product_type_conventional:subordinate lien",loan_size_Small,0.029961797707862472,0.8513782324524013,2.4164149463780595
"applicant_age_>74, derived_loan_product_type_conventional:subordinate lien",loan_size_Small,0.003550213012780767,0.8513189448441246,2.416246673973018
"applicant_age_>74, lien_status_2",loan_size_Small,0.003550213012780767,0.8513189448441246,2.416246673973018
"debt_to_income_ratio_45, derived_loan_product_type_conventional:subordinate lien",loan_size_Small,0.002690161409684581,0.85126582278481,2.4160959008698106
"debt_to_income_ratio_45, lien_status_2",loan_size_Small,0.002690161409684581,0.85126582278481,2.4160959008698106
"co_applicant_age_65-74, debt_to_income_ratio_>60%",interest_rate_bin_missing,0.0014100846050763046,0.8812500000000001,2.415098870830707
"co_applicant_age_45-54, combined_loan_to_value_ratio_bin_missing",interest_rate_bin_missing,0.015900954057243434,0.8808864265927977,2.414102484192184
"income_bracket_High, loan_purpose_2",loan_size_Small,0.020311218673120388,0.8505025125628142,2.4139294439898396
"loan_term_bin_missing, loan_type_1",interest_rate_bin_missing,0.025171510290617437,0.8806857942617214,2.413552643719861
"occupancy_type_3, purchaser_type_5",debt_to_income_ratio_missing,0.002450147008820529,0.7753164556962024,2.4132916317785544
"applicant_age_missing, loan_size_Small",combined_loan_to_value_ratio_bin_missing,0.019151149068944138,0.8326086956521739,2.412864046168482
"combined_loan_to_value_ratio_bin_missing, derived_race_american indian or alaska native",debt_to_income_ratio_missing,0.0017201032061923715,0.7747747747747747,2.4116055666561502
"loan_purpose_2, state_code_ga",loan_size_Small,0.002370142208532512,0.8494623655913979,2.410977258236957
"loan_term_bin_missing, purchaser_type_0",interest_rate_bin_missing,0.02560153609216553,0.8797250859106529,2.4109197862403
"debt_to_income_ratio_38, derived_loan_product_type_conventional:subordinate lien",loan_size_Small,0.00361021661299678,0.8494117647058823,2.41083364082768
"debt_to_income_ratio_38, lien_status_2",loan_size_Small,0.00361021661299678,0.8494117647058823,2.41083364082768
"applicant_age_35-44, debt_to_income_ratio_missing",interest_rate_bin_missing,0.0486129167750065,0.8782294489611563,2.406820936756156
"combined_loan_to_value_ratio_bin_missing, lien_status_2",loan_size_Small,0.026141568494109646,0.8478754459941615,2.4064732010655443
"applicant_age_<25, loan_term_bin_(0.999, 300.0]",loan_size_Small,0.0039002340140408425,0.8478260869565218,2.4063331083174035
"debt_to_income_ratio_36, loan_purpose_2",loan_size_Small,0.001560093605616337,0.8478260869565218,2.4063331083174035
"lien_status_2, loan_purpose_2",loan_size_Small,0.06013360801648099,0.8474982381959125,2.405402595162274
"derived_loan_product_type_conventional:subordinate lien, loan_purpose_2",loan_size_Small,0.060033602016120964,0.8472829922371207,2.4047916756764964
"combined_loan_to_value_ratio_bin_missing, derived_loan_product_type_conventional:subordinate lien",loan_size_Small,0.02602156129367762,0.8472810159557147,2.4047860665174348
"applicant_age_65-74, debt_to_income_ratio_>60%",interest_rate_bin_missing,0.004870292217533052,0.8774774774774775,2.404760130536434
"debt_to_income_ratio_>60%, loan_purpose_1",interest_rate_bin_missing,0.011700702042122528,0.8770614692653674,2.4036200443369187
"debt_to_income_ratio_20%-<30%, loan_purpose_2",loan_size_Small,0.01264075844550673,0.8466175485599464,2.4029029874458088
"interest_rate_bin_missing, loan_term_bin_missing",combined_loan_to_value_ratio_bin_missing,0.022701362081724904,0.8287696239503468,2.401738582155948
"derived_race_white, lien_status_2",loan_size_Small,0.09529571774306458,0.8457442087512204,2.400424240296033
"debt_to_income_ratio_missing, income_bracket_Medium",interest_rate_bin_missing,0.04719283156989419,0.8756726665429578,2.399813978082509
"derived_loan_product_type_conventional:subordinate lien, derived_race_white",loan_size_Small,0.09512570754245255,0.845511111111111,2.3997626534712166
"co_applicant_age_45-54, debt_to_income_ratio_missing",interest_rate_bin_missing,0.013570814248854932,0.875483870967742,2.399296576686173
"debt_to_income_ratio_missing, derived_ethnicity_hispanic or latino",interest_rate_bin_missing,0.02235134108046483,0.8754406580493538,2.3991781500530895
"applicant_age_35-44, combined_loan_to_value_ratio_bin_missing",interest_rate_bin_missing,0.0551133067984079,0.8753176620076237,2.3988410747606084
"co_applicant_age_>74, lien_status_2",loan_size_Small,0.001310078604716283,0.8451612903225807,2.3987697784484157
"debt_to_income_ratio_42, loan_purpose_2",loan_size_Small,0.002290137408244495,0.845018450184502,2.3983643639904937
"applicant_age_missing, state_code_pa",combined_loan_to_value_ratio_bin_missing,0.00287017221033262,0.8270893371757925,2.3968691836416807
"derived_sex_female, loan_purpose_4",loan_size_Small,0.015200912054723284,0.8444444444444446,2.396735198483659
"applicant_age_65-74, lien_status_2",loan_size_Small,0.012210732643958638,0.8443983402489627,2.396604343755635
"applicant_age_65-74, derived_loan_product_type_conventional:subordinate lien",loan_size_Small,0.012200732043922635,0.8442906574394464,2.396298714200562
"derived_loan_product_type_conventional:subordinate lien, purchaser_type_71",loan_size_Small,0.003740224413464808,0.8442437923250564,2.3961656998027787
"lien_status_2, purchaser_type_71",loan_size_Small,0.003740224413464808,0.8442437923250564,2.3961656998027787
"debt_to_income_ratio_43, derived_loan_product_type_conventional:subordinate lien",loan_size_Small,0.003360201612096726,0.8442211055276382,2.3961013092484076
"debt_to_income_ratio_43, lien_status_2",loan_size_Small,0.003360201612096726,0.8442211055276382,2.3961013092484076
"derived_dwelling_category_multifamily:site-built, interest_rate_bin_missing",combined_loan_to_value_ratio_bin_missing,0.0010500630037802267,0.8267716535433071,2.3959485501929993
"co_applicant_age_>74, derived_loan_product_type_conventional:subordinate lien",loan_size_Small,0.0013000780046802808,0.8441558441558442,2.395916081874471
"derived_race_race not available, total_units_5-24",loan_size_Large,0.002040122407344441,0.7968750000000001,2.395608163970898
"co_applicant_age_55-64, combined_loan_to_value_ratio_bin_missing",interest_rate_bin_missing,0.014050843050583035,0.8732131758856432,2.393073651149971
"debt_to_income_ratio_missing, income_bracket_High",interest_rate_bin_missing,0.04517271036262176,0.8726816074188563,2.3916168677129144
"debt_to_income_ratio_missing, derived_ethnicity_joint",interest_rate_bin_missing,0.004370262215732944,0.8722554890219562,2.390449074170567
"co_applicant_age_25-34, debt_to_income_ratio_>60%",interest_rate_bin_missing,0.0017001020061203672,0.8717948717948718,2.389186735282605
"lien_status_2, state_code_fl",loan_size_Small,0.011320679240754446,0.8416356877323421,2.3887632754990724
"debt_to_income_ratio_missing, occupancy_type_3",derived_race_race not available,0.022021321279276758,0.6092971776425015,2.38841436282035
"applicant_age_missing, total_units_5-24",loan_size_Large,0.0019701182070924255,0.7943548387096774,2.38803192056808
"derived_loan_product_type_conventional:subordinate lien, state_code_fl",loan_size_Small,0.011270676240574434,0.841044776119403,2.387086127083636
"co_applicant_age_missing, total_units_5-24",loan_size_Large,0.0020801248074884494,0.7938931297709924,2.3866439065095486
"debt_to_income_ratio_missing, derived_loan_product_type_conventional:subordinate lien",interest_rate_bin_missing,0.023251395083705023,0.8694839192221391,2.382853482574576
"debt_to_income_ratio_missing, lien_status_2",interest_rate_bin_missing,0.023311398683921035,0.8694516971279372,2.382765176709813
"conforming_loan_limit_missing, interest_rate_bin_missing",combined_loan_to_value_ratio_bin_missing,0.001060063603816229,0.821705426356589,2.3812668425764603
"debt_to_income_ratio_missing, loan_purpose_4",interest_rate_bin_missing,0.013710822649358962,0.8688212927756654,2.381037529799926
"combined_loan_to_value_ratio_bin_missing, derived_race_asian",interest_rate_bin_missing,0.014760885653139188,0.868235294117647,2.379431578370378
"purchaser_type_2, state_code_ca",loan_size_Large,0.004740284417065024,0.7913188647746244,2.3789050136574406
"combined_loan_to_value_ratio_bin_missing, income_bracket_Low",debt_to_income_ratio_missing,0.05734344060643638,0.7642276422764228,2.3787759956977004
"applicant_age_25-34, loan_term_bin_missing",interest_rate_bin_missing,0.0034802088125287516,0.8678304239401496,2.3783220163749093
"income_bracket_Very High, loan_purpose_1",loan_size_Large,0.08871532291937516,0.7910647405029427,2.3781410517061885
"co_applicant_age_missing, loan_purpose_2",loan_size_Small,0.046272776366581995,0.8376176683562636,2.3773591759988713
"co_applicant_age_55-64, debt_to_income_ratio_missing",interest_rate_bin_missing,0.012230733844030641,0.8673758865248227,2.3770763394404337
"derived_dwelling_category_single family (1-4 units):manufactured, loan_term_bin_missing",loan_size_Small,0.0014400864051843112,0.8372093023255814,2.376200135583554
"debt_to_income_ratio_48, loan_purpose_4",loan_size_Small,0.0010800648038882333,0.8372093023255813,2.3762001355835536
"lien_status_2, state_code_tx",loan_size_Small,0.005860351621097266,0.8371428571428572,2.3760115482712063
"interest_rate_bin_missing, lien_status_2",loan_size_Small,0.06251375082504951,0.8370380289234066,2.3757140207251317
"derived_loan_product_type_conventional:subordinate lien, interest_rate_bin_missing",loan_size_Small,0.06237374242454547,0.8368442238024956,2.3751639554627104
"derived_loan_product_type_conventional:subordinate lien, state_code_tx",loan_size_Small,0.005840350421025262,0.8366762177650431,2.3746871141664365
"debt_to_income_ratio_missing, derived_sex_male",interest_rate_bin_missing,0.07190431425885553,0.8664738491202699,2.3746042719032054
"debt_to_income_ratio_48, derived_loan_product_type_conventional:subordinate lien",loan_size_Small,0.002200132007920475,0.8365019011406843,2.3741923619159717
"debt_to_income_ratio_48, lien_status_2",loan_size_Small,0.002200132007920475,0.8365019011406843,2.3741923619159717
"combined_loan_to_value_ratio_bin_(82.976, 27777.78], loan_purpose_4",loan_size_Small,0.010990659439566374,0.8363774733637748,2.3738392061405382
"loan_purpose_2, purchaser_type_71",loan_size_Small,0.001380082804968298,0.8363636363636364,2.373799933426399
"derived_loan_product_type_conventional:first lien, total_units_5-24",loan_size_Large,0.0022101326079564773,0.7892857142857143,2.3727928481235554
"lien_status_1, total_units_5-24",loan_size_Large,0.0022101326079564773,0.7892857142857143,2.3727928481235554
"combined_loan_to_value_ratio_bin_missing, derived_sex_male",interest_rate_bin_missing,0.0801248074884493,0.8656942193408967,2.3724676670807034
"debt_to_income_ratio_20%-<30%, lien_status_2",loan_size_Small,0.020531231873912436,0.8355718355718357,2.3715526134986273
"income_bracket_Low, reverse_mortgage_1111",loan_size_Small,0.0032001920115206912,0.8355091383812011,2.3713746638837905
"combined_loan_to_value_ratio_bin_missing, derived_sex_female",interest_rate_bin_missing,0.052943176590595435,0.8651740480470665,2.3710421180261014
"debt_to_income_ratio_41, derived_loan_product_type_conventional:subordinate lien",loan_size_Small,0.004060243614616877,0.8353909465020576,2.371039207076914
"debt_to_income_ratio_41, lien_status_2",loan_size_Small,0.004060243614616877,0.8353909465020576,2.371039207076914
"debt_to_income_ratio_20%-<30%, derived_loan_product_type_conventional:subordinate lien",loan_size_Small,0.020501230073804427,0.8353708231458842,2.3709820921815883
"debt_to_income_ratio_30%-<36%, lien_status_2",loan_size_Small,0.017431045862751765,0.8351701006229038,2.370412393678483
"derived_dwelling_category_single family (1-4 units):manufactured, income_bracket_Low",loan_size_Small,0.01879112746764806,0.8351111111111112,2.370244967342524
"construction_method_2, income_bracket_Low",loan_size_Small,0.01879112746764806,0.8351111111111112,2.370244967342524
"co_applicant_age_55-64, loan_term_bin_missing",combined_loan_to_value_ratio_bin_missing,0.0016600996059763587,0.8177339901477833,2.3697577919384853
"debt_to_income_ratio_30%-<36%, derived_loan_product_type_conventional:subordinate lien",loan_size_Small,0.017371042262535753,0.8346948582412302,2.369063542192205
"loan_purpose_4, state_code_pa",loan_size_Small,0.002920175210512631,0.8342857142857143,2.3679022938402463
"debt_to_income_ratio_41, loan_purpose_4",loan_size_Small,0.0016600996059763587,0.8341708542713567,2.367576293662117
"debt_to_income_ratio_<20%, loan_purpose_2",loan_size_Small,0.006680400824049443,0.8339575530586766,2.3669708938306977
"derived_ethnicity_not hispanic or latino, lien_status_2",loan_size_Small,0.10123607416444987,0.8339237169453827,2.3668748588526185
"debt_to_income_ratio_36, lien_status_2",loan_size_Small,0.0031601896113766827,0.8337730870712401,2.3664473352616042
"loan_term_bin_(0.999, 300.0], occupancy_type_3",derived_race_race not available,0.012810768646118766,0.6036757775683317,2.366378756602288
"derived_ethnicity_not hispanic or latino, derived_loan_product_type_conventional:subordinate lien",loan_size_Small,0.10105606336380182,0.8337458745874586,2.3663700997274657
"occupancy_type_3, purchaser_type_9",derived_race_race not available,0.0010200612036722204,0.6035502958579883,2.365886874594209
"lien_status_2, occupancy_type_1",loan_size_Small,0.1369482168930136,0.833475349969568,2.3656022861927557
"debt_to_income_ratio_36, derived_loan_product_type_conventional:subordinate lien",loan_size_Small,0.0031501890113406804,0.8333333333333334,2.3651992090299263
"derived_loan_product_type_conventional:subordinate lien, occupancy_type_1",loan_size_Small,0.13671820309218552,0.8332926977934901,2.3650838756538914
"combined_loan_to_value_ratio_bin_missing, loan_size_Small",debt_to_income_ratio_missing,0.08497509850591035,0.7598140033980149,2.365037866327816
"combined_loan_to_value_ratio_bin_(82.976, 27777.78], loan_purpose_2",loan_size_Small,0.011290677440646438,0.833210332103321,2.3648501021356045
"derived_ethnicity_hispanic or latino, loan_term_bin_missing",interest_rate_bin_missing,0.0017601056063363803,0.8627450980392156,2.364385488895588
"applicant_age_missing, loan_type_1",combined_loan_to_value_ratio_bin_missing,0.05200312018721123,0.8154304531911557,2.363082241309851
"debt_to_income_ratio_exempt, income_bracket_Low",loan_size_Small,0.003130187811268676,0.8324468085106382,2.362683039658618
"construction_method_2, loan_term_bin_missing",loan_size_Small,0.0014400864051843112,0.8323699421965318,2.362464874684227
"debt_to_income_ratio_missing, lien_status_2",loan_size_Small,0.022301338080284817,0.8317791868705706,2.3607881698485946
"co_applicant_age_25-34, loan_term_bin_missing",interest_rate_bin_missing,0.0017401044062643758,0.8613861386138614,2.3606612093226205
"debt_to_income_ratio_missing, derived_loan_product_type_conventional:subordinate lien",loan_size_Small,0.022241334480068806,0.8317127898279731,2.3605997191694343
"combined_loan_to_value_ratio_bin_missing, derived_ethnicity_hispanic or latino",interest_rate_bin_missing,0.025411524691481488,0.8613559322033898,2.360578427515163
"derived_race_race not available, loan_term_bin_missing",combined_loan_to_value_ratio_bin_missing,0.006980418825129508,0.8144690781796966,2.3602962180408804
"lien_status_2, total_units_1",loan_size_Small,0.13815828949736983,0.831427539720751,2.3597901111758617
"derived_race_race not available, purchaser_type_2",debt_to_income_ratio_missing,0.02707162429745785,0.758050966115934,2.359550141814683
"derived_loan_product_type_conventional:subordinate lien, total_units_1",loan_size_Small,0.1379382762965778,0.8312541433134454,2.359297970721372
"interest_rate_bin_(5.375, 15.25], loan_term_bin_missing",combined_loan_to_value_ratio_bin_missing,0.0018801128067684062,0.8138528138528139,2.3585103106331915
"debt_to_income_ratio_missing, derived_sex_female",interest_rate_bin_missing,0.045732743964637876,0.8605570191945804,2.358388976274916
"applicant_age_missing, derived_loan_product_type_conventional:first lien",combined_loan_to_value_ratio_bin_missing,0.04928295697741864,0.8134697920105645,2.357400329874058
"co_applicant_age_25-34, combined_loan_to_value_ratio_bin_missing",interest_rate_bin_missing,0.01768106086365182,0.8599221789883268,2.3566491727398455
"loan_purpose_2, state_code_other",loan_size_Small,0.03836230173810429,0.8301233499242588,2.356088508765756
"combined_loan_to_value_ratio_bin_missing, derived_race_joint",interest_rate_bin_missing,0.00435026101566094,0.8596837944664031,2.355995870964275
"debt_to_income_ratio_50%-60%, lien_status_2",loan_size_Small,0.010690641438486309,0.8299689440993788,2.3556502681239047
"combined_loan_to_value_ratio_bin_missing, purchaser_type_0",interest_rate_bin_missing,0.22742364541872512,0.8593507916713903,2.355083264241757
"debt_to_income_ratio_50%-60%, derived_loan_product_type_conventional:subordinate lien",loan_size_Small,0.010670640238414304,0.8297045101088646,2.3548997412456587
"applicant_age_65-74, combined_loan_to_value_ratio_bin_missing",interest_rate_bin_missing,0.02467148028881733,0.8592824799721352,2.354896053452838
"derived_loan_product_type_fsa/rhs:first lien, income_bracket_Medium",loan_size_Medium,0.0013500810048602916,0.7417582417582418,2.354572033471116
"loan_purpose_1, total_units_5-24",loan_size_Large,0.0010100606036362182,0.7829457364341085,2.3537332682638517
"lien_status_2, state_code_az",loan_size_Small,0.004320259215552933,0.8291746641074856,2.353395911633616
lien_status_2,loan_size_Small,0.14042842570554234,0.8291703572483023,2.3533836877376952
"lien_status_2, preapproval_2",loan_size_Small,0.1402484149048943,0.8290375975407897,2.3530068839514553
derived_loan_product_type_conventional:subordinate lien,loan_size_Small,0.14019841190471427,0.8290360733293908,2.3530025578751412
"lien_status_2, loan_type_1",loan_size_Small,0.14019841190471427,0.8290360733293908,2.3530025578751412
"derived_loan_product_type_conventional:subordinate lien, preapproval_2",loan_size_Small,0.14002840170410225,0.8289130949561923,2.352653515853921
"derived_loan_product_type_conventional:subordinate lien, state_code_az",loan_size_Small,0.004310258615516931,0.8288461538461538,2.3524635209813036
"derived_dwelling_category_single family (1-4 units):site-built, lien_status_2",loan_size_Small,0.13932835970158208,0.8287430848848968,2.3521709866305347
"derived_dwelling_category_single family (1-4 units):site-built, derived_loan_product_type_conventional:subordinate lien",loan_size_Small,0.13910834650079004,0.8285680247796045,2.3516741242034507
"applicant_age_65-74, debt_to_income_ratio_missing",interest_rate_bin_missing,0.022241334480068806,0.8580246913580247,2.3514490363048295
"applicant_age_55-64, loan_term_bin_missing",interest_rate_bin_missing,0.004230253815228914,0.8580121703853956,2.351414722106976
"co_applicant_age_35-44, debt_to_income_ratio_missing",interest_rate_bin_missing,0.016250975058503512,0.857972544878564,2.3513061269106017
"construction_method_1, lien_status_2",loan_size_Small,0.1393683621017261,0.828143570240076,2.3504694207540564
"co_applicant_age_35-44, combined_loan_to_value_ratio_bin_missing",interest_rate_bin_missing,0.019101146068764126,0.8576560395150427,2.3504387320214644
"loan_term_bin_missing, state_code_il",combined_loan_to_value_ratio_bin_missing,0.0010300618037082225,0.8110236220472441,2.350311434951228
"construction_method_1, derived_loan_product_type_conventional:subordinate lien",loan_size_Small,0.13914834890093405,0.8280171387764818,2.350110578036829
"lien_status_2, reverse_mortgage_2",loan_size_Small,0.13766826009560573,0.8278308978290937,2.3495819817070873
"derived_loan_product_type_conventional:subordinate lien, reverse_mortgage_2",loan_size_Small,0.1374382462947777,0.8276921223801494,2.3491881038085967
"derived_dwelling_category_multifamily:site-built, total_units_5-24",loan_size_Large,0.002180130807848471,0.7813620071684588,2.348972176802443
"construction_method_1, total_units_5-24",loan_size_Large,0.002180130807848471,0.7813620071684588,2.348972176802443
"reverse_mortgage_2, total_units_5-24",loan_size_Large,0.0018201092065523931,0.7811158798283261,2.348232255653708
"derived_ethnicity_hispanic or latino, loan_purpose_4",loan_size_Small,0.005820349220953257,0.8267045454545454,2.3463851244126426
"derived_race_white, loan_purpose_2",loan_size_Small,0.05193311598695922,0.8266475644699139,2.3462233987569068
"applicant_age_25-34, combined_loan_to_value_ratio_bin_missing",interest_rate_bin_missing,0.042312538752325136,0.855957920291321,2.345784972226008
"combined_loan_to_value_ratio_bin_(0.129, 68.474], derived_loan_product_type_conventional:subordinate lien",loan_size_Small,0.043392603556213376,0.8264761904761906,2.345736998395623
"combined_loan_to_value_ratio_bin_(0.129, 68.474], lien_status_2",loan_size_Small,0.043392603556213376,0.8264761904761906,2.345736998395623
"debt_to_income_ratio_missing, purchaser_type_71",combined_loan_to_value_ratio_bin_missing,0.002920175210512631,0.8088642659279779,2.344053714163229
"debt_to_income_ratio_missing, total_units_5-24",loan_size_Large,0.0018001080064803888,0.7792207792207793,2.342535103042589
"derived_ethnicity_hispanic or latino, loan_purpose_2",loan_size_Small,0.0071304278256695405,0.8252314814814815,2.3422042167199133
"interest_rate_bin_(5.375, 15.25], loan_purpose_4",loan_size_Small,0.01500090005400324,0.8250825082508252,2.3417813950791353
total_units_5-24,loan_size_Large,0.0022201332079924796,0.7789473684210526,2.3417131609011705
"loan_type_1, total_units_5-24",loan_size_Large,0.0022201332079924796,0.7789473684210526,2.3417131609011705
"occupancy_type_3, total_units_5-24",loan_size_Large,0.0022201332079924796,0.7789473684210526,2.3417131609011705
"debt_to_income_ratio_39, loan_purpose_2",loan_size_Small,0.0016500990059403564,0.8250000000000001,2.3415472169396274
"co_applicant_age_25-34, state_code_ca",loan_size_Large,0.005660339620377223,0.7785419532324622,2.3404943801192597
"combined_loan_to_value_ratio_bin_missing, derived_ethnicity_not hispanic or latino",interest_rate_bin_missing,0.15104906294377662,0.8540088205360172,2.340443390815318
"derived_loan_product_type_fha:first lien, income_bracket_Very High",loan_size_Large,0.004640278416705002,0.7785234899328859,2.3404388747624614
"lien_status_2, purchaser_type_0",loan_size_Small,0.1319579174750485,0.8245844269466317,2.340367721271082
"derived_loan_product_type_conventional:subordinate lien, purchaser_type_0",loan_size_Small,0.13181790907454446,0.824482391943454,2.3400781215405106
"preapproval_2, total_units_5-24",loan_size_Large,0.0022101326079564773,0.7781690140845071,2.339373230544351
"debt_to_income_ratio_41, loan_purpose_2",loan_size_Small,0.0019201152069124147,0.8240343347639485,2.338806428156631
"derived_dwelling_category_single family (1-4 units):manufactured, interest_rate_bin_missing",combined_loan_to_value_ratio_bin_missing,0.022681360881652898,0.8068303094983991,2.338159396260916
"derived_sex_male, lien_status_2",loan_size_Small,0.04740284417065024,0.8237747653806047,2.3380697081964232
"construction_method_2, interest_rate_bin_missing",combined_loan_to_value_ratio_bin_missing,0.0226913614816889,0.8066121578386065,2.3375272021710947
"debt_to_income_ratio_45, loan_purpose_4",loan_size_Small,0.0012600756045362722,0.8235294117647058,2.3373733359825155
"derived_loan_product_type_conventional:subordinate lien, derived_sex_male",loan_size_Small,0.04728283697021821,0.8234064785788924,2.337024422213896
"income_bracket_Very High, purchaser_type_9",loan_size_Large,0.0018501110066603996,0.7773109243697479,2.336793595437092
"income_bracket_Very High, loan_type_2",loan_size_Large,0.004640278416705002,0.7772194304857623,2.3365185416389065
"debt_to_income_ratio_46, lien_status_2",loan_size_Small,0.002370142208532512,0.8229166666666666,2.3356342189170523
"debt_to_income_ratio_missing, interest_rate_bin_(5.375, 15.25]",combined_loan_to_value_ratio_bin_missing,0.03343200592035522,0.805930568948891,2.335551987001171
"interest_rate_bin_(5.375, 15.25], loan_purpose_5",loan_size_Small,0.0011600696041762506,0.8226950354609929,2.3350051765742252
"derived_dwelling_category_single family (1-4 units):manufactured, derived_race_black or african american",combined_loan_to_value_ratio_bin_missing,0.0034802088125287516,0.8055555555555556,2.3344652143811686
"construction_method_2, derived_race_black or african american",combined_loan_to_value_ratio_bin_missing,0.0034802088125287516,0.8055555555555556,2.3344652143811686
"debt_to_income_ratio_missing, derived_ethnicity_not hispanic or latino",interest_rate_bin_missing,0.13067784067044022,0.851825293350717,2.334459352188768
"debt_to_income_ratio_46, derived_loan_product_type_conventional:subordinate lien",loan_size_Small,0.0023601416084965098,0.8222996515679442,2.3338829825689027
"co_applicant_age_65-74, combined_loan_to_value_ratio_bin_missing",interest_rate_bin_missing,0.009450567034022042,0.8505850585058506,2.3310604418076033
"debt_to_income_ratio_missing, derived_race_white",interest_rate_bin_missing,0.11395683741024462,0.8498023715415021,2.3289154586543415
"debt_to_income_ratio_missing, income_bracket_Low",interest_rate_bin_missing,0.05097305838350301,0.849783261087029,2.3288630857329014
"combined_loan_to_value_ratio_bin_missing, derived_race_white",interest_rate_bin_missing,0.13353801228073683,0.8489954221770091,2.3267039834781658
"debt_to_income_ratio_38, loan_purpose_4",loan_size_Small,0.0015900954057243434,0.8195876288659794,2.326185613829433
"combined_loan_to_value_ratio_bin_missing, income_bracket_High",interest_rate_bin_missing,0.0500230013800828,0.8488036653656881,2.3261784667025682
"co_applicant_age_25-34, loan_purpose_2",loan_size_Small,0.003630217813068784,0.8194130925507901,2.3256902380438733
"income_bracket_High, loan_term_bin_missing",interest_rate_bin_missing,0.005040302418145089,0.8484848484848485,2.3253047370130164
"loan_term_bin_missing, state_code_other",interest_rate_bin_missing,0.015100906054363261,0.8478382930937675,2.323532827571962
"debt_to_income_ratio_37, lien_status_2",loan_size_Small,0.0034302058123487408,0.8186157517899761,2.323427194359708
"loan_purpose_4, state_code_nc",loan_size_Small,0.002930175810548633,0.8184357541899442,2.3229163181422408
"debt_to_income_ratio_missing, loan_term_bin_(0.999, 300.0]",combined_loan_to_value_ratio_bin_missing,0.04647278836730204,0.8013450594930159,2.3222633786101907
"loan_purpose_4, state_code_ga",loan_size_Small,0.0021601296077764665,0.8181818181818182,2.322195587047564
"loan_purpose_32, loan_term_bin_missing",combined_loan_to_value_ratio_bin_missing,0.0025801548092885575,0.8012422360248447,2.3219654006395687
"derived_dwelling_category_multifamily:site-built, state_code_other",loan_size_Large,0.001560093605616337,0.7722772277227723,2.321661027866962
"debt_to_income_ratio_37, derived_loan_product_type_conventional:subordinate lien",loan_size_Small,0.0034102046122767367,0.8177458033573142,2.3209580727459134
"debt_to_income_ratio_44, derived_loan_product_type_conventional:subordinate lien",loan_size_Small,0.0039002340140408425,0.8176100628930817,2.3205728088595503
"debt_to_income_ratio_44, lien_status_2",loan_size_Small,0.0039002340140408425,0.8176100628930817,2.3205728088595503
"loan_purpose_2, occupancy_type_1",loan_size_Small,0.07156429385763145,0.8174548777701622,2.3201323563835716
"derived_dwelling_category_single family (1-4 units):manufactured, loan_term_bin_(0.999, 300.0]",loan_size_Small,0.02435146108766526,0.8173883853642161,2.319943635040431
"derived_ethnicity_not hispanic or latino, loan_purpose_2",loan_size_Small,0.05486329179750785,0.817342073897497,2.3198121920270873
"combined_loan_to_value_ratio_bin_(0.129, 68.474], derived_dwelling_category_single family (1-4 units):manufactured",loan_size_Small,0.002950177010620637,0.817174515235457,2.31933662048918
"debt_to_income_ratio_46, loan_purpose_2",loan_size_Small,0.0013400804048242895,0.8170731707317074,2.3190489805610497
"debt_to_income_ratio_30%-<36%, loan_purpose_2",loan_size_Small,0.009180550833049982,0.8167259786476868,2.3180635664300415
"combined_loan_to_value_ratio_bin_(0.129, 68.474], loan_purpose_2",loan_size_Small,0.029501770106206374,0.8167220376522701,2.3180523809429507
"purchaser_type_6, state_code_ca",loan_size_Large,0.0019501170070204213,0.7707509881422925,2.317072764966039
"derived_sex_male, loan_purpose_2",loan_size_Small,0.025341520491229473,0.8163659793814433,2.317041802454317
"debt_to_income_ratio_<20%, derived_loan_product_type_conventional:subordinate lien",loan_size_Small,0.008490509430565833,0.8163461538461538,2.316985532845855
"debt_to_income_ratio_<20%, lien_status_2",loan_size_Small,0.008490509430565833,0.8163461538461538,2.316985532845855
"income_bracket_Medium, loan_type_4",loan_size_Medium,0.0013500810048602916,0.7297297297297297,2.3163897842796928
"combined_loan_to_value_ratio_bin_missing, derived_ethnicity_joint",interest_rate_bin_missing,0.004800288017281037,0.8450704225352113,2.3159473738862033
"debt_to_income_ratio_50%-60%, loan_purpose_2",loan_size_Small,0.005170310218613117,0.8154574132492114,2.3144630745775494
"derived_race_white, loan_term_bin_missing",combined_loan_to_value_ratio_bin_missing,0.017491049462967777,0.7986301369863013,2.3143956504219156
"loan_purpose_2, purchaser_type_0",loan_size_Small,0.07244434666079964,0.8153066966797974,2.3140353049246305
"debt_to_income_ratio_>60%, income_bracket_High",interest_rate_bin_missing,0.004600276016560993,0.8440366972477064,2.3131144107377186
"income_bracket_High, loan_purpose_4",loan_size_Small,0.016510990659439565,0.8149062191510364,2.312898653963519
"construction_method_2, loan_term_bin_(0.999, 300.0]",loan_size_Small,0.02436146168770126,0.8147157190635451,2.3123579691760137
"combined_loan_to_value_ratio_bin_missing, income_bracket_Very High",interest_rate_bin_missing,0.04939296357781467,0.8431205189484466,2.31060358954507
"loan_purpose_4, loan_term_bin_missing",loan_size_Small,0.0046802808168490105,0.8139130434782608,2.310079783984707
"interest_rate_bin_missing, loan_purpose_2",loan_size_Small,0.0347220833249995,0.8136864307475979,2.3094366028831232
"purchaser_type_0, total_units_5-24",loan_size_Large,0.0020801248074884494,0.7675276752767528,2.3073826697619992
"derived_loan_product_type_conventional:subordinate lien, interest_rate_bin_(3.99, 5.375]",loan_size_Small,0.020711242674560475,0.8127943485086343,2.3069046602359395
"interest_rate_bin_(3.99, 5.375], lien_status_2",loan_size_Small,0.020711242674560475,0.8127943485086343,2.3069046602359395
"co_applicant_age_65-74, derived_loan_product_type_conventional:subordinate lien",loan_size_Small,0.005200312018721123,0.8125,2.306069228804178
"co_applicant_age_65-74, lien_status_2",loan_size_Small,0.005200312018721123,0.8125,2.306069228804178
"applicant_age_<25, derived_dwelling_category_single family (1-4 units):manufactured",loan_size_Small,0.0029001740104406264,0.8123249299719887,2.3055723382140454
"applicant_age_<25, construction_method_2",loan_size_Small,0.0029001740104406264,0.8123249299719887,2.3055723382140454
"applicant_age_missing, conforming_loan_limit_nc",combined_loan_to_value_ratio_bin_missing,0.003580214812888773,0.7955555555555556,2.305485646202644
"loan_purpose_2, total_units_1",loan_size_Small,0.07343440606436386,0.8120092889527811,2.304676473547285
"applicant_age_35-44, lien_status_2",loan_size_Small,0.039172350341020463,0.8119817578772803,2.3045983337736873
"loan_purpose_2, loan_type_1",loan_size_Small,0.0745444726683601,0.811894129179828,2.304349622582604
"applicant_age_35-44, derived_loan_product_type_conventional:subordinate lien",loan_size_Small,0.03913234794087645,0.8118257261410788,2.3041554784068303
"applicant_age_45-54, lien_status_2",loan_size_Small,0.03616216973018381,0.8113080547453444,2.302686203235956
"applicant_age_45-54, derived_loan_product_type_conventional:subordinate lien",loan_size_Small,0.0361021661299678,0.8110536957986969,2.3019642717406517
"debt_to_income_ratio_<20%, income_bracket_Medium",loan_size_Small,0.004960297617857072,0.8104575163398693,2.300272171919301
"applicant_age_55-64, derived_loan_product_type_conventional:subordinate lien",loan_size_Small,0.025041502490149407,0.8103559870550161,2.299984007538227
"applicant_age_55-64, lien_status_2",loan_size_Small,0.025071504290257417,0.8102779573367809,2.299762540544806
"derived_ethnicity_joint, derived_loan_product_type_conventional:subordinate lien",loan_size_Small,0.003580214812888773,0.8099547511312217,2.298845204070716
"derived_ethnicity_joint, lien_status_2",loan_size_Small,0.003580214812888773,0.8099547511312217,2.298845204070716
"co_applicant_age_65-74, debt_to_income_ratio_missing",interest_rate_bin_missing,0.008220493229593775,0.8387755102040816,2.298695929162357
"applicant_age_65-74, loan_purpose_2",loan_size_Small,0.008160489629377763,0.8095238095238095,2.2976220887719285
"debt_to_income_ratio_42, loan_purpose_4",loan_size_Small,0.0022101326079564773,0.8095238095238094,2.297622088771928
"co_applicant_age_25-34, loan_purpose_4",loan_size_Small,0.0031001860111606696,0.8093994778067886,2.297269205637422
loan_purpose_2,loan_size_Small,0.0750045002700162,0.8091487754881864,2.2965576525266305
"lien_status_2, state_code_ny",loan_size_Small,0.0052903174190451424,0.8088685015290519,2.2957621680308824
"derived_dwelling_category_single family (1-4 units):site-built, loan_purpose_2",loan_size_Small,0.07413444806688402,0.8088379705400982,2.295675513785773
"applicant_age_missing, derived_loan_product_type_conventional:subordinate lien",loan_size_Small,0.0025801548092885575,0.8087774294670848,2.295503683748167
"loan_purpose_2, reverse_mortgage_2",loan_size_Small,0.07314438866331979,0.8086235489220563,2.2950669339761034
"derived_loan_product_type_conventional:subordinate lien, state_code_ny",loan_size_Small,0.00528031681900914,0.8085758039816232,2.2949314224216866
"conforming_loan_limit_missing, state_code_other",debt_to_income_ratio_missing,0.0015400924055443326,0.7368421052631577,2.2935343026827764
"construction_method_1, loan_purpose_2",loan_size_Small,0.07419445166710002,0.8080819082888574,2.2935296283794386
"loan_purpose_4, state_code_other",loan_size_Small,0.03265195911754705,0.8079683246721108,2.2932072509228534
"combined_loan_to_value_ratio_bin_missing, income_bracket_Low",interest_rate_bin_missing,0.06272376342580555,0.835932293749167,2.290903987205147
"debt_to_income_ratio_missing, income_bracket_Very High",interest_rate_bin_missing,0.04458267496049763,0.8359272454528407,2.290890152158614
"debt_to_income_ratio_43, loan_purpose_2",loan_size_Small,0.0014200852051123067,0.8068181818181818,2.2899428705607923
"derived_dwelling_category_single family (1-4 units):manufactured, derived_sex_female",loan_size_Small,0.009890593435606136,0.8066884176182707,2.289574568741204
"construction_method_2, derived_sex_female",loan_size_Small,0.009890593435606136,0.8066884176182707,2.289574568741204
"applicant_age_missing, lien_status_2",loan_size_Small,0.0025801548092885575,0.80625,2.2883302347364536
"combined_loan_to_value_ratio_bin_(0.129, 68.474], construction_method_2",loan_size_Small,0.002950177010620637,0.8060109289617486,2.2876516939797646
"interest_rate_bin_(3.99, 5.375], loan_purpose_2",loan_size_Small,0.012010720643238595,0.8054996646545942,2.2862006036579006
"applicant_age_missing, state_code_ca",loan_size_Large,0.007170430225813549,0.7603393425238599,2.2857727201109626
"income_bracket_Medium, loan_term_bin_missing",interest_rate_bin_missing,0.004970298217893074,0.8338926174496645,2.285314177358011
"combined_loan_to_value_ratio_bin_(68.474, 82.976], derived_loan_product_type_conventional:subordinate lien",loan_size_Small,0.04082244934696082,0.8051282051282052,2.285146312724298
"combined_loan_to_value_ratio_bin_missing, loan_term_bin_(0.999, 300.0]",debt_to_income_ratio_missing,0.04647278836730204,0.7341232227488151,2.285071362974164
"combined_loan_to_value_ratio_bin_(68.474, 82.976], lien_status_2",loan_size_Small,0.04082244934696082,0.8049694340366791,2.284695682412185
"applicant_age_35-44, loan_purpose_2",loan_size_Small,0.019191151469088147,0.8049496644295302,2.284639571541155
"combined_loan_to_value_ratio_bin_missing, income_bracket_Medium",interest_rate_bin_missing,0.05361321679300758,0.8336184108225781,2.284562703751826
"applicant_age_missing, purchaser_type_0",combined_loan_to_value_ratio_bin_missing,0.03347200832049923,0.78827131417805,2.284376229239818
"debt_to_income_ratio_>60%, loan_size_Large",interest_rate_bin_missing,0.00820049202952177,0.8333333333333333,2.2837814381377837
"co_applicant_age_25-34, derived_race_asian",loan_size_Large,0.004010240614436866,0.759469696969697,2.2831583452224122
"debt_to_income_ratio_39, loan_purpose_4",loan_size_Small,0.0015200912054723283,0.8042328042328042,2.282604950936818
"debt_to_income_ratio_44, loan_purpose_4",loan_size_Small,0.001930115806948417,0.8041666666666667,2.282417236713879
"debt_to_income_ratio_missing, derived_race_asian",interest_rate_bin_missing,0.014020841250475029,0.8325415676959621,2.2816115745386036
"loan_purpose_2, state_code_fl",loan_size_Small,0.006270376222573354,0.8038461538461538,2.2815075447104056
"loan_purpose_2, state_code_tx",loan_size_Small,0.0029901794107646457,0.8037634408602151,2.2812727854837034
"combined_loan_to_value_ratio_bin_(0.129, 68.474], loan_term_bin_missing",loan_size_Small,0.002620157209432566,0.803680981595092,2.2810387463773276
"debt_to_income_ratio_>60%, derived_dwelling_category_single family (1-4 units):manufactured",combined_loan_to_value_ratio_bin_missing,0.003880232813968838,0.7870182555780932,2.2807449195269047
"construction_method_2, debt_to_income_ratio_>60%",combined_loan_to_value_ratio_bin_missing,0.003880232813968838,0.7870182555780932,2.2807449195269047
"income_bracket_Very High, purchaser_type_8",loan_size_Large,0.0015400924055443326,0.7586206896551724,2.280606014111578
"combined_loan_to_value_ratio_bin_missing, loan_term_bin_missing",interest_rate_bin_missing,0.022701362081724904,0.8318065225357274,2.2795971555468393
"applicant_age_55-64, loan_purpose_2",loan_size_Small,0.015200912054723284,0.8029582673005811,2.2789875104440496
"interest_rate_bin_missing, loan_purpose_4",loan_size_Small,0.032421945316719006,0.8022766641920317,2.2770529578841936
"loan_term_bin_missing, state_code_ca",debt_to_income_ratio_missing,0.002070124207452447,0.7314487632508834,2.2767466967317924
"lien_status_2, loan_purpose_1",loan_size_Small,0.011150669040142409,0.802158273381295,2.2767169364619004
"loan_purpose_2, state_code_ny",loan_size_Small,0.003440206412384743,0.8018648018648019,2.2758839941434816
"derived_ethnicity_joint, loan_purpose_4",loan_size_Small,0.0014100846050763046,0.8011363636363636,2.2738165123174063
"income_bracket_Low, state_code_oh",loan_size_Small,0.008740524431465889,0.8010999083409717,2.273713043474415
"derived_dwelling_category_single family (1-4 units):manufactured, derived_race_black or african american",loan_size_Small,0.0034602076124567475,0.8009259259259259,2.273219239789874
"construction_method_2, derived_race_black or african american",loan_size_Small,0.0034602076124567475,0.8009259259259259,2.273219239789874
"derived_loan_product_type_conventional:subordinate lien, loan_purpose_1",loan_size_Small,0.01102066123967438,0.8008720930232558,2.2730664491432955
"derived_sex_male, loan_term_bin_missing",interest_rate_bin_missing,0.007630457827469649,0.8293478260869566,2.2728590051727773
"derived_dwelling_category_single family (1-4 units):manufactured, derived_race_race not available",combined_loan_to_value_ratio_bin_missing,0.007120427225633538,0.7841409691629956,2.272406667743358
"debt_to_income_ratio_<20%, income_bracket_Low",loan_size_Small,0.005200312018721123,0.7999999999999999,2.270591240668729
"applicant_age_45-54, loan_purpose_2",loan_size_Small,0.0189811388683321,0.7998314369995785,2.270112818578407
"derived_loan_product_type_conventional:subordinate lien, derived_race_race not available",loan_size_Small,0.02342140528431706,0.7993174061433447,2.2686538761289095
"derived_race_race not available, lien_status_2",loan_size_Small,0.023431405884353062,0.7988407773610638,2.2673010897062875
"debt_to_income_ratio_45, loan_purpose_2",loan_size_Small,0.001310078604716283,0.7987804878048781,2.2671299735335637
"combined_loan_to_value_ratio_bin_missing, derived_dwelling_category_multifamily:site-built",interest_rate_bin_missing,0.0010500630037802267,0.8267716535433071,2.265798907128825
"derived_dwelling_category_multifamily:site-built, state_code_other",debt_to_income_ratio_missing,0.0014700882052923175,0.7277227722772277,2.265148977154525
"income_bracket_Very High, purchaser_type_5",loan_size_Large,0.0011000660039602375,0.7534246575342465,2.264985424973827
"income_bracket_Very High, lien_status_1",loan_size_Large,0.12610756645398724,0.7522968619496481,2.261594985683155
"debt_to_income_ratio_30%-<36%, loan_purpose_4",loan_size_Small,0.007010420625237514,0.7965909090909091,2.2609154257226978
"interest_rate_bin_missing, loan_type_3",debt_to_income_ratio_missing,0.019561173670420224,0.7263275157816561,2.2608060268660206
"derived_loan_product_type_va:first lien, interest_rate_bin_missing",debt_to_income_ratio_missing,0.019561173670420224,0.7263275157816561,2.2608060268660206
"derived_race_white, loan_purpose_4",loan_size_Small,0.04298257895473728,0.7962208225268618,2.259865031584429
"combined_loan_to_value_ratio_bin_missing, loan_purpose_2",loan_size_Small,0.01379082744964698,0.796189376443418,2.259775780082403
"co_applicant_age_missing, loan_purpose_4",loan_size_Small,0.03995239714382863,0.796133917895576,2.259618375466215
"loan_size_Small, loan_term_bin_missing",interest_rate_bin_missing,0.01589095345720743,0.8241701244813278,2.2586693185897957
"applicant_age_<25, combined_loan_to_value_ratio_bin_missing",interest_rate_bin_missing,0.006980418825129508,0.8240850059031877,2.2584360479152394
loan_term_bin_missing,combined_loan_to_value_ratio_bin_missing,0.027291637498249893,0.7790465315443904,2.257643207513397
"applicant_age_>74, loan_purpose_2",loan_size_Small,0.002760165609936596,0.7953890489913544,2.2575042594545
"combined_loan_to_value_ratio_bin_(68.474, 82.976], loan_purpose_2",loan_size_Small,0.020421225273516412,0.7945525291828794,2.2551300162672887
"debt_to_income_ratio_missing, purchaser_type_0",interest_rate_bin_missing,0.1999519971198272,0.8227644952882597,2.2548171387577556
"loan_term_bin_missing, state_code_tx",combined_loan_to_value_ratio_bin_missing,0.002310138608316499,0.7777777777777777,2.2539664138852658
"loan_term_bin_missing, preapproval_2",combined_loan_to_value_ratio_bin_missing,0.02670160209612577,0.7777454121759395,2.253872619768755
"derived_race_black or african american, loan_term_bin_(0.999, 300.0]",loan_size_Small,0.01319079144748685,0.794099939795304,2.2538454593934785
"applicant_age_35-44, loan_purpose_4",loan_size_Small,0.015960957657459446,0.7940298507462686,2.25364652991747
"construction_method_2, derived_race_race not available",combined_loan_to_value_ratio_bin_missing,0.007150429025741544,0.7771739130434783,2.252216439961442
"loan_purpose_2, state_code_az",loan_size_Small,0.0021501290077404643,0.7933579335793357,2.2517394683753538
"debt_to_income_ratio_38, loan_purpose_2",loan_size_Small,0.0016500990059403564,0.7932692307692307,2.251487708595795
"combined_loan_to_value_ratio_bin_missing, loan_term_bin_(360.0, 674.0]",interest_rate_bin_missing,0.003970238214292858,0.8202479338842975,2.247920407290992
"debt_to_income_ratio_37, loan_purpose_2",loan_size_Small,0.0017101026061563695,0.7916666666666667,2.24693924857843
"co_applicant_age_<25, loan_term_bin_(0.999, 300.0]",loan_size_Small,0.0017101026061563695,0.7916666666666667,2.24693924857843
"debt_to_income_ratio_>60%, income_bracket_Very High",interest_rate_bin_missing,0.002230133808028482,0.8198529411764706,2.2468379148737903
"co_applicant_age_25-34, income_bracket_Very High",loan_size_Large,0.017451047062823768,0.7473233404710921,2.246643319916613
"loan_purpose_4, occupancy_type_1",loan_size_Small,0.06101366081964918,0.7914126345829551,2.2462182447982744
"derived_loan_product_type_conventional:subordinate lien, loan_purpose_32",loan_size_Small,0.00865051903114187,0.7913998170173834,2.2461818654831323
"lien_status_2, loan_purpose_32",loan_size_Small,0.00865051903114187,0.7913998170173834,2.2461818654831323
"derived_dwelling_category_single family (1-4 units):manufactured, derived_race_black or african american",interest_rate_bin_missing,0.0035402124127447646,0.8194444444444444,2.245718414168821
"construction_method_2, derived_race_black or african american",interest_rate_bin_missing,0.0035402124127447646,0.8194444444444444,2.245718414168821
"derived_race_american indian or alaska native, loan_term_bin_(0.999, 300.0]",loan_size_Small,0.00125007500450027,0.7911392405063291,2.2454422870537276
"debt_to_income_ratio_44, loan_purpose_2",loan_size_Small,0.0015900954057243434,0.7910447761194029,2.2451741745418405
"derived_ethnicity_not hispanic or latino, loan_term_bin_missing",combined_loan_to_value_ratio_bin_missing,0.01846110766645999,0.7746537977339488,2.244913254618417
"loan_purpose_4, loan_term_bin_missing",interest_rate_bin_missing,0.004710282616957017,0.8191304347826086,2.244857858844305
"debt_to_income_ratio_missing, loan_term_bin_(360.0, 674.0]",interest_rate_bin_missing,0.003940236414184851,0.8191268191268192,2.244847950003211
"construction_method_2, state_code_ga",combined_loan_to_value_ratio_bin_missing,0.0012700762045722742,0.774390243902439,2.244149486995522
"combined_loan_to_value_ratio_bin_(0.129, 68.474], state_code_oh",loan_size_Small,0.005960357621457288,0.790450928381963,2.243488692703188
"derived_race_asian, loan_term_bin_missing",interest_rate_bin_missing,0.0010800648038882333,0.8181818181818182,2.242258139262552
"debt_to_income_ratio_20%-<30%, derived_dwelling_category_single family (1-4 units):manufactured",loan_size_Small,0.003080184811088665,0.7897435897435897,2.2414810965575915
"construction_method_2, debt_to_income_ratio_20%-<30%",loan_size_Small,0.003080184811088665,0.7897435897435897,2.2414810965575915
"derived_dwelling_category_single family (1-4 units):manufactured, loan_term_bin_(0.999, 300.0]",combined_loan_to_value_ratio_bin_missing,0.02304138248294898,0.7734138972809668,2.241320076647239
"derived_dwelling_category_single family (1-4 units):manufactured, state_code_tx",combined_loan_to_value_ratio_bin_missing,0.005010300618037082,0.7731481481481481,2.240549947135949
"construction_method_2, state_code_tx",combined_loan_to_value_ratio_bin_missing,0.005010300618037082,0.7731481481481481,2.240549947135949
"derived_dwelling_category_single family (1-4 units):manufactured, state_code_ga",combined_loan_to_value_ratio_bin_missing,0.0012600756045362722,0.7730061349693251,2.240138399076154
"loan_purpose_4, purchaser_type_71",loan_size_Small,0.0017601056063363803,0.789237668161435,2.2400451701664594
"debt_to_income_ratio_50%-60%, loan_purpose_4",loan_size_Small,0.0046802808168490105,0.7892074198988195,2.2399593183662843
"co_applicant_age_35-44, loan_type_3",loan_size_Large,0.004410264615876952,0.7449324324324323,2.239455644538772
"co_applicant_age_35-44, derived_loan_product_type_va:first lien",loan_size_Large,0.004410264615876952,0.7449324324324323,2.239455644538772
"loan_term_bin_(0.999, 300.0], total_units_5-24",loan_size_Large,0.0013400804048242895,0.7444444444444445,2.2379886289993918
"applicant_age_45-54, loan_purpose_4",loan_size_Small,0.015800948056883413,0.7884231536926148,2.237733383393583
"loan_purpose_2, loan_term_bin_(360.0, 674.0]",loan_size_Small,0.0037202232133928034,0.788135593220339,2.236917218031693
"debt_to_income_ratio_37, loan_purpose_4",loan_size_Small,0.0014500870052203132,0.7880434782608696,2.236655773756561
"debt_to_income_ratio_40, loan_purpose_4",loan_size_Small,0.0014500870052203132,0.7880434782608696,2.236655773756561
"co_applicant_age_35-44, lien_status_2",loan_size_Small,0.016540992459547574,0.787994282991901,2.236516145823058
"derived_loan_product_type_conventional:first lien, income_bracket_Very High",loan_size_Large,0.11419685181110867,0.7439087947882735,2.2363783304088334
"co_applicant_age_35-44, derived_loan_product_type_conventional:subordinate lien",loan_size_Small,0.016520991259475568,0.7877920839294229,2.23594225654789
"loan_term_bin_(0.999, 300.0], state_code_oh",loan_size_Small,0.006830409824589476,0.787773933102653,2.2358907401625467
"derived_ethnicity_joint, loan_purpose_2",loan_size_Small,0.001930115806948417,0.7877551020408164,2.2358372931074735
"construction_method_2, loan_term_bin_(0.999, 300.0]",combined_loan_to_value_ratio_bin_missing,0.02306138368302098,0.7712374581939799,2.235012850156465
"combined_loan_to_value_ratio_bin_missing, conforming_loan_limit_missing",interest_rate_bin_missing,0.001060063603816229,0.8153846153846154,2.234592299470201
"debt_to_income_ratio_47, derived_loan_product_type_conventional:subordinate lien",loan_size_Small,0.002070124207452447,0.7870722433460076,2.2338991768936642
"debt_to_income_ratio_47, lien_status_2",loan_size_Small,0.002070124207452447,0.7870722433460076,2.2338991768936642
"co_applicant_age_35-44, loan_term_bin_missing",combined_loan_to_value_ratio_bin_missing,0.0022201332079924796,0.7708333333333333,2.2338417137612905
"lien_status_2, loan_term_bin_(360.0, 674.0]",loan_size_Small,0.006650399023941436,0.78698224852071,2.2336437500661313
"co_applicant_age_missing, loan_term_bin_missing",combined_loan_to_value_ratio_bin_missing,0.016741004460267616,0.7707182320441989,2.2335081551957
"construction_method_1, loan_term_bin_missing",combined_loan_to_value_ratio_bin_missing,0.02566153969238154,0.7705705705705707,2.2330802386214645
"interest_rate_bin_(-0.001, 3.99], lien_status_2",loan_size_Small,0.022471348280896853,0.7867647058823529,2.2330263120547245
"derived_loan_product_type_conventional:subordinate lien, loan_term_bin_(360.0, 674.0]",loan_size_Small,0.006640398423905435,0.7867298578199052,2.2329274049230396
"derived_loan_product_type_conventional:subordinate lien, interest_rate_bin_(-0.001, 3.99]",loan_size_Small,0.022431345880752844,0.7864656381486675,2.2321774863341335
"debt_to_income_ratio_49, lien_status_2",loan_size_Small,0.0032401944116647,0.7864077669902912,2.232013234152513
"debt_to_income_ratio_49, derived_loan_product_type_conventional:subordinate lien",loan_size_Small,0.0032301938116286975,0.7858880778588808,2.2305382321654488
"co_applicant_age_<25, combined_loan_to_value_ratio_bin_missing",interest_rate_bin_missing,0.0028401704102246133,0.813753581661891,2.2301223900210796
"conforming_loan_limit_c, loan_term_bin_missing",combined_loan_to_value_ratio_bin_missing,0.025431525891553494,0.7694402420574886,2.2298045954005654
"derived_loan_product_type_fha:first lien, derived_race_race not available",debt_to_income_ratio_missing,0.03060183611016661,0.7154547580079494,2.226962897190565
"derived_race_race not available, loan_type_2",debt_to_income_ratio_missing,0.030611836710202612,0.7153540546856741,2.226649442622235
"loan_purpose_4, purchaser_type_0",loan_size_Small,0.0592535552133128,0.7841450502911593,2.225591103256058
"loan_term_bin_missing, total_units_1",combined_loan_to_value_ratio_bin_missing,0.02518151089065344,0.7676829268292684,2.2247119717538286
"derived_ethnicity_not hispanic or latino, loan_purpose_4",loan_size_Small,0.04561273676420585,0.7836769759450172,2.2242625963681433
"co_applicant_age_25-34, loan_term_bin_missing",combined_loan_to_value_ratio_bin_missing,0.0015500930055803348,0.7673267326732673,2.223679736470966
"derived_sex_female, loan_term_bin_(0.999, 300.0]",loan_size_Small,0.03682220933255995,0.7829045290240273,2.2220702073522918
"co_applicant_age_<25, derived_dwelling_category_single family (1-4 units):manufactured",combined_loan_to_value_ratio_bin_missing,0.001380082804968298,0.7666666666666666,2.221766893686905
"co_applicant_age_<25, construction_method_2",combined_loan_to_value_ratio_bin_missing,0.001380082804968298,0.7666666666666666,2.221766893686905
"debt_to_income_ratio_missing, derived_dwelling_category_single family (1-4 units):manufactured",interest_rate_bin_missing,0.011450687041222473,0.8103326256192498,2.220747130928036
"income_bracket_Very High, loan_term_bin_missing",combined_loan_to_value_ratio_bin_missing,0.0044902694161649695,0.766211604095563,2.220448142006426
"derived_dwelling_category_single family (1-4 units):site-built, loan_term_bin_missing",combined_loan_to_value_ratio_bin_missing,0.024961497689861393,0.7661141804788215,2.22016581257207
"debt_to_income_ratio_43, loan_purpose_4",loan_size_Small,0.0012900774046442787,0.7818181818181819,2.2189868942898947
"lien_status_2, loan_term_bin_(300.0, 360.0]",loan_size_Small,0.053593215592935575,0.7814231554389034,2.217865714994116
"derived_loan_product_type_conventional:subordinate lien, loan_term_bin_(300.0, 360.0]",loan_size_Small,0.05354321259275557,0.781377699941623,2.21773670142666
"combined_loan_to_value_ratio_bin_missing, purchaser_type_6",debt_to_income_ratio_missing,0.0017801068064083846,0.7120000000000001,2.216209431906615
"loan_term_bin_missing, state_code_tx",interest_rate_bin_missing,0.0024001440086405183,0.808080808080808,2.2145759400123963
"applicant_age_>74, combined_loan_to_value_ratio_bin_missing",interest_rate_bin_missing,0.00981058863531812,0.8080724876441516,2.214553137541845
"co_applicant_age_55-64, loan_term_bin_missing",interest_rate_bin_missing,0.0016400984059043542,0.8078817733990147,2.214030477958206
"co_applicant_age_35-44, loan_purpose_2",loan_size_Small,0.008410504630277817,0.7794253938832252,2.2121955901325316
"applicant_age_>74, state_code_oh",loan_size_Small,0.001060063603816229,0.7794117647058824,2.2121569072691663
"applicant_age_>74, loan_type_2",debt_to_income_ratio_missing,0.0030201812108726525,0.7105882352941176,2.2118150972762645
"applicant_age_>74, derived_loan_product_type_fha:first lien",debt_to_income_ratio_missing,0.0030201812108726525,0.7105882352941176,2.2118150972762645
"interest_rate_bin_missing, loan_type_3",combined_loan_to_value_ratio_bin_missing,0.02055123307398444,0.7630894912736725,2.2114003938681237
"derived_loan_product_type_va:first lien, interest_rate_bin_missing",combined_loan_to_value_ratio_bin_missing,0.02055123307398444,0.7630894912736725,2.2114003938681237
"state_code_other, total_units_5-24",debt_to_income_ratio_missing,0.0010300618037082225,0.7103448275862069,2.21105745337448
"derived_sex_male, loan_purpose_4",loan_size_Small,0.02163129787787267,0.7788980914656104,2.210698979819257
"loan_type_3, purchaser_type_0",interest_rate_bin_missing,0.02690161409684581,0.8065967016491754,2.2105086903474565
"derived_loan_product_type_va:first lien, purchaser_type_0",interest_rate_bin_missing,0.02690161409684581,0.8065967016491754,2.2105086903474565
"debt_to_income_ratio_49, loan_purpose_4",loan_size_Small,0.0013700822049322959,0.7784090909090908,2.2093110793438626
"loan_purpose_4, total_units_1",loan_size_Small,0.062193731623897436,0.7783479349186483,2.2091375040235963
"loan_purpose_4, loan_type_1",loan_size_Small,0.06209372562353741,0.7773882559158632,2.2064137056016246
"combined_loan_to_value_ratio_bin_missing, debt_to_income_ratio_<20%",loan_size_Small,0.001500090005400324,0.7772020725388601,2.2058852726703977
"construction_method_2, debt_to_income_ratio_missing",interest_rate_bin_missing,0.011460687641258476,0.8047752808988764,2.2055170180667703
"loan_purpose_4, reverse_mortgage_2",loan_size_Small,0.06167370042202532,0.7766024430172523,2.2041833807461364
"derived_race_race not available, purchaser_type_2",combined_loan_to_value_ratio_bin_missing,0.027161629697781867,0.7605712685522263,2.204102693163638
"combined_loan_to_value_ratio_bin_missing, loan_purpose_32",interest_rate_bin_missing,0.05870352221133268,0.8037792687936465,2.2027874093170685
"lien_status_1, state_code_ca",loan_size_Large,0.05662339740384423,0.7325656617932461,2.202277998477357
loan_purpose_4,loan_size_Small,0.06308378502710163,0.7753195673549657,2.2005422729440673
"loan_term_bin_missing, state_code_fl",combined_loan_to_value_ratio_bin_missing,0.0014500870052203132,0.7591623036649215,2.200019573762358
"debt_to_income_ratio_missing, loan_purpose_2",loan_size_Small,0.011650699041942516,0.7751164337990685,2.199965731353185
"derived_dwelling_category_single family (1-4 units):site-built, loan_purpose_4",loan_size_Small,0.0624937496249775,0.7748295102293863,2.1991513736731076
"debt_to_income_ratio_>60%, loan_purpose_4",loan_size_Small,0.006220373222393344,0.7745952677459527,2.1984865375092615
"construction_method_1, loan_purpose_4",loan_size_Small,0.0624937496249775,0.7743494423791822,2.197788826353608
"co_applicant_age_45-54, lien_status_2",loan_size_Small,0.01393083585015101,0.7743190661478598,2.197702611347651
"co_applicant_age_45-54, derived_loan_product_type_conventional:subordinate lien",loan_size_Small,0.013910834650079005,0.7740678909293267,2.196989716033808
"combined_loan_to_value_ratio_bin_(82.976, 27777.78], state_code_ca",loan_size_Large,0.010260615636938216,0.7307692307692307,2.1968774716354535
"debt_to_income_ratio_20%-<30%, loan_purpose_4",loan_size_Small,0.007980478828729723,0.7740058195926285,2.1968135427420536
"derived_dwelling_category_single family (1-4 units):manufactured, purchaser_type_0",combined_loan_to_value_ratio_bin_missing,0.027991679500770045,0.7579203899268886,2.1964205613780408
"debt_to_income_ratio_>60%, occupancy_type_3",interest_rate_bin_missing,0.0016500990059403564,0.8009708737864077,2.1950908968508798
"interest_rate_bin_(5.375, 15.25], loan_term_bin_(0.999, 300.0]",loan_size_Small,0.0337820269216153,0.7733516483516483,2.1949568483799697
"loan_purpose_4, loan_term_bin_(360.0, 674.0]",loan_size_Small,0.003190191411484689,0.7723970944309927,2.192247596166237
"construction_method_2, purchaser_type_0",combined_loan_to_value_ratio_bin_missing,0.02802168130087805,0.7562753036437246,2.19165317236779
"derived_loan_product_type_conventional:first lien, state_code_ca",loan_size_Large,0.04605276316578995,0.7286392405063291,2.1904741812034714
"debt_to_income_ratio_>60%, derived_loan_product_type_conventional:subordinate lien",loan_size_Small,0.01176070564233854,0.7716535433070866,2.1901372203300733
"debt_to_income_ratio_>60%, lien_status_2",loan_size_Small,0.01176070564233854,0.7716535433070866,2.1901372203300733
"debt_to_income_ratio_48, income_bracket_Very High",loan_size_Large,0.0020901254075244517,0.7282229965156795,2.189222846298745
"applicant_age_55-64, loan_term_bin_missing",combined_loan_to_value_ratio_bin_missing,0.0037202232133928034,0.7545638945233265,2.1866935826391973
"co_applicant_age_45-54, loan_purpose_2",loan_size_Small,0.0070504230253815225,0.7696506550218339,2.1844525445844076
"combined_loan_to_value_ratio_bin_(0.129, 68.474], loan_purpose_4",loan_size_Small,0.022331339880392823,0.7694693314955203,2.183937905071189
"co_applicant_age_35-44, loan_purpose_4",loan_size_Small,0.00616036962217733,0.7690387016229712,2.1827156745504634
"applicant_age_missing, loan_purpose_4",combined_loan_to_value_ratio_bin_missing,0.0013700822049322959,0.7527472527472527,2.181429033218629
"loan_term_bin_missing, purchaser_type_0",combined_loan_to_value_ratio_bin_missing,0.021891313478808728,0.752233676975945,2.1799407128106836
"derived_dwelling_category_single family (1-4 units):manufactured, loan_type_1",loan_size_Small,0.02847170830249815,0.7677993527508091,2.179198106183884
"loan_term_bin_missing, loan_type_1",combined_loan_to_value_ratio_bin_missing,0.02149128947736864,0.751924422673198,2.179044507195588
"debt_to_income_ratio_missing, total_units_2",combined_loan_to_value_ratio_bin_missing,0.005440326419585175,0.7513812154696132,2.1774703161764526
"construction_method_2, loan_type_1",loan_size_Small,0.028481708902534153,0.7655913978494624,2.1729314023603967
"income_bracket_High, loan_type_3",loan_size_Large,0.01218073084385063,0.7224199288256227,2.1717773544281553
"derived_loan_product_type_va:first lien, income_bracket_High",loan_size_Large,0.01218073084385063,0.7224199288256227,2.1717773544281553
"combined_loan_to_value_ratio_bin_(68.474, 82.976], loan_term_bin_missing",loan_size_Small,0.0014000840050403024,0.7650273224043715,2.1713304214045226
"applicant_age_missing, loan_purpose_31",combined_loan_to_value_ratio_bin_missing,0.00750045002700162,0.7492507492507492,2.1712963170722914
"derived_race_asian, income_bracket_Very High",loan_size_Large,0.016721003260195613,0.7222462203023758,2.171255142592621
"co_applicant_age_55-64, derived_loan_product_type_conventional:subordinate lien",loan_size_Small,0.009880592835570134,0.7647058823529412,2.1704180976980503
"co_applicant_age_55-64, lien_status_2",loan_size_Small,0.009890593435606136,0.7642967542503863,2.1692568943405846
"derived_dwelling_category_single family (1-4 units):manufactured, derived_loan_product_type_conventional:first lien",combined_loan_to_value_ratio_bin_missing,0.026921615296917816,0.7473625763464742,2.165824473531063
"derived_race_race not available, loan_purpose_2",loan_size_Small,0.011580694841690501,0.7623436471362739,2.1637135094588453
"conforming_loan_limit_nc, debt_to_income_ratio_>60%",interest_rate_bin_missing,0.0016100966057963479,0.7892156862745098,2.1628753620010777
"debt_to_income_ratio_missing, preapproval_1",combined_loan_to_value_ratio_bin_missing,0.001000060003600216,0.7462686567164178,2.162654341680959
"construction_method_2, derived_loan_product_type_conventional:first lien",combined_loan_to_value_ratio_bin_missing,0.026951617097025822,0.7457111234089652,2.1610386342314465
"derived_sex_male, loan_term_bin_missing",combined_loan_to_value_ratio_bin_missing,0.0068604116246974815,0.7456521739130435,2.1608678011378313
"derived_dwelling_category_single family (1-4 units):manufactured, derived_loan_product_type_conventional:first lien",loan_size_Small,0.027421645298717923,0.7612437534702943,2.1605917483042947
"derived_dwelling_category_single family (1-4 units):manufactured, loan_purpose_1",combined_loan_to_value_ratio_bin_missing,0.02662159729583775,0.7450321858382312,2.159071102469442
"applicant_age_65-74, derived_dwelling_category_single family (1-4 units):manufactured",loan_size_Small,0.0030201812108726525,0.760705289672544,2.1590634593260587
"applicant_age_65-74, construction_method_2",loan_size_Small,0.0030201812108726525,0.760705289672544,2.1590634593260587
"combined_loan_to_value_ratio_bin_missing, loan_purpose_4",loan_size_Small,0.01352081124867492,0.7604049493813273,2.158211021782988
"purchaser_type_1, state_code_ca",loan_size_Large,0.008390503430205812,0.7177074422583405,2.1576104257465123
"construction_method_2, loan_purpose_1",combined_loan_to_value_ratio_bin_missing,0.026651599095945756,0.7442055291817927,2.156675487175893
"income_bracket_Very High, state_code_ca",loan_size_Large,0.026331579894793688,0.7172432579678562,2.156214970153262
"construction_method_2, derived_loan_product_type_conventional:first lien",loan_size_Small,0.027431645898753926,0.7589928057553957,2.1542030205984797
"derived_race_race not available, occupancy_type_3",debt_to_income_ratio_missing,0.022021321279276758,0.6920175989943432,2.154011137551451
"loan_term_bin_missing, occupancy_type_1",combined_loan_to_value_ratio_bin_missing,0.02147128827729664,0.7429065743944637,2.1529111722938703
"co_applicant_age_>74, combined_loan_to_value_ratio_bin_missing",interest_rate_bin_missing,0.0034802088125287516,0.7855530474040632,2.152837762000764
"combined_loan_to_value_ratio_bin_(68.474, 82.976], loan_purpose_4",loan_size_Small,0.01624097445846751,0.758169934640523,2.151867515666443
"derived_loan_product_type_fha:first lien, loan_purpose_5",loan_size_Small,0.0019101146068764125,0.7579365079365079,2.1512049948795995
"applicant_age_missing, loan_term_bin_missing",interest_rate_bin_missing,0.00361021661299678,0.7847826086956522,2.150726345654974
"derived_dwelling_category_single family (1-4 units):manufactured, derived_ethnicity_hispanic or latino",loan_size_Small,0.004780286817209032,0.7575277337559428,2.1500447960373466
"construction_method_2, derived_ethnicity_hispanic or latino",loan_size_Small,0.004780286817209032,0.7575277337559428,2.1500447960373466
"loan_purpose_4, state_code_az",loan_size_Small,0.0017801068064083846,0.7574468085106384,2.1498151108459247
"derived_loan_product_type_fha:first lien, state_code_ca",loan_size_Large,0.006450387023221394,0.7150776053215079,2.149704469560425
"co_applicant_age_45-54, loan_term_bin_missing",combined_loan_to_value_ratio_bin_missing,0.001980118807128428,0.7415730337078652,2.1490466289692587
"derived_race_american indian or alaska native, purchaser_type_0",interest_rate_bin_missing,0.0032301938116286975,0.7839805825242718,2.148528362675255
"combined_loan_to_value_ratio_bin_missing, loan_term_bin_(0.999, 300.0]",interest_rate_bin_missing,0.049602976178570714,0.7835703001579779,2.14740396837221
"applicant_age_>74, debt_to_income_ratio_missing",interest_rate_bin_missing,0.00912054723283397,0.7835051546391752,2.147225434620267
"debt_to_income_ratio_missing, loan_purpose_32",interest_rate_bin_missing,0.0569534172050323,0.7831408140814082,2.14622694557668
"interest_rate_bin_missing, loan_purpose_1",combined_loan_to_value_ratio_bin_missing,0.10188611316679001,0.7405146096816398,2.14597936184628
"loan_type_2, state_code_ca",loan_size_Large,0.006450387023221394,0.713495575221239,2.1449484862206893
"derived_race_native hawaiian or other pacific islander, purchaser_type_0",interest_rate_bin_missing,0.0012600756045362722,0.782608695652174,2.144768654946789
"income_bracket_Very High, loan_term_bin_(300.0, 360.0]",loan_size_Large,0.11428685721143268,0.7132692547746848,2.1442681096127663
"lien_status_1, loan_term_bin_missing",interest_rate_bin_missing,0.020711242674560475,0.7823951643369853,2.144183464321882
"derived_race_white, loan_term_bin_missing",interest_rate_bin_missing,0.0171310278616717,0.7821917808219178,2.1436260841260406
loan_term_bin_missing,interest_rate_bin_missing,0.027391643498609917,0.7819012275192692,2.1428298118387863
"loan_purpose_5, loan_type_2",loan_size_Small,0.0019101146068764125,0.7549407114624505,2.1427022083385734
"applicant_age_25-34, income_bracket_Very High",loan_size_Large,0.02348140888453307,0.7119466343238325,2.140291977408974
"lien_status_2, loan_term_bin_missing",interest_rate_bin_missing,0.006680400824049443,0.7803738317757009,2.138643926181364
"derived_loan_product_type_conventional:subordinate lien, loan_term_bin_missing",interest_rate_bin_missing,0.0066704002240134406,0.7801169590643274,2.1379399568251256
"applicant_age_25-34, state_code_ca",loan_size_Large,0.009570574234454067,0.7109955423476969,2.137432753938897
"derived_dwelling_category_single family (1-4 units):manufactured, purchaser_type_0",loan_size_Small,0.027811668700122007,0.7530463038180341,2.1373254265839887
"loan_term_bin_missing, preapproval_2",interest_rate_bin_missing,0.02676160569634178,0.7794931546752112,2.136230397363254
"interest_rate_bin_(3.99, 5.375], loan_purpose_4",loan_size_Small,0.007810468628117687,0.7524084778420039,2.1355151239911825
"state_code_other, total_units_5-24",loan_size_Large,0.0010300618037082225,0.7103448275862069,2.1354765404862954
"loan_purpose_2, loan_term_bin_(300.0, 360.0]",loan_size_Small,0.029851791107466448,0.7520786092214663,2.134578877990727
"debt_to_income_ratio_>60%, loan_purpose_2",loan_size_Small,0.006140368422105327,0.7515299877600979,2.1330217591349445
"derived_race_race not available, loan_term_bin_missing",interest_rate_bin_missing,0.0066704002240134406,0.7782963827304551,2.1329505986995128
"construction_method_2, purchaser_type_0",loan_size_Small,0.02782166930015801,0.7508771929824561,2.13116897150486
"combined_loan_to_value_ratio_bin_(82.976, 27777.78], loan_term_bin_missing",interest_rate_bin_missing,0.002060123607416445,0.7773584905660378,2.130380269840227
"income_bracket_Very High, purchaser_type_1",loan_size_Large,0.016000960057603455,0.7085916740478299,2.130206116731967
"co_applicant_age_missing, derived_dwelling_category_single family (1-4 units):manufactured",loan_size_Small,0.020351221073264397,0.7503687315634219,2.1297258364495133
"combined_loan_to_value_ratio_bin_missing, derived_dwelling_category_single family (1-4 units):manufactured",loan_size_Small,0.022581354881292877,0.7501661129568106,2.129150756407803
"combined_loan_to_value_ratio_bin_missing, construction_method_2",loan_size_Small,0.022581354881292877,0.749419183538002,2.1270307921631226
"conforming_loan_limit_c, loan_term_bin_missing",interest_rate_bin_missing,0.025651539092345542,0.7760968229954615,2.1269226222656883
"applicant_age_<25, derived_dwelling_category_single family (1-4 units):manufactured",combined_loan_to_value_ratio_bin_missing,0.002620157209432566,0.7338935574229691,2.1267918383119078
"applicant_age_<25, construction_method_2",combined_loan_to_value_ratio_bin_missing,0.002620157209432566,0.7338935574229691,2.1267918383119078
"derived_dwelling_category_single family (1-4 units):manufactured, derived_ethnicity_hispanic or latino",combined_loan_to_value_ratio_bin_missing,0.004630277816669,0.7337559429477021,2.126393037505072
"construction_method_2, derived_ethnicity_hispanic or latino",combined_loan_to_value_ratio_bin_missing,0.004630277816669,0.7337559429477021,2.126393037505072
"construction_method_1, loan_term_bin_missing",interest_rate_bin_missing,0.02583154989299358,0.7756756756756757,2.1257684521477107
"loan_term_bin_missing, state_code_ny",interest_rate_bin_missing,0.0012100726043562614,0.7756410256410257,2.1256734924205527
"co_applicant_age_65-74, loan_purpose_2",loan_size_Small,0.0030401824109446566,0.7487684729064039,2.1251839198377267
"co_applicant_age_65-74, derived_dwelling_category_single family (1-4 units):manufactured",loan_size_Small,0.00125007500450027,0.7485029940119761,2.124430427272389
"co_applicant_age_>74, debt_to_income_ratio_missing",interest_rate_bin_missing,0.0032001920115206912,0.774818401937046,2.123419061125688
"purchaser_type_3, state_code_ca",loan_size_Large,0.005500330019801188,0.7060333761232349,2.122515224943381
"co_applicant_age_missing, construction_method_2",loan_size_Small,0.020361221673300397,0.7477047374219611,2.122164784246021
"derived_dwelling_category_single family (1-4 units):manufactured, loan_type_1",combined_loan_to_value_ratio_bin_missing,0.027151629097745864,0.732200647249191,2.121885857731795
"debt_to_income_ratio_36, loan_purpose_4",loan_size_Small,0.0013000780046802808,0.7471264367816092,2.120523428785451
"combined_loan_to_value_ratio_bin_missing, total_units_3",interest_rate_bin_missing,0.0012300738044282657,0.7735849056603774,2.1200386180448865
"derived_race_race not available, loan_type_3",debt_to_income_ratio_missing,0.01638098285897154,0.681081081081081,2.119969544641918
"derived_loan_product_type_va:first lien, derived_race_race not available",debt_to_income_ratio_missing,0.01638098285897154,0.681081081081081,2.119969544641918
"loan_term_bin_(0.999, 300.0], occupancy_type_3",debt_to_income_ratio_missing,0.014450867052023121,0.680961357210179,2.1195968856925957
"applicant_age_35-44, derived_dwelling_category_single family (1-4 units):manufactured",combined_loan_to_value_ratio_bin_missing,0.0064803888233294,0.7313769751693002,2.119498891612201
"applicant_age_35-44, construction_method_2",combined_loan_to_value_ratio_bin_missing,0.0064803888233294,0.7313769751693002,2.119498891612201
"derived_race_asian, loan_purpose_1",loan_size_Large,0.025101506090365423,0.7048581859028362,2.118982305368535
"co_applicant_age_missing, loan_term_bin_missing",interest_rate_bin_missing,0.016791007460447628,0.7730202578268877,2.118491179355436
"derived_ethnicity_not hispanic or latino, loan_term_bin_missing",interest_rate_bin_missing,0.01842110526631598,0.7729752412924885,2.118367809844632
"loan_term_bin_(0.999, 300.0], purchaser_type_9",loan_size_Small,0.001940116406984419,0.7461538461538462,2.117762984085257
"co_applicant_age_25-34, derived_dwelling_category_single family (1-4 units):manufactured",combined_loan_to_value_ratio_bin_missing,0.0028501710102606156,0.7307692307692307,2.1177376745845082
"co_applicant_age_25-34, construction_method_2",combined_loan_to_value_ratio_bin_missing,0.0028501710102606156,0.7307692307692307,2.1177376745845082
"combined_loan_to_value_ratio_bin_(82.976, 27777.78], loan_term_bin_(0.999, 300.0]",loan_size_Small,0.020161209672580355,0.7461139896373057,2.1176498617635815
"interest_rate_bin_missing, loan_size_Large",debt_to_income_ratio_missing,0.06812408744524671,0.6803155897333466,2.1175868351687552
"construction_method_2, loan_type_1",combined_loan_to_value_ratio_bin_missing,0.027181630897853873,0.7306451612903226,2.117378126592219
"applicant_age_65-74, loan_purpose_4",loan_size_Small,0.007310438626317579,0.7459183673469388,2.1170946389398484
"derived_dwelling_category_single family (1-4 units):manufactured, state_code_ca",combined_loan_to_value_ratio_bin_missing,0.001570094205652339,0.7302325581395349,2.116182420478326
"loan_purpose_4, state_code_tx",loan_size_Small,0.002810168610116607,0.7453580901856764,2.1155044384214623
"derived_race_asian, state_code_ca",loan_size_Large,0.010040602436146169,0.7035739313244569,2.115121510698627
"debt_to_income_ratio_39, loan_term_bin_(0.999, 300.0]",loan_size_Small,0.0038302298137888272,0.7451361867704279,2.1148746234827898
"derived_dwelling_category_single family (1-4 units):manufactured, state_code_other",loan_size_Small,0.0176010560633638,0.7451312447078746,2.1148605967278593
"lien_status_2, total_units_2",loan_size_Small,0.001810108606516391,0.7448559670781894,2.114079293009465
"loan_term_bin_missing, total_units_1",interest_rate_bin_missing,0.02528151689101346,0.7707317073170733,2.1122193203459703
"derived_dwelling_category_single family (1-4 units):site-built, loan_term_bin_missing",interest_rate_bin_missing,0.025111506690401426,0.770718232044199,2.1121823908522934
"derived_race_asian, preapproval_1",loan_size_Large,0.0013700822049322959,0.7025641025641025,2.1120857095723307
"co_applicant_age_65-74, construction_method_2",loan_size_Small,0.00125007500450027,0.744047619047619,2.111785008062434
"derived_dwelling_category_single family (1-4 units):manufactured, interest_rate_bin_missing",loan_size_Small,0.020911254675280516,0.743863393810032,2.111262132798965
"derived_loan_product_type_conventional:subordinate lien, total_units_2",loan_size_Small,0.0018001080064803888,0.743801652892562,2.111086897315967
"loan_purpose_32, loan_term_bin_missing",interest_rate_bin_missing,0.002480148808928536,0.7701863354037267,2.1107247080428713
"applicant_age_25-34, loan_term_bin_(0.999, 300.0]",loan_size_Small,0.019641178470708242,0.7433762301286904,2.1098794458144323
"construction_method_2, state_code_other",loan_size_Small,0.017611056663399804,0.7433516251582946,2.1098096110266105
"construction_method_2, interest_rate_bin_missing",loan_size_Small,0.020911254675280516,0.7433345183078564,2.1097610576956596
"co_applicant_age_45-54, loan_purpose_4",loan_size_Small,0.005440326419585175,0.7431693989071039,2.1092924093643934
"debt_to_income_ratio_49, loan_purpose_2",loan_size_Small,0.0015900954057243434,0.7429906542056074,2.108785089172476
"construction_method_2, state_code_ca",combined_loan_to_value_ratio_bin_missing,0.001570094205652339,0.7268518518518519,2.1063852796427787
"income_bracket_Very High, purchaser_type_3",loan_size_Large,0.012710762645758746,0.7006615214994488,2.1063660688117336
"derived_race_black or african american, loan_term_bin_missing",interest_rate_bin_missing,0.0017601056063363803,0.7685589519650655,2.1062648023349344
"loan_purpose_4, state_code_ny",loan_size_Small,0.0023301398083885034,0.7420382165605096,2.1060818434546733
"derived_race_joint, lien_status_2",loan_size_Small,0.002810168610116607,0.741424802110818,2.1043408266092114
"co_applicant_age_35-44, derived_race_asian",loan_size_Large,0.004430265815948957,0.6998420221169036,2.103902446021215
"derived_dwelling_category_single family (1-4 units):manufactured, state_code_tx",loan_size_Small,0.004800288017281037,0.7407407407407407,2.10239929691549
"construction_method_2, state_code_tx",loan_size_Small,0.004800288017281037,0.7407407407407407,2.10239929691549
"applicant_age_>74, debt_to_income_ratio_<20%",loan_size_Small,0.0011700702042122526,0.740506329113924,2.101733980682289
"applicant_age_>74, loan_purpose_4",loan_size_Small,0.0028201692101526093,0.7401574803149606,2.100743864398234
"debt_to_income_ratio_44, income_bracket_Very High",loan_size_Large,0.0032701962117727065,0.6987179487179488,2.1005231965637234
"debt_to_income_ratio_30%-<36%, income_bracket_Low",loan_size_Small,0.013780826849610977,0.7400644468313642,2.100479813132055
"derived_loan_product_type_conventional:subordinate lien, derived_race_joint",loan_size_Small,0.0027901674100446025,0.7400530503978779,2.100447467329494
"co_applicant_age_missing, income_bracket_Very High",derived_sex_male,0.0583335000100006,0.6468892092713763,2.0972356642311705
"interest_rate_bin_(-0.001, 3.99], loan_purpose_2",loan_size_Small,0.011630697841870511,0.7388818297331637,2.0971232631017562
"combined_loan_to_value_ratio_bin_missing, loan_size_Small",interest_rate_bin_missing,0.08557513450807049,0.7651792899937405,2.097002711202184
"loan_size_Small, purchaser_type_5",debt_to_income_ratio_missing,0.001380082804968298,0.6731707317073171,2.0953473664230806
"applicant_age_65-74, state_code_oh",loan_size_Small,0.002510150609036542,0.7382352941176471,2.095288240470041
"applicant_age_55-64, loan_purpose_4",loan_size_Small,0.01208072484349061,0.7379352474037875,2.0944366361696893
"debt_to_income_ratio_missing, loan_purpose_4",loan_size_Small,0.011630697841870511,0.7370088719898606,2.091807361294148
"co_applicant_age_35-44, purchaser_type_6",loan_size_Large,0.0021901314078844733,0.6952380952380953,2.090061875270221
"debt_to_income_ratio_50%-60%, loan_term_bin_(0.999, 300.0]",loan_size_Small,0.00856051363081785,0.7360275150472916,2.0890220356969396
"interest_rate_bin_missing, loan_size_Large",combined_loan_to_value_ratio_bin_missing,0.07217433045982759,0.7207630080894836,2.088740073348785
"loan_purpose_5, purchaser_type_0",loan_size_Small,0.00273016380982859,0.7358490566037736,2.0885155279735956
"interest_rate_bin_(-0.001, 3.99], state_code_ca",loan_size_Large,0.01750105006300378,0.6947201270345376,2.088504731606384
"loan_term_bin_missing, reverse_mortgage_2",loan_size_Small,0.007480448826929616,0.7354965585054081,2.087515054105469
"interest_rate_bin_(3.99, 5.375], state_code_ca",loan_size_Large,0.013450807048422905,0.6943727413526071,2.0874604022251395
"derived_sex_female, loan_term_bin_missing",combined_loan_to_value_ratio_bin_missing,0.00546032761965718,0.7203166226912929,2.0874464677407083
"loan_purpose_4, state_code_fl",loan_size_Small,0.005220313218793128,0.7352112676056338,2.0867053303328817
"derived_race_race not available, loan_type_3",combined_loan_to_value_ratio_bin_missing,0.017311038662319738,0.7197505197505196,2.085805925863888
"derived_loan_product_type_va:first lien, derived_race_race not available",combined_loan_to_value_ratio_bin_missing,0.017311038662319738,0.7197505197505196,2.085805925863888
"applicant_age_>74, loan_term_bin_(0.999, 300.0]",loan_size_Small,0.005360321619297158,0.7342465753424658,2.0839673030795187
"derived_dwelling_category_single family (1-4 units):manufactured, loan_size_Small",combined_loan_to_value_ratio_bin_missing,0.022581354881292877,0.719108280254777,2.0839447435385066
"derived_dwelling_category_single family (1-4 units):manufactured, loan_purpose_31",loan_size_Small,0.0022101326079564773,0.73421926910299,2.083889801444307
"construction_method_2, loan_size_Small",combined_loan_to_value_ratio_bin_missing,0.022581354881292877,0.7188793377905125,2.0832812781632954
"derived_dwelling_category_single family (1-4 units):manufactured, purchaser_type_0",interest_rate_bin_missing,0.028041682500950058,0.7592743027349038,2.080819870849178
"derived_race_asian, state_code_ny",loan_size_Large,0.002260135608136488,0.691131498470948,2.077716404849497
"loan_type_3, purchaser_type_0",debt_to_income_ratio_missing,0.022241334480068806,0.6668665667166417,2.075724683961521
"derived_loan_product_type_va:first lien, purchaser_type_0",debt_to_income_ratio_missing,0.022241334480068806,0.6668665667166417,2.075724683961521
"construction_method_2, purchaser_type_0",interest_rate_bin_missing,0.02806168370102206,0.7573549257759784,2.0755597458832784
"applicant_age_missing, loan_purpose_2",combined_loan_to_value_ratio_bin_missing,0.0011100666039962398,0.7161290322580646,2.0753110114943603
"derived_dwelling_category_single family (1-4 units):manufactured, interest_rate_bin_(5.375, 15.25]",loan_size_Small,0.0074704482268936135,0.7309197651663405,2.0745250205229215
"income_bracket_Low, loan_term_bin_(360.0, 674.0]",loan_size_Small,0.0023001380082804967,0.7301587301587301,2.0723650212452687
"loan_purpose_2, loan_term_bin_missing",interest_rate_bin_missing,0.00338020281216873,0.7561521252796419,2.072263425746499
"income_bracket_Medium, loan_term_bin_(0.999, 300.0]",loan_size_Small,0.03577214632877972,0.73,2.0719145071102156
"loan_purpose_2, total_units_2",loan_size_Small,0.0011600696041762506,0.729559748427673,2.070664967905445
"co_applicant_age_<25, derived_dwelling_category_single family (1-4 units):manufactured",interest_rate_bin_missing,0.0013600816048962938,0.7555555555555555,2.070628503911591
"co_applicant_age_<25, construction_method_2",interest_rate_bin_missing,0.0013600816048962938,0.7555555555555555,2.070628503911591
"construction_method_2, interest_rate_bin_(5.375, 15.25]",loan_size_Small,0.0074704482268936135,0.7294921875,2.070473213842213
"co_applicant_age_45-54, loan_type_3",loan_size_Large,0.002920175210512631,0.6886792452830189,2.0703443104091814
"co_applicant_age_45-54, derived_loan_product_type_va:first lien",loan_size_Large,0.002920175210512631,0.6886792452830189,2.0703443104091814
"combined_loan_to_value_ratio_bin_(0.129, 68.474], income_bracket_Low",loan_size_Small,0.046182770966257974,0.7294266308640025,2.0702871484378833
"loan_purpose_5, occupancy_type_1",loan_size_Small,0.0028001680100806048,0.7291666666666666,2.0695493079011853
"state_code_ca, total_units_2",loan_size_Large,0.0013900834050043004,0.6881188118811882,2.0686595055994084
"co_applicant_age_65-74, loan_purpose_4",loan_size_Small,0.0029701782106926417,0.7279411764705882,2.0660710737702592
"debt_to_income_ratio_37, loan_term_bin_(0.999, 300.0]",loan_size_Small,0.003370202212132728,0.7278617710583154,2.0658457022282986
"co_applicant_age_<25, derived_dwelling_category_single family (1-4 units):manufactured",loan_size_Small,0.001310078604716283,0.7277777777777777,2.065607309219469
"co_applicant_age_<25, construction_method_2",loan_size_Small,0.001310078604716283,0.7277777777777777,2.065607309219469
"applicant_age_<25, derived_dwelling_category_single family (1-4 units):manufactured",interest_rate_bin_missing,0.002690161409684581,0.753501400560224,2.064999014652315
"applicant_age_<25, construction_method_2",interest_rate_bin_missing,0.002690161409684581,0.753501400560224,2.064999014652315
"combined_loan_to_value_ratio_bin_missing, derived_dwelling_category_single family (1-4 units):manufactured",interest_rate_bin_missing,0.022681360881652898,0.7534883720930232,2.064963309646443
"co_applicant_age_55-64, loan_purpose_2",loan_size_Small,0.005500330019801188,0.7275132275132276,2.0648564523277138
"debt_to_income_ratio_47, loan_purpose_2",loan_size_Small,0.0010400624037442247,0.7272727272727273,2.06417385515339
"combined_loan_to_value_ratio_bin_missing, construction_method_2",interest_rate_bin_missing,0.0226913614816889,0.7530700298705609,2.0638168270035044
"loan_purpose_32, purchaser_type_0",interest_rate_bin_missing,0.0898053883232994,0.7530398322851153,2.0637340693813635
"loan_term_bin_missing, state_code_ny",combined_loan_to_value_ratio_bin_missing,0.0011100666039962398,0.7115384615384616,2.0620077357796527
"derived_race_race not available, loan_purpose_4",loan_size_Small,0.010710642638558313,0.7261016949152542,2.060850185386618
"derived_race_black or african american, purchaser_type_0",interest_rate_bin_missing,0.038772326339580374,0.7517936784952491,2.06031893790813
"applicant_age_25-34, derived_dwelling_category_single family (1-4 units):manufactured",combined_loan_to_value_ratio_bin_missing,0.007230433826029562,0.7109144542772862,2.06019938968274
"applicant_age_25-34, construction_method_2",combined_loan_to_value_ratio_bin_missing,0.007230433826029562,0.7109144542772862,2.06019938968274
"loan_size_Large, loan_term_bin_missing",interest_rate_bin_missing,0.005540332419945197,0.751696065128901,2.060051424795114
"loan_term_bin_(300.0, 360.0], state_code_ca",loan_size_Large,0.05358321499289957,0.6850786344457229,2.0595199619014375
"derived_race_joint, state_code_ca",loan_size_Large,0.0020201212072724363,0.6847457627118644,2.058519265125674
"co_applicant_age_<25, interest_rate_bin_missing",combined_loan_to_value_ratio_bin_missing,0.0028401704102246133,0.7100000000000001,2.0575493406752647
"combined_loan_to_value_ratio_bin_missing, occupancy_type_3",interest_rate_bin_missing,0.019431165869952197,0.7504828118964851,2.0567264585407714
"construction_method_2, loan_purpose_31",loan_size_Small,0.0022101326079564773,0.7245901639344262,2.0565600991302833
"co_applicant_age_missing, derived_race_asian",derived_sex_male,0.023951437086225172,0.6334303094419466,2.0536014772343156
"combined_loan_to_value_ratio_bin_missing, loan_purpose_31",interest_rate_bin_missing,0.03638218293097586,0.7493305870236868,2.0535687428083027
"co_applicant_age_25-34, interest_rate_bin_missing",combined_loan_to_value_ratio_bin_missing,0.01768106086365182,0.7074829931972789,2.050255163650738
"derived_loan_product_type_fha:first lien, derived_race_race not available",combined_loan_to_value_ratio_bin_missing,0.030251815108906534,0.707271451952303,2.0496421262576026
"derived_dwelling_category_single family (1-4 units):manufactured, derived_sex_female",combined_loan_to_value_ratio_bin_missing,0.008670520231213872,0.7071778140293636,2.049370767600411
"construction_method_2, derived_sex_female",combined_loan_to_value_ratio_bin_missing,0.008670520231213872,0.7071778140293636,2.049370767600411
"derived_ethnicity_hispanic or latino, loan_term_bin_(0.999, 300.0]",loan_size_Small,0.01504090245414725,0.7220355256841096,2.0493094250874755
"derived_race_race not available, loan_type_2",combined_loan_to_value_ratio_bin_missing,0.030251815108906534,0.7069408740359897,2.048684125731191
"derived_loan_product_type_fha:first lien, purchaser_type_0",interest_rate_bin_missing,0.04315258915534932,0.7474450025983025,2.0484012275554213
"interest_rate_bin_missing, occupancy_type_3",combined_loan_to_value_ratio_bin_missing,0.019431165869952197,0.7068024736267734,2.0482830473217093
"derived_race_joint, loan_purpose_2",loan_size_Small,0.0014000840050403024,0.7216494845360825,2.0482137480259155
"loan_type_2, purchaser_type_0",interest_rate_bin_missing,0.04322259335560134,0.746975458002074,2.0471144228755276
"combined_loan_to_value_ratio_bin_(68.474, 82.976], state_code_ca",loan_size_Large,0.013660819649178951,0.6806178375685102,2.0461096762018403
"debt_to_income_ratio_40, loan_term_bin_(0.999, 300.0]",loan_size_Small,0.0034302058123487408,0.7205882352941175,2.0452016689847006
"applicant_age_65-74, loan_term_bin_(0.999, 300.0]",loan_size_Small,0.017471048262895774,0.7204123711340207,2.0447025244578714
"loan_purpose_5, total_units_1",loan_size_Small,0.002860171610296618,0.7204030226700251,2.044675991282294
"loan_term_bin_(0.999, 300.0], purchaser_type_0",loan_size_Small,0.1291377482648959,0.7203905160390517,2.0446404944738705
"occupancy_type_3, purchaser_type_9",debt_to_income_ratio_missing,0.0011100666039962398,0.6568047337278107,2.0444056823152903
"loan_term_bin_missing, occupancy_type_1",interest_rate_bin_missing,0.02153129187751265,0.7449826989619377,2.0416531915476743
"debt_to_income_ratio_30%-<36%, loan_type_4",loan_purpose_1,0.0011000660039602375,1.0,2.041152095368348
"debt_to_income_ratio_30%-<36%, derived_loan_product_type_fsa/rhs:first lien",loan_purpose_1,0.001060063603816229,1.0,2.041152095368348
"applicant_age_<25, loan_type_4",loan_purpose_1,0.0010100606036362182,1.0,2.041152095368348
"derived_dwelling_category_single family (1-4 units):manufactured, preapproval_2",loan_size_Small,0.03107186431185871,0.7190465170099514,2.0408259039451924
"combined_loan_to_value_ratio_bin_missing, loan_purpose_5",loan_size_Small,0.0028401704102246133,0.7189873417721518,2.0406579504744276
"debt_to_income_ratio_42, loan_term_bin_(0.999, 300.0]",loan_size_Small,0.004360261615696942,0.7182866556836903,2.0386692358557785
"combined_loan_to_value_ratio_bin_(0.129, 68.474], state_code_pa",loan_size_Small,0.005430325819549173,0.7182539682539683,2.03857646111627
"debt_to_income_ratio_45, income_bracket_Very High",loan_size_Large,0.001980118807128428,0.678082191780822,2.0384868824764446
"derived_dwelling_category_single family (1-4 units):manufactured, total_units_1",loan_size_Small,0.03125187511250675,0.7175660160734788,2.036623888372497
"construction_method_2, total_units_1",loan_size_Small,0.03125187511250675,0.7175660160734788,2.036623888372497
"income_bracket_Very High, state_code_ny",loan_size_Large,0.006910414624877493,0.6774509803921569,2.0365893011043634
"applicant_age_<25, combined_loan_to_value_ratio_bin_missing",debt_to_income_ratio_missing,0.005540332419945197,0.6540731995277449,2.0359033622903446
"construction_method_2, preapproval_2",loan_size_Small,0.031081864911894713,0.7172859450726979,2.035828979921074
derived_dwelling_category_single family (1-4 units):manufactured,loan_size_Small,0.031401884113046785,0.7168949771689498,2.0347193195490325
"construction_method_2, derived_dwelling_category_single family (1-4 units):manufactured",loan_size_Small,0.031401884113046785,0.7168949771689498,2.0347193195490325
"debt_to_income_ratio_43, income_bracket_Very High",loan_size_Large,0.003050183010980659,0.6762749445676275,2.033053839429239
"derived_dwelling_category_single family (1-4 units):manufactured, loan_purpose_1",loan_size_Small,0.02556153369202152,0.7153652392947103,2.0303775577768235
construction_method_2,loan_size_Small,0.03141188471308279,0.7151639344262296,2.029806206437978
"derived_dwelling_category_single family (1-4 units):manufactured, occupancy_type_1",loan_size_Small,0.030021801308078484,0.7151024297284421,2.0296316414029074
"construction_method_2, occupancy_type_1",loan_size_Small,0.030021801308078484,0.7151024297284421,2.0296316414029074
"derived_dwelling_category_single family (1-4 units):manufactured, derived_ethnicity_not hispanic or latino",loan_size_Small,0.019871192271536293,0.715005397625045,2.029356241097861
"construction_method_2, derived_ethnicity_not hispanic or latino",loan_size_Small,0.019871192271536293,0.715005397625045,2.029356241097861
"applicant_age_55-64, derived_dwelling_category_single family (1-4 units):manufactured",loan_size_Small,0.004630277816669,0.7145061728395062,2.0279393218164
"applicant_age_55-64, construction_method_2",loan_size_Small,0.004630277816669,0.7145061728395062,2.0279393218164
"derived_race_race not available, loan_purpose_5",loan_size_Small,0.0028501710102606156,0.7142857142857143,2.027313607739937
"loan_term_bin_missing, state_code_pa",loan_size_Small,0.0011000660039602375,0.7142857142857143,2.027313607739937
"construction_method_2, loan_purpose_1",loan_size_Small,0.025571534292057524,0.7140463557665456,2.0266342510436823
"debt_to_income_ratio_40, income_bracket_Very High",loan_size_Large,0.003330199811988719,0.6740890688259109,2.026482543087551
"derived_dwelling_category_single family (1-4 units):manufactured, lien_status_1",combined_loan_to_value_ratio_bin_missing,0.02987179230753845,0.6990404867774397,2.0257891446116014
"applicant_age_missing, loan_purpose_5",loan_size_Small,0.0028401704102246133,0.7135678391959798,2.02527610662663
"derived_loan_product_type_conventional:first lien, interest_rate_bin_missing",combined_loan_to_value_ratio_bin_missing,0.15269916194971697,0.6988420522678382,2.0252140899716045
"co_applicant_age_missing, derived_dwelling_category_single family (1-4 units):manufactured",combined_loan_to_value_ratio_bin_missing,0.018951137068224093,0.6987463126843658,2.024936640792942
"applicant_age_35-44, derived_dwelling_category_single family (1-4 units):manufactured",loan_size_Small,0.006320379222753365,0.7133182844243793,2.024567810528551
"applicant_age_35-44, construction_method_2",loan_size_Small,0.006320379222753365,0.7133182844243793,2.024567810528551
"loan_term_bin_missing, state_code_fl",interest_rate_bin_missing,0.0014100846050763046,0.7382198952879582,2.023119472947189
"construction_method_2, lien_status_1",combined_loan_to_value_ratio_bin_missing,0.02990179410764646,0.6977829638273045,2.022144897404651
"derived_dwelling_category_single family (1-4 units):manufactured, reverse_mortgage_2",loan_size_Small,0.030301818109086547,0.7124382788619799,2.0220701443763964
"co_applicant_age_35-44, state_code_ca",loan_size_Large,0.0069404164249854995,0.6724806201550387,2.0216471388305854
"derived_loan_product_type_conventional:first lien, derived_race_asian",loan_size_Large,0.02977178630717843,0.672312556458898,2.021141896775631
"income_bracket_Very High, purchaser_type_71",loan_size_Large,0.00773046382782967,0.6721739130434783,2.0207250995391006
"loan_purpose_5, state_code_other",loan_size_Small,0.001310078604716283,0.7119565217391305,2.020702802497307
"co_applicant_age_missing, construction_method_2",combined_loan_to_value_ratio_bin_missing,0.0189811388683321,0.6970253396988615,2.01994933539626
"income_bracket_Low, state_code_pa",loan_size_Small,0.007010420625237514,0.7116751269035533,2.019904136686268
"derived_dwelling_category_single family (1-4 units):manufactured, derived_ethnicity_hispanic or latino",interest_rate_bin_missing,0.004650279016741005,0.7369255150554676,2.0195721750885633
"construction_method_2, derived_ethnicity_hispanic or latino",interest_rate_bin_missing,0.004650279016741005,0.7369255150554676,2.0195721750885633
"co_applicant_age_missing, loan_purpose_5",loan_size_Small,0.002860171610296618,0.7114427860696517,2.019244697858385
"co_applicant_age_missing, derived_ethnicity_hispanic or latino",derived_sex_male,0.04114246854811289,0.6227671813502877,2.019031272312702
"combined_loan_to_value_ratio_bin_(82.976, 27777.78], loan_type_4",loan_purpose_1,0.0036402184131047862,0.9891304347826088,2.018965659549127
"combined_loan_to_value_ratio_bin_(82.976, 27777.78], purchaser_type_9",loan_purpose_1,0.00986059163549813,0.9889669007021064,2.0186318616180454
"combined_loan_to_value_ratio_bin_(82.976, 27777.78], derived_loan_product_type_fsa/rhs:first lien",loan_purpose_1,0.003550213012780767,0.988857938718663,2.0184094536372243
"construction_method_2, reverse_mortgage_2",loan_size_Small,0.030311818709122546,0.7108348968105065,2.017519362824495
"loan_size_Small, loan_term_bin_missing",combined_loan_to_value_ratio_bin_missing,0.013410804648278896,0.6955394190871369,2.015643201628725
"applicant_age_<25, purchaser_type_9",loan_purpose_1,0.0015800948056883413,0.9875,2.015637694176244
"applicant_age_35-44, loan_term_bin_missing",combined_loan_to_value_ratio_bin_missing,0.004180250815048903,0.6955074875207987,2.015550665328351
"debt_to_income_ratio_41, income_bracket_Very High",loan_size_Large,0.003560213612816769,0.6704331450094162,2.01549190974901
"derived_dwelling_category_single family (1-4 units):manufactured, lien_status_1",loan_size_Small,0.030341820509230556,0.710039784694594,2.0152626445673194
"income_bracket_Low, purchaser_type_0",interest_rate_bin_missing,0.11188671320279217,0.7353269799539929,2.015191329337012
"debt_to_income_ratio_>60%, derived_dwelling_category_single family (1-4 units):manufactured",loan_size_Small,0.003500210012600756,0.7099391480730223,2.0149770137780303
"construction_method_2, debt_to_income_ratio_>60%",loan_size_Small,0.003500210012600756,0.7099391480730223,2.0149770137780303
"derived_dwelling_category_single family (1-4 units):manufactured, derived_race_white",loan_size_Small,0.020261215672940376,0.7098808689558515,2.014811603711828
"construction_method_2, derived_race_white",loan_size_Small,0.020261215672940376,0.7098808689558515,2.014811603711828
"lien_status_1, loan_purpose_5",loan_size_Small,0.002690161409684581,0.7097625329815304,2.0144757379283913
"derived_race_asian, purchaser_type_6",loan_size_Large,0.001320079204752285,0.6700507614213198,2.0143423677939825
"derived_race_asian, lien_status_1",loan_size_Large,0.03222193331599896,0.6699937616968183,2.014171012179413
loan_purpose_5,loan_size_Small,0.0028801728103686223,0.7093596059113301,2.0133321345831097
"loan_purpose_5, loan_term_bin_(300.0, 360.0]",loan_size_Small,0.0020501230073804427,0.7093425605536332,2.013283755783259
"interest_rate_bin_missing, lien_status_1",combined_loan_to_value_ratio_bin_missing,0.20155209312558753,0.6945104931251939,2.012661418622247
"derived_dwelling_category_single family (1-4 units):manufactured, income_bracket_Low",combined_loan_to_value_ratio_bin_missing,0.015620937256235375,0.6942222222222223,2.011826021993592
"construction_method_2, income_bracket_Low",combined_loan_to_value_ratio_bin_missing,0.015620937256235375,0.6942222222222223,2.011826021993592
"debt_to_income_ratio_missing, derived_dwelling_category_single family (1-4 units):manufactured",loan_size_Small,0.010010600636038163,0.7084217975937721,2.010670410394018
"debt_to_income_ratio_<20%, loan_purpose_4",loan_size_Small,0.0043002580154809286,0.7084019769357496,2.010614154628405
"construction_method_2, lien_status_1",loan_size_Small,0.030351821109266555,0.7082847141190198,2.0102813347227517
"derived_dwelling_category_single family (1-4 units):manufactured, preapproval_2",combined_loan_to_value_ratio_bin_missing,0.02995179710782647,0.6931265910668827,2.008650930217124
"applicant_age_25-34, derived_race_asian",loan_size_Large,0.00930055803348201,0.6681034482758621,2.0084882510641737
"derived_race_black or african american, loan_term_bin_missing",loan_size_Small,0.00162009720583235,0.7074235807860261,2.0078372324690723
"derived_race_race not available, total_units_3",debt_to_income_ratio_missing,0.0010900654039242355,0.6449704142011835,2.007569543895195
"debt_to_income_ratio_49, income_bracket_Very High",loan_size_Large,0.002290137408244495,0.6676384839650147,2.007090450532069
"interest_rate_bin_missing, loan_term_bin_(0.999, 300.0]",loan_size_Small,0.06051363081784907,0.7071403529274278,2.0070333641005145
"derived_loan_product_type_conventional:subordinate lien, occupancy_type_3",loan_size_Small,0.0021001260075604535,0.707070707070707,2.0068356925102404
"loan_type_3, purchaser_type_0",combined_loan_to_value_ratio_bin_missing,0.023091385483128987,0.6923538230884557,2.0064114819854235
"derived_loan_product_type_va:first lien, purchaser_type_0",combined_loan_to_value_ratio_bin_missing,0.023091385483128987,0.6923538230884557,2.0064114819854235
"income_bracket_Very High, interest_rate_bin_(3.99, 5.375]",loan_size_Large,0.034372062323739426,0.6673786407766991,2.0063092960683435
"debt_to_income_ratio_38, income_bracket_Very High",loan_size_Large,0.003390203412204732,0.6673228346456693,2.0061415286981856
"co_applicant_age_missing, purchaser_type_5",debt_to_income_ratio_missing,0.0032801968118087083,0.6444007858546169,2.0057964881166246
"debt_to_income_ratio_41, loan_term_bin_(0.999, 300.0]",loan_size_Small,0.0036602196131767907,0.7065637065637066,2.0053967038724783
"co_applicant_age_missing, derived_race_american indian or alaska native",derived_sex_male,0.003080184811088665,0.6184738955823293,2.0051123014901093
"construction_method_2, preapproval_2",combined_loan_to_value_ratio_bin_missing,0.029981798907934475,0.6918993768751442,2.00509451648321
"debt_to_income_ratio_missing, loan_purpose_5",loan_size_Small,0.0027901674100446025,0.7063291139240506,2.004730873881568
"combined_loan_to_value_ratio_bin_missing, occupancy_type_2",interest_rate_bin_missing,0.005580334820089205,0.7313237221494101,2.0042202502975885
"applicant_age_45-54, derived_dwelling_category_single family (1-4 units):manufactured",loan_size_Small,0.004920295217713063,0.7058823529411765,2.0034628594135846
"applicant_age_45-54, construction_method_2",loan_size_Small,0.004920295217713063,0.7058823529411765,2.0034628594135846
"combined_loan_to_value_ratio_bin_(82.976, 27777.78], income_bracket_Very High",loan_size_Large,0.02898173890433426,0.6662068965517242,2.0027867360288947
"applicant_age_<25, interest_rate_bin_missing",combined_loan_to_value_ratio_bin_missing,0.006980418825129508,0.691089108910891,2.0027463949119153
"loan_term_bin_(0.999, 300.0], state_code_pa",loan_size_Small,0.008120487229233754,0.7054735013032146,2.002302440728723
"derived_dwelling_category_single family (1-4 units):site-built, loan_purpose_5",loan_size_Small,0.002680160809648579,0.7052631578947369,2.001705435852696
"loan_purpose_31, loan_type_2",combined_loan_to_value_ratio_bin_missing,0.00875052503150189,0.6906077348066298,2.001351393544534
"derived_loan_product_type_fha:first lien, loan_purpose_31",combined_loan_to_value_ratio_bin_missing,0.00875052503150189,0.6906077348066298,2.001351393544534
"purchaser_type_0, reverse_mortgage_1",interest_rate_bin_missing,0.0021901314078844733,0.7300000000000001,2.000592539808699
"lien_status_2, occupancy_type_3",loan_size_Small,0.0021001260075604535,0.7046979865771811,2.0001013445487965
"derived_dwelling_category_single family (1-4 units):manufactured, occupancy_type_1",combined_loan_to_value_ratio_bin_missing,0.028971738304298257,0.6900905192949023,1.999852525326024
"construction_method_2, occupancy_type_1",combined_loan_to_value_ratio_bin_missing,0.028971738304298257,0.6900905192949023,1.999852525326024
"loan_purpose_5, reverse_mortgage_2",loan_size_Small,0.002810168610116607,0.7042606516290728,1.9988600834207801
"reverse_mortgage_1, state_code_ca",loan_size_Large,0.0012100726043562614,0.6648351648351648,1.9986629629164652
"derived_dwelling_category_single family (1-4 units):manufactured, derived_race_race not available",loan_size_Small,0.00639038342300538,0.7037444933920705,1.9973951029561094
"construction_method_2, debt_to_income_ratio_missing",loan_size_Small,0.010020601236074164,0.7036516853932584,1.997131691669651
"interest_rate_bin_missing, state_code_tx",combined_loan_to_value_ratio_bin_missing,0.022701362081724904,0.6891317547055252,1.997074066947523
"debt_to_income_ratio_>60%, loan_term_bin_(0.999, 300.0]",loan_size_Small,0.010610636638198293,0.703580901856764,1.9969307910722167
"income_bracket_Low, loan_type_4",loan_purpose_1,0.002700162009720583,0.9782608695652174,1.9967792237299058
"combined_loan_to_value_ratio_bin_missing, loan_type_1",interest_rate_bin_missing,0.18038082284937096,0.7285910486346744,1.9967312554382555
"derived_loan_product_type_fsa/rhs:first lien, income_bracket_Low",loan_purpose_1,0.0026501590095405723,0.977859778597786,1.9959605360612998
"applicant_age_missing, loan_purpose_2",loan_size_Small,0.0010900654039242355,0.7032258064516129,1.9959229454265444
"debt_to_income_ratio_20%-<30%, loan_term_bin_(0.999, 300.0]",loan_size_Small,0.023601416084965098,0.7032181168057211,1.995901120373287
"derived_race_white, loan_term_bin_(0.999, 300.0]",loan_size_Small,0.09881592895573735,0.7028238139270219,1.994781994545106
"derived_dwelling_category_single family (1-4 units):manufactured, derived_sex_female",interest_rate_bin_missing,0.008920535232113927,0.7275693311582382,1.9939312001490082
"construction_method_2, derived_sex_female",interest_rate_bin_missing,0.008920535232113927,0.7275693311582382,1.9939312001490082
"combined_loan_to_value_ratio_bin_(82.976, 27777.78], purchaser_type_3",loan_purpose_1,0.017961077664659878,0.9766177270255572,1.9934253198920893
"income_bracket_High, purchaser_type_2",loan_size_Large,0.008360501630097807,0.6629659000793021,1.9930434794218548
"applicant_age_35-44, purchaser_type_8",loan_size_Large,0.001060063603816229,0.6625,1.9916428657326677
"derived_dwelling_category_single family (1-4 units):manufactured, total_units_1",combined_loan_to_value_ratio_bin_missing,0.029931795907754466,0.6872560275545351,1.9916382906618801
"construction_method_2, total_units_1",combined_loan_to_value_ratio_bin_missing,0.029931795907754466,0.6872560275545351,1.9916382906618801
"conforming_loan_limit_c, derived_dwelling_category_single family (1-4 units):manufactured",combined_loan_to_value_ratio_bin_missing,0.0300818049082945,0.6872286954535071,1.9915590834133599
"conforming_loan_limit_c, construction_method_2",combined_loan_to_value_ratio_bin_missing,0.0300818049082945,0.6872286954535071,1.9915590834133599
derived_dwelling_category_single family (1-4 units):manufactured,combined_loan_to_value_ratio_bin_missing,0.0301018061083665,0.687214611872146,1.991518269802735
"construction_method_2, derived_dwelling_category_single family (1-4 units):manufactured",combined_loan_to_value_ratio_bin_missing,0.0301018061083665,0.687214611872146,1.991518269802735
"debt_to_income_ratio_<20%, loan_term_bin_(0.999, 300.0]",loan_size_Small,0.012250735044102646,0.7016036655211912,1.9913189216918623
"applicant_age_>74, loan_type_2",combined_loan_to_value_ratio_bin_missing,0.002920175210512631,0.6870588235294117,1.991066801912766
"applicant_age_>74, derived_loan_product_type_fha:first lien",combined_loan_to_value_ratio_bin_missing,0.002920175210512631,0.6870588235294117,1.991066801912766
"debt_to_income_ratio_30%-<36%, derived_dwelling_category_single family (1-4 units):manufactured",loan_size_Small,0.0026301578094685683,0.7013333333333334,1.990551654319586
"construction_method_2, debt_to_income_ratio_30%-<36%",loan_size_Small,0.0026301578094685683,0.7013333333333334,1.990551654319586
"loan_size_Medium, loan_type_4",loan_purpose_1,0.003110186611196672,0.974921630094044,1.9899633280863833
"derived_loan_product_type_fsa/rhs:first lien, loan_size_Medium",loan_purpose_1,0.003110186611196672,0.974921630094044,1.9899633280863833
"derived_race_white, loan_type_4",loan_purpose_1,0.0038702322139328358,0.9748110831234256,1.989737684905669
"co_applicant_age_missing, derived_race_race not available",debt_to_income_ratio_missing,0.12429745784747084,0.6391874517870917,1.9895691845602628
"income_bracket_Low, state_code_il",loan_size_Small,0.005320319219153149,0.7009222661396575,1.9893849473579777
"derived_loan_product_type_fsa/rhs:first lien, derived_race_white",loan_purpose_1,0.003820229213752825,0.9744897959183674,1.9890818888538495
construction_method_2,combined_loan_to_value_ratio_bin_missing,0.030131807908474507,0.6860200364298725,1.9880564417553592
"conforming_loan_limit_nc, occupancy_type_3",debt_to_income_ratio_missing,0.0015900954057243434,0.6385542168674699,1.9875981435469505
"debt_to_income_ratio_40, state_code_ca",loan_size_Large,0.0014800888053283197,0.6607142857142857,1.9862745561215285
"income_bracket_Very High, interest_rate_bin_missing",combined_loan_to_value_ratio_bin_missing,0.04939296357781467,0.6854010546766584,1.986262659363506
"derived_dwelling_category_single family (1-4 units):manufactured, derived_sex_male",loan_size_Small,0.009320559233554014,0.6996996996996998,1.9859150115458484
"construction_method_2, derived_sex_male",loan_size_Small,0.009320559233554014,0.6996996996996998,1.9859150115458484
"debt_to_income_ratio_50%-60%, derived_dwelling_category_single family (1-4 units):manufactured",interest_rate_bin_missing,0.00250015000900054,0.7246376811594203,1.9858969027285078
"construction_method_2, debt_to_income_ratio_50%-60%",interest_rate_bin_missing,0.00250015000900054,0.7246376811594203,1.9858969027285078
"derived_sex_male, loan_type_4",loan_purpose_1,0.0017801068064083846,0.9726775956284153,1.9853829124347866
"debt_to_income_ratio_36, loan_term_bin_(0.999, 300.0]",loan_size_Small,0.0032801968118087083,0.6993603411513859,1.9849518308617888
"debt_to_income_ratio_missing, income_bracket_Very High",loan_size_Large,0.035212112726763604,0.6602287642977686,1.9848149557209749
"derived_dwelling_category_single family (1-4 units):manufactured, income_bracket_Low",interest_rate_bin_missing,0.016290977458647517,0.724,1.9841493134541068
"construction_method_2, income_bracket_Low",interest_rate_bin_missing,0.016290977458647517,0.724,1.9841493134541068
"derived_loan_product_type_fsa/rhs:first lien, derived_sex_male",loan_purpose_1,0.0017301038062283738,0.9719101123595506,1.9838163623523832
"applicant_age_<25, purchaser_type_71",loan_purpose_1,0.002060123607416445,0.9716981132075472,1.9833836398390552
"combined_loan_to_value_ratio_bin_(82.976, 27777.78], purchaser_type_1",loan_purpose_1,0.02241134468068084,0.9713914174252275,1.9827576271003329
"combined_loan_to_value_ratio_bin_(82.976, 27777.78], purchaser_type_8",loan_purpose_1,0.002370142208532512,0.9713114754098362,1.9825944532881088
"combined_loan_to_value_ratio_bin_(82.976, 27777.78], loan_term_bin_missing",loan_size_Small,0.0018501110066603996,0.6981132075471699,1.9814121675646932
"debt_to_income_ratio_48, state_code_ca",loan_size_Large,0.001430085805148309,0.6589861751152074,1.981079417788168
"interest_rate_bin_missing, loan_type_2",debt_to_income_ratio_missing,0.02755165309918595,0.6364056364056364,1.9809103566302009
"derived_loan_product_type_fha:first lien, interest_rate_bin_missing",debt_to_income_ratio_missing,0.02750165009900594,0.6362795002313744,1.9805177384011219
"debt_to_income_ratio_missing, state_code_ca",loan_size_Large,0.022641358481508892,0.6587139947628746,1.980261174683389
"applicant_age_45-54, loan_term_bin_missing",combined_loan_to_value_ratio_bin_missing,0.0038402304138248295,0.6832740213523132,1.9800986086394203
"co_applicant_age_<25, combined_loan_to_value_ratio_bin_missing",debt_to_income_ratio_missing,0.0022201332079924796,0.6361031518624642,1.9799688269987625
"derived_dwelling_category_single family (1-4 units):manufactured, state_code_nc",loan_size_Small,0.0016600996059763587,0.6974789915966386,1.9796121110872325
"interest_rate_bin_(5.375, 15.25], loan_type_4",loan_purpose_1,0.0012800768046082765,0.9696969696969697,1.9792990015693073
"derived_loan_product_type_fsa/rhs:first lien, interest_rate_bin_(5.375, 15.25]",loan_purpose_1,0.0012700762045722742,0.9694656488549618,1.9788268405479403
"debt_to_income_ratio_45, loan_term_bin_(0.999, 300.0]",loan_size_Small,0.0025301518091085467,0.696969696969697,1.9781666111886658
"construction_method_1, loan_purpose_5",loan_size_Small,0.002690161409684581,0.6968911917098445,1.9779437944944562
"loan_type_4, purchaser_type_2",loan_purpose_1,0.0028001680100806048,0.9688581314878894,1.9775868052011678
"derived_loan_product_type_fsa/rhs:first lien, purchaser_type_2",loan_purpose_1,0.0028001680100806048,0.9688581314878894,1.9775868052011678
"derived_sex_female, loan_type_4",loan_purpose_1,0.0015500930055803348,0.96875,1.9773660923880871
"applicant_age_25-34, loan_type_4",loan_purpose_1,0.0018501110066603996,0.968586387434555,1.9770321342573007
"income_bracket_Low, state_code_ny",loan_size_Small,0.004040242414544873,0.6965517241379311,1.9769803043753593
"derived_loan_product_type_fsa/rhs:first lien, derived_sex_female",loan_purpose_1,0.0015300918055083305,0.9683544303797468,1.9765586746288433
"co_applicant_age_35-44, preapproval_1",loan_size_Large,0.00213012780766846,0.6574074074074074,1.9763332420268263
"applicant_age_25-34, derived_loan_product_type_fsa/rhs:first lien",loan_purpose_1,0.0018201092065523931,0.9680851063829786,1.976008943388507
"debt_to_income_ratio_42, income_bracket_Very High",loan_size_Large,0.003680220813248795,0.6571428571428571,1.9755379368992498
"applicant_age_<25, purchaser_type_2",loan_purpose_1,0.002390143408604516,0.9676113360323886,1.9750419060446767
"co_applicant_age_35-44, derived_dwelling_category_single family (1-4 units):manufactured",combined_loan_to_value_ratio_bin_missing,0.0021401284077044625,0.6815286624203822,1.9750406338230313
"co_applicant_age_35-44, construction_method_2",combined_loan_to_value_ratio_bin_missing,0.0021401284077044625,0.6815286624203822,1.9750406338230313
"income_bracket_Medium, loan_type_4",loan_purpose_1,0.0017901074064443866,0.9675675675675676,1.9749525679509963
"construction_method_2, derived_race_race not available",loan_size_Small,0.0064003840230413825,0.6956521739130436,1.9744271657988952
"debt_to_income_ratio_36, income_bracket_Very High",loan_size_Large,0.0035202112126727606,0.6567164179104478,1.9742559525145003
"derived_loan_product_type_fsa/rhs:first lien, income_bracket_Medium",loan_purpose_1,0.0017601056063363803,0.9670329670329672,1.9738613669496117
"loan_term_bin_(0.999, 300.0], state_code_other",loan_size_Small,0.08359501570094206,0.695424292845258,1.97378038485336
"combined_loan_to_value_ratio_bin_missing, debt_to_income_ratio_<20%",interest_rate_bin_missing,0.0013900834050043004,0.7202072538860104,1.9737551496444683
"debt_to_income_ratio_39, income_bracket_Very High",loan_size_Large,0.0032301938116286975,0.6565040650406504,1.973617565981444
"construction_method_2, state_code_ga",interest_rate_bin_missing,0.0011800708042482549,0.7195121951219512,1.9718503148799402
"construction_method_2, state_code_nc",loan_size_Small,0.0016600996059763587,0.6945606694560671,1.9713292152249433
"applicant_age_25-34, derived_dwelling_category_single family (1-4 units):manufactured",interest_rate_bin_missing,0.007310438626317579,0.7187807276302851,1.9698457006238586
"applicant_age_25-34, construction_method_2",interest_rate_bin_missing,0.007310438626317579,0.7187807276302851,1.9698457006238586
"co_applicant_age_25-34, purchaser_type_6",loan_size_Large,0.002070124207452447,0.6550632911392404,1.9692862345672901
"interest_rate_bin_missing, loan_purpose_32",debt_to_income_ratio_missing,0.0569534172050323,0.63263719173517,1.969180493396625
"co_applicant_age_missing, debt_to_income_ratio_<20%",derived_sex_male,0.014830889853391203,0.6072891072891072,1.968850857383101
"co_applicant_age_missing, derived_race_white",derived_sex_male,0.20017201032061924,0.6072815533980582,1.9688263674248754
"co_applicant_age_missing, derived_race_native hawaiian or other pacific islander",derived_sex_male,0.0010200612036722204,0.6071428571428572,1.9683767096956477
"derived_loan_product_type_conventional:subordinate lien, loan_purpose_31",loan_size_Small,0.010340620437226234,0.693494299128102,1.96830260131746
"lien_status_2, loan_purpose_31",loan_size_Small,0.010340620437226234,0.693494299128102,1.96830260131746
"derived_ethnicity_not hispanic or latino, loan_type_4",loan_purpose_1,0.0037602256135368124,0.9641025641025641,1.9678799688679458
"derived_dwelling_category_single family (1-4 units):manufactured, state_code_ga",loan_size_Small,0.001130067804068244,0.6932515337423313,1.9676135751193744
"income_bracket_Very High, interest_rate_bin_(-0.001, 3.99]",loan_size_Large,0.035632137928275694,0.6543617998163452,1.9671773739052258
"derived_dwelling_category_single family (1-4 units):manufactured, reverse_mortgage_2",combined_loan_to_value_ratio_bin_missing,0.028871732303938236,0.6788149541500118,1.9671764244392487
"derived_dwelling_category_single family (1-4 units):manufactured, state_code_ga",interest_rate_bin_missing,0.0011700702042122526,0.7177914110429447,1.9671344411935268
"applicant_age_<25, derived_dwelling_category_single family (1-4 units):manufactured",loan_purpose_1,0.003440206412384743,0.9635854341736694,1.9668244280300047
"applicant_age_<25, construction_method_2",loan_purpose_1,0.003440206412384743,0.9635854341736694,1.9668244280300047
"occupancy_type_3, state_code_oh",loan_size_Small,0.0017601056063363803,0.6929133858267718,1.9666538305004744
"derived_ethnicity_not hispanic or latino, derived_loan_product_type_fsa/rhs:first lien",loan_purpose_1,0.003690221413284797,0.9634464751958225,1.9665407916212023
"applicant_age_<25, purchaser_type_0",interest_rate_bin_missing,0.009930595835750145,0.7169675090252707,1.964876506631757
"derived_loan_product_type_conventional:first lien, loan_purpose_2",loan_size_Small,0.014510870652239135,0.6922709923664122,1.9648305642952804
"loan_term_bin_(0.999, 300.0], occupancy_type_1",loan_size_Small,0.13711822709362562,0.6922300196900086,1.9647142740450945
"derived_race_asian, interest_rate_bin_(3.99, 5.375]",loan_size_Large,0.008580514830889853,0.6534653465346534,1.9644824081951213
"combined_loan_to_value_ratio_bin_missing, debt_to_income_ratio_20%-<30%",loan_size_Small,0.0023601416084965098,0.6920821114369501,1.9642944750653228
"construction_method_2, reverse_mortgage_2",combined_loan_to_value_ratio_bin_missing,0.02889173350401024,0.6775328330206378,1.9634608927710666
"debt_to_income_ratio_missing, loan_size_Small",interest_rate_bin_missing,0.06641398483909035,0.7163197066120159,1.9631011796793905
"co_applicant_age_25-34, loan_term_bin_(0.999, 300.0]",loan_size_Small,0.007930475828549713,0.6913687881429816,1.9622698930365108
"applicant_age_25-34, purchaser_type_9",loan_purpose_1,0.005090305418325099,0.960377358490566,1.960276257627338
"derived_ethnicity_not hispanic or latino, loan_term_bin_(0.999, 300.0]",loan_size_Small,0.1032461947716863,0.6904761904761905,1.959736487481939
"applicant_age_25-34, derived_dwelling_category_single family (1-4 units):manufactured",loan_size_Small,0.007020421225273517,0.6902654867256637,1.9591384598690362
"applicant_age_25-34, construction_method_2",loan_size_Small,0.007020421225273517,0.6902654867256637,1.9591384598690362
"debt_to_income_ratio_38, loan_term_bin_(0.999, 300.0]",loan_size_Small,0.0035202112126727606,0.6901960784313727,1.9589414625377275
"applicant_age_<25, interest_rate_bin_(3.99, 5.375]",loan_purpose_1,0.005710342620557233,0.9596638655462184,1.9588199100089523
"combined_loan_to_value_ratio_bin_missing, total_units_2",interest_rate_bin_missing,0.004660279616777007,0.7147239263803681,1.9587278837525288
"debt_to_income_ratio_47, income_bracket_Very High",loan_size_Large,0.001570094205652339,0.6514522821576764,1.9584306266031712
"co_applicant_age_55-64, loan_purpose_4",loan_size_Small,0.004420265215912955,0.6895475819032761,1.9571008743673526
"construction_method_2, state_code_ga",loan_size_Small,0.001130067804068244,0.6890243902439025,1.9556159313686465
"derived_ethnicity_hispanic or latino, purchaser_type_0",interest_rate_bin_missing,0.04425265515930956,0.7133645010478801,1.9550023273434844
"loan_purpose_4, loan_term_bin_(300.0, 360.0]",loan_size_Small,0.02481148868932136,0.6885928393005829,1.9543910866288918
"interest_rate_bin_(3.99, 5.375], loan_type_4",loan_purpose_1,0.0022201332079924796,0.9568965517241379,1.953171401602471
"derived_loan_product_type_fsa/rhs:first lien, interest_rate_bin_(3.99, 5.375]",loan_purpose_1,0.0022201332079924796,0.9568965517241379,1.953171401602471
"derived_sex_female, state_code_oh",loan_size_Small,0.00523031381882913,0.6881578947368421,1.953156609983134
"co_applicant_age_missing, loan_term_bin_(0.999, 300.0]",loan_size_Small,0.09201552093125588,0.6879766711529834,1.9526422541304937
"derived_dwelling_category_single family (1-4 units):manufactured, state_code_other",combined_loan_to_value_ratio_bin_missing,0.015910954657279437,0.6735817104149026,1.952010710077605
"applicant_age_<25, combined_loan_to_value_ratio_bin_(82.976, 27777.78]",loan_purpose_1,0.01319079144748685,0.9557971014492754,1.950927256370182
"co_applicant_age_<25, derived_dwelling_category_single family (1-4 units):manufactured",loan_purpose_1,0.0017201032061923715,0.9555555555555555,1.9504342244630881
"co_applicant_age_<25, construction_method_2",loan_purpose_1,0.0017201032061923715,0.9555555555555555,1.9504342244630881
"combined_loan_to_value_ratio_bin_(82.976, 27777.78], purchaser_type_6",loan_purpose_1,0.009220553233193991,0.955440414507772,1.9501992040721416
"interest_rate_bin_missing, loan_purpose_31",combined_loan_to_value_ratio_bin_missing,0.03638218293097586,0.6728315147031625,1.9498366753000442
"loan_size_Medium, loan_term_bin_missing",interest_rate_bin_missing,0.005960357621457288,0.7112171837708832,1.9491175233366866
"combined_loan_to_value_ratio_bin_(82.976, 27777.78], derived_race_asian",loan_size_Large,0.007080424825489529,0.6483516483516483,1.949109335736718
"income_bracket_Very High, state_code_az",loan_size_Large,0.0036502190131407885,0.6483126110124334,1.9489919796036697
"co_applicant_age_55-64, derived_dwelling_category_single family (1-4 units):manufactured",loan_size_Small,0.0019501170070204213,0.6866197183098592,1.948790897580996
"co_applicant_age_55-64, construction_method_2",loan_size_Small,0.0019501170070204213,0.6866197183098592,1.948790897580996
"construction_method_2, state_code_other",combined_loan_to_value_ratio_bin_missing,0.01593095585735144,0.6724356268467707,1.9486894093875087
"derived_sex_male, loan_term_bin_(0.999, 300.0]",loan_size_Small,0.045482728963737826,0.686076331271685,1.9472486352695317
"co_applicant_age_>74, interest_rate_bin_missing",combined_loan_to_value_ratio_bin_missing,0.0034802088125287516,0.6718146718146718,1.9468899085186577
"income_bracket_Medium, loan_term_bin_missing",combined_loan_to_value_ratio_bin_missing,0.004000240014400864,0.6711409395973154,1.944937461645963
"loan_purpose_2, occupancy_type_2",loan_size_Small,0.001240074404464268,0.6850828729281768,1.944428963003608
"income_bracket_Low, loan_type_4",loan_size_Small,0.0018901134068044082,0.6847826086956521,1.9435767413332872
"co_applicant_age_>74, loan_term_bin_(0.999, 300.0]",loan_size_Small,0.0019701182070924255,0.6840277777777777,1.9414343507453975
"lien_status_1, loan_purpose_2",loan_size_Small,0.014870892253535212,0.6839926402943882,1.9413346221678935
"interest_rate_bin_missing, loan_type_4",loan_purpose_1,0.0015500930055803348,0.950920245398773,1.940972851423889
"derived_dwelling_category_single family (1-4 units):manufactured, state_code_fl",combined_loan_to_value_ratio_bin_missing,0.002230133808028482,0.6696696696696698,1.940673784928241
"construction_method_2, state_code_fl",combined_loan_to_value_ratio_bin_missing,0.002230133808028482,0.6696696696696698,1.940673784928241
"derived_dwelling_category_single family (1-4 units):manufactured, income_bracket_Medium",combined_loan_to_value_ratio_bin_missing,0.0077804668280096806,0.6695352839931153,1.9402843410406483
"construction_method_2, income_bracket_Medium",combined_loan_to_value_ratio_bin_missing,0.0077804668280096806,0.6695352839931153,1.9402843410406483
"derived_dwelling_category_single family (1-4 units):site-built, loan_type_4",loan_purpose_1,0.006500390023401404,0.9502923976608186,1.9396913186979914
"construction_method_1, loan_type_4",loan_purpose_1,0.006500390023401404,0.9502923976608186,1.9396913186979914
"applicant_age_35-44, derived_dwelling_category_single family (1-4 units):manufactured",interest_rate_bin_missing,0.006270376222573354,0.7076749435665914,1.9394098804231024
"applicant_age_35-44, construction_method_2",interest_rate_bin_missing,0.006270376222573354,0.7076749435665914,1.9394098804231024
"derived_race_asian, purchaser_type_1",loan_size_Large,0.004140248414904894,0.6448598130841121,1.9386119941534694
loan_type_4,loan_purpose_1,0.006600396023761426,0.9496402877697843,1.938360263227496
"loan_type_4, occupancy_type_1",loan_purpose_1,0.006600396023761426,0.9496402877697843,1.938360263227496
"derived_dwelling_category_single family (1-4 units):site-built, derived_loan_product_type_fsa/rhs:first lien",loan_purpose_1,0.006410384623077385,0.9496296296296297,1.938338508342387
"construction_method_1, derived_loan_product_type_fsa/rhs:first lien",loan_purpose_1,0.006410384623077385,0.9496296296296297,1.938338508342387
"conforming_loan_limit_c, loan_type_4",loan_purpose_1,0.006580394823689421,0.9494949494949494,1.9380636057032798
"loan_type_4, reverse_mortgage_2",loan_purpose_1,0.006580394823689421,0.9494949494949494,1.9380636057032798
"loan_type_4, total_units_1",loan_purpose_1,0.006580394823689421,0.9494949494949494,1.9380636057032798
"loan_term_bin_(300.0, 360.0], loan_type_4",loan_purpose_1,0.006380382822969378,0.9494047619047619,1.9378795191145923
"derived_dwelling_category_single family (1-4 units):manufactured, purchaser_type_9",loan_purpose_1,0.001120067204032242,0.9491525423728815,1.937364700688602
"construction_method_2, purchaser_type_9",loan_purpose_1,0.001120067204032242,0.9491525423728815,1.937364700688602
"co_applicant_age_<25, combined_loan_to_value_ratio_bin_(82.976, 27777.78]",loan_purpose_1,0.0056003360201612095,0.9491525423728814,1.9373647006886017
"loan_type_4, state_code_other",loan_purpose_1,0.004850291017461048,0.9491193737769081,1.9372969985394304
"derived_loan_product_type_fsa/rhs:first lien, loan_term_bin_(300.0, 360.0]",loan_purpose_1,0.006330379822789368,0.9490254872563719,1.937105361871311
"derived_dwelling_category_single family (1-4 units):manufactured, state_code_tx",interest_rate_bin_missing,0.00458027481648899,0.7067901234567903,1.9369849975316764
"construction_method_2, state_code_tx",interest_rate_bin_missing,0.00458027481648899,0.7067901234567903,1.9369849975316764
derived_loan_product_type_fsa/rhs:first lien,loan_purpose_1,0.006500390023401404,0.9489051094890512,1.9368596525393085
"lien_status_1, loan_type_4",loan_purpose_1,0.006500390023401404,0.9489051094890512,1.9368596525393085
"derived_loan_product_type_fsa/rhs:first lien, occupancy_type_1",loan_purpose_1,0.006500390023401404,0.9489051094890512,1.9368596525393085
"derived_loan_product_type_fsa/rhs:first lien, total_units_1",loan_purpose_1,0.006490389423365402,0.948830409356725,1.9367071782076868
"conforming_loan_limit_c, derived_loan_product_type_fsa/rhs:first lien",loan_purpose_1,0.0064803888233294,0.9487554904831624,1.9365542573919319
"derived_loan_product_type_fsa/rhs:first lien, reverse_mortgage_2",loan_purpose_1,0.0064803888233294,0.9487554904831624,1.9365542573919319
"derived_loan_product_type_fsa/rhs:first lien, state_code_other",loan_purpose_1,0.004800288017281037,0.9486166007905137,1.9362707624047568
"derived_loan_product_type_fsa/rhs:first lien, interest_rate_bin_missing",loan_purpose_1,0.0014700882052923175,0.9483870967741935,1.9358023098009494
"debt_to_income_ratio_46, loan_term_bin_(0.999, 300.0]",loan_size_Small,0.0021601296077764665,0.6813880126182965,1.933942066184722
"income_bracket_High, purchaser_type_8",loan_size_Large,0.0011900714042842571,0.6432432432432432,1.9337521756017335
"applicant_age_25-34, interest_rate_bin_missing",combined_loan_to_value_ratio_bin_missing,0.042312538752325136,0.6671397035635447,1.9333420524020601
"co_applicant_age_<25, interest_rate_bin_(5.375, 15.25]",loan_purpose_1,0.002680160809648579,0.9469964664310954,1.9329638217622518
"derived_race_asian, loan_term_bin_(300.0, 360.0]",loan_size_Large,0.02959177550653039,0.6428416250271562,1.9325448094812536
"combined_loan_to_value_ratio_bin_missing, state_code_nc",interest_rate_bin_missing,0.00861051663099786,0.7051597051597052,1.9325167746797367
"lien_status_2, purchaser_type_9",loan_purpose_1,0.0024901494089645377,0.9467680608365018,1.9324976112042533
"combined_loan_to_value_ratio_bin_missing, income_bracket_Very High",loan_size_Large,0.03764225853551213,0.6425401160805736,1.9316383971908144
"applicant_age_missing, derived_dwelling_category_single family (1-4 units):manufactured",loan_size_Small,0.0016600996059763587,0.6803278688524591,1.930933124749022
"interest_rate_bin_missing, loan_term_bin_(300.0, 360.0]",debt_to_income_ratio_missing,0.1519191151469088,0.6202433447656377,1.9306027398130792
"derived_race_joint, income_bracket_Very High",loan_size_Large,0.004970298217893074,0.6421188630490957,1.9303720038401562
"derived_race_race not available, loan_purpose_1",debt_to_income_ratio_missing,0.08342500550033002,0.6200847394633168,1.9301090564325258
"combined_loan_to_value_ratio_bin_missing, derived_loan_product_type_conventional:first lien",interest_rate_bin_missing,0.15269916194971697,0.7041272769195296,1.92968736613839
"co_applicant_age_missing, loan_type_4",loan_purpose_1,0.005170310218613117,0.9451553930530165,1.9292059109788593
"derived_loan_product_type_conventional:subordinate lien, purchaser_type_9",loan_purpose_1,0.0024101446086765206,0.9450980392156862,1.9290888430736153
"interest_rate_bin_missing, loan_size_Medium",combined_loan_to_value_ratio_bin_missing,0.07155429325759545,0.6653957035245978,1.9282880155988589
"interest_rate_bin_(3.99, 5.375], loan_purpose_5",loan_size_Small,0.0010800648038882333,0.679245283018868,1.927860487360242
"co_applicant_age_missing, derived_loan_product_type_fsa/rhs:first lien",loan_purpose_1,0.005090305418325099,0.9443413729128015,1.9275443720639873
"derived_loan_product_type_fsa/rhs:first lien, income_bracket_Low",loan_size_Small,0.0018401104066243974,0.6789667896678967,1.9270700566561172
"combined_loan_to_value_ratio_bin_(82.976, 27777.78], loan_type_2",loan_purpose_1,0.04383262995779747,0.944001723023907,1.9268510949815787
"combined_loan_to_value_ratio_bin_(82.976, 27777.78], derived_loan_product_type_fha:first lien",loan_purpose_1,0.04380262815768946,0.9439655172413793,1.926777193472708
"applicant_age_35-44, state_code_ca",loan_size_Large,0.014190851451087064,0.6406320541760722,1.9259022796368876
"income_bracket_Very High, interest_rate_bin_missing",debt_to_income_ratio_missing,0.04458267496049763,0.6186511240632806,1.9256467081582467
"co_applicant_age_25-34, derived_dwelling_category_single family (1-4 units):manufactured",interest_rate_bin_missing,0.0027401644098645917,0.7025641025641025,1.925403427845393
"co_applicant_age_25-34, construction_method_2",interest_rate_bin_missing,0.0027401644098645917,0.7025641025641025,1.925403427845393
"occupancy_type_2, state_code_ca",loan_size_Large,0.0013000780046802808,0.6403940886699507,1.925186895029254
"derived_race_joint, interest_rate_bin_missing",combined_loan_to_value_ratio_bin_missing,0.00435026101566094,0.6641221374045801,1.9245972759783678
"loan_term_bin_(0.999, 300.0], total_units_1",loan_size_Small,0.14604876292577554,0.6780888703161999,1.9245783116686468
"loan_term_bin_missing, reverse_mortgage_2",interest_rate_bin_missing,0.007140428425705543,0.7020648967551623,1.9240353354930713
"derived_sex_female, loan_term_bin_missing",interest_rate_bin_missing,0.005320319219153149,0.7018469656992085,1.923438087212614
"co_applicant_age_>74, interest_rate_bin_missing",debt_to_income_ratio_missing,0.0032001920115206912,0.6177606177606177,1.9228748704235084
"derived_ethnicity_joint, loan_term_bin_(0.999, 300.0]",loan_size_Small,0.003310198611916715,0.6768916155419223,1.9211802164144924
"applicant_age_35-44, loan_term_bin_(0.999, 300.0]",loan_size_Small,0.03291197471848311,0.6764645426515931,1.9199680814596065
"co_applicant_age_45-54, state_code_ca",loan_size_Large,0.0056003360201612095,0.6385404789053591,1.9196144744051011
"loan_purpose_1, loan_term_bin_(360.0, 674.0]",loan_size_Large,0.0030201812108726525,0.638477801268499,1.9194260495472997
"co_applicant_age_<25, purchaser_type_2",loan_purpose_1,0.0011000660039602375,0.9401709401709402,1.9190318845343444
"derived_ethnicity_hispanic or latino, loan_term_bin_missing",combined_loan_to_value_ratio_bin_missing,0.0013500810048602916,0.6617647058823528,1.9177655412259087
"income_bracket_High, loan_term_bin_missing",combined_loan_to_value_ratio_bin_missing,0.003930235814148849,0.6616161616161615,1.9173350663569468
"debt_to_income_ratio_>60%, derived_dwelling_category_single family (1-4 units):manufactured",loan_purpose_1,0.004630277816669,0.9391480730223124,1.9169440571106393
"construction_method_2, debt_to_income_ratio_>60%",loan_purpose_1,0.004630277816669,0.9391480730223124,1.9169440571106393
"debt_to_income_ratio_30%-<36%, loan_term_bin_(0.999, 300.0]",loan_size_Small,0.017581054863291798,0.6753745678063773,1.9168744722894864
"interest_rate_bin_missing, state_code_az",debt_to_income_ratio_missing,0.006540392423545413,0.615819209039548,1.916831937391457
"co_applicant_age_35-44, loan_purpose_1",loan_size_Large,0.029201752105126308,0.637276298559581,1.915814027964847
"loan_purpose_31, loan_type_3",combined_loan_to_value_ratio_bin_missing,0.0035102106126367583,0.6610169491525424,1.9155985745126596
"derived_loan_product_type_va:first lien, loan_purpose_31",combined_loan_to_value_ratio_bin_missing,0.0035102106126367583,0.6610169491525424,1.9155985745126596
"applicant_age_<25, debt_to_income_ratio_30%-<36%",loan_purpose_1,0.0027201632097925877,0.9379310344827587,1.9144598963454853
"derived_dwelling_category_single family (1-4 units):manufactured, loan_term_bin_(0.999, 300.0]",interest_rate_bin_missing,0.020801248074884492,0.6982208794897616,1.9135006611587475
"derived_race_asian, interest_rate_bin_(-0.001, 3.99]",loan_size_Large,0.008260495629737784,0.6363636363636364,1.9130703341514474
"co_applicant_age_>74, income_bracket_Very High",loan_size_Large,0.0011000660039602375,0.6358381502890172,1.911490589862305
"derived_loan_product_type_fha:first lien, purchaser_type_0",debt_to_income_ratio_missing,0.03542212532751965,0.6135458167330677,1.909755654425101
"applicant_age_<25, interest_rate_bin_(5.375, 15.25]",loan_purpose_1,0.005660339620377223,0.9355371900826447,1.9095736958322067
"derived_dwelling_category_single family (1-4 units):manufactured, derived_race_black or african american",loan_purpose_1,0.004040242414544873,0.9351851851851852,1.9088552002981776
"construction_method_2, derived_race_black or african american",loan_purpose_1,0.004040242414544873,0.9351851851851852,1.9088552002981776
"loan_type_2, purchaser_type_0",debt_to_income_ratio_missing,0.035472128327699665,0.6130314552367785,1.90815462521234
"derived_race_asian, interest_rate_bin_missing",debt_to_income_ratio_missing,0.014020841250475029,0.6130301705290774,1.9081506263621653
"debt_to_income_ratio_49, income_bracket_High",loan_size_Large,0.003630217813068784,0.6346153846153846,1.907814646420262
"construction_method_2, loan_term_bin_(0.999, 300.0]",interest_rate_bin_missing,0.020811248674920495,0.6959866220735785,1.9073775944206266
"combined_loan_to_value_ratio_bin_(0.129, 68.474], loan_term_bin_(0.999, 300.0]",loan_size_Small,0.05587335240114407,0.6719990377676208,1.907293911116218
"debt_to_income_ratio_missing, total_units_3",combined_loan_to_value_ratio_bin_missing,0.0012700762045722742,0.6580310880829014,1.9069456780687333
"debt_to_income_ratio_missing, derived_race_asian",loan_size_Large,0.010680640838450307,0.6342042755344418,1.9065787483552092
"debt_to_income_ratio_>60%, loan_type_3",loan_size_Large,0.001750105006300378,0.6340579710144928,1.9061389198972758
"debt_to_income_ratio_>60%, derived_loan_product_type_va:first lien",loan_size_Large,0.001750105006300378,0.6340579710144928,1.9061389198972758
"applicant_age_<25, loan_type_3",loan_purpose_1,0.0018001080064803888,0.9326424870466321,1.9036651666647806
"applicant_age_<25, derived_loan_product_type_va:first lien",loan_purpose_1,0.0018001080064803888,0.9326424870466321,1.9036651666647806
"co_applicant_age_65-74, interest_rate_bin_missing",combined_loan_to_value_ratio_bin_missing,0.009450567034022042,0.6567060458651842,1.9031057629399573
"derived_race_race not available, total_units_2",debt_to_income_ratio_missing,0.0038502310138608317,0.6111111111111112,1.9021772589710333
"debt_to_income_ratio_46, income_bracket_Very High",loan_size_Large,0.0017401044062643758,0.6327272727272727,1.902138503670582
"combined_loan_to_value_ratio_bin_missing, state_code_ca",loan_size_Large,0.02120127207632458,0.6324582338902148,1.9013297047567235
"loan_term_bin_(0.999, 300.0], loan_type_1",loan_size_Small,0.1463187791267476,0.669764248111696,1.900951043844368
"debt_to_income_ratio_<20%, derived_race_black or african american",loan_size_Small,0.00162009720583235,0.6694214876033058,1.8999782075843705
"derived_dwelling_category_single family (1-4 units):manufactured, state_code_nc",combined_loan_to_value_ratio_bin_missing,0.001560093605616337,0.6554621848739496,1.8995011074999482
"derived_race_race not available, state_code_il",debt_to_income_ratio_missing,0.004600276016560993,0.610079575596817,1.8989664461393967
"conforming_loan_limit_nc, interest_rate_bin_missing",combined_loan_to_value_ratio_bin_missing,0.008930535832149929,0.6551724137931034,1.8986613634205936
"interest_rate_bin_missing, loan_size_Medium",debt_to_income_ratio_missing,0.06558393503610217,0.609876313586906,1.8983337618928895
"loan_term_bin_(0.999, 300.0], state_code_il",loan_size_Small,0.0043002580154809286,0.6687402799377915,1.8980447773863791
"combined_loan_to_value_ratio_bin_(82.976, 27777.78], purchaser_type_8",loan_size_Large,0.0015400924055443326,0.6311475409836066,1.897389429773157
"income_bracket_Very High, state_code_tx",loan_size_Large,0.012500750045002701,0.6309944472488643,1.8969291912152888
"interest_rate_bin_missing, lien_status_1",debt_to_income_ratio_missing,0.17681060863651818,0.6092560046865846,1.8964029551013333
"derived_dwelling_category_single family (1-4 units):manufactured, derived_ethnicity_not hispanic or latino",combined_loan_to_value_ratio_bin_missing,0.018161089665379923,0.6534724721122706,1.8937350058366722
"construction_method_2, derived_ethnicity_not hispanic or latino",combined_loan_to_value_ratio_bin_missing,0.018161089665379923,0.6534724721122706,1.8937350058366722
"loan_term_bin_(0.999, 300.0], preapproval_2",loan_size_Small,0.14810888653319199,0.6672072802630986,1.893693757844747
"co_applicant_age_<25, purchaser_type_0",interest_rate_bin_missing,0.003930235814148849,0.6906854130052724,1.8928494309767645
"interest_rate_bin_missing, loan_purpose_31",debt_to_income_ratio_missing,0.0328819729183751,0.6081006103199555,1.8928066125551324
"loan_purpose_31, state_code_oh",loan_size_Small,0.0034002040122407345,0.6666666666666667,1.8921593672239412
"derived_loan_product_type_conventional:subordinate lien, occupancy_type_2",loan_size_Small,0.001380082804968298,0.6666666666666666,1.892159367223941
"lien_status_2, occupancy_type_2",loan_size_Small,0.001380082804968298,0.6666666666666666,1.892159367223941
"income_bracket_High, state_code_ca",loan_size_Large,0.01379082744964698,0.6293929712460063,1.892114748565124
"construction_method_2, state_code_nc",combined_loan_to_value_ratio_bin_missing,0.001560093605616337,0.6527196652719666,1.8915534041212874
"derived_dwelling_category_single family (1-4 units):manufactured, derived_loan_product_type_conventional:first lien",interest_rate_bin_missing,0.02486149168950137,0.6901721265963353,1.8914427502089497
"occupancy_type_3, state_code_ca",loan_size_Large,0.005690341420485229,0.6287292817679557,1.8901195298269786
"combined_loan_to_value_ratio_bin_(82.976, 27777.78], state_code_tx",loan_purpose_1,0.017511050663039783,0.9259650978318351,1.8900355996774076
"interest_rate_bin_missing, loan_purpose_32",combined_loan_to_value_ratio_bin_missing,0.05870352221133268,0.6520773161519663,1.889691904109541
"applicant_age_<25, state_code_tx",loan_purpose_1,0.002120127207632458,0.9257641921397379,1.8896255206030121
"applicant_age_<25, purchaser_type_3",loan_purpose_1,0.00199011940716443,0.9255813953488373,1.8892524045502386
"debt_to_income_ratio_missing, occupancy_type_2",interest_rate_bin_missing,0.004660279616777007,0.6893491124260356,1.8891872488264039
"loan_term_bin_(0.999, 300.0], reverse_mortgage_2",loan_size_Small,0.14896893813628817,0.6654456109001564,1.8886937190641833
"loan_term_bin_(0.999, 300.0]",loan_size_Small,0.14899893993639618,0.6654309959803484,1.8886522384280593
"combined_loan_to_value_ratio_bin_missing, loan_term_bin_(0.999, 300.0]",loan_size_Small,0.0421225273516411,0.6654028436018957,1.8885723352481611
"interest_rate_bin_missing, state_code_az",combined_loan_to_value_ratio_bin_missing,0.006920415224913495,0.6516007532956686,1.8883108455309978
"interest_rate_bin_(3.99, 5.375], loan_term_bin_missing",debt_to_income_ratio_missing,0.0011100666039962398,0.6065573770491803,1.8880030618102952
"income_bracket_High, interest_rate_bin_missing",combined_loan_to_value_ratio_bin_missing,0.0500230013800828,0.6514717374316228,1.8879369631281753
"debt_to_income_ratio_37, income_bracket_Very High",loan_size_Large,0.0032401944116647,0.6279069767441859,1.8876474725680392
"applicant_age_35-44, loan_type_3",loan_size_Large,0.008720523231393884,0.6277897768178546,1.8872951398931077
"applicant_age_35-44, derived_loan_product_type_va:first lien",loan_size_Large,0.008720523231393884,0.6277897768178546,1.8872951398931077
"applicant_age_missing, total_units_2",combined_loan_to_value_ratio_bin_missing,0.0021101266075964557,0.6512345679012346,1.8872496560705998
"construction_method_2, derived_loan_product_type_conventional:first lien",interest_rate_bin_missing,0.024881492889573375,0.6884338682899834,1.8866789877432675
"derived_dwelling_category_single family (1-4 units):manufactured, derived_sex_male",combined_loan_to_value_ratio_bin_missing,0.008670520231213872,0.6509009009009009,1.8862827035120904
"construction_method_2, derived_sex_male",combined_loan_to_value_ratio_bin_missing,0.008670520231213872,0.6509009009009009,1.8862827035120904
"income_bracket_Very High, loan_purpose_32",loan_size_Large,0.02027121627297638,0.6273599504797277,1.8860029730103387
"applicant_age_<25, debt_to_income_ratio_50%-60%",loan_purpose_1,0.001940116406984419,0.9238095238095239,1.8856357452450454
"derived_race_joint, loan_type_3",loan_size_Large,0.0012600756045362722,0.6268656716417911,1.884517045582023
"derived_loan_product_type_va:first lien, derived_race_joint",loan_size_Large,0.0012600756045362722,0.6268656716417911,1.884517045582023
"co_applicant_age_45-54, purchaser_type_6",loan_size_Large,0.0013600816048962938,0.6267281105990784,1.884103502232104
"derived_dwelling_category_single family (1-4 units):manufactured, state_code_tx",loan_purpose_1,0.0059803588215292915,0.9228395061728395,1.883655791713383
"construction_method_2, state_code_tx",loan_purpose_1,0.0059803588215292915,0.9228395061728395,1.883655791713383
"combined_loan_to_value_ratio_bin_(82.976, 27777.78], derived_loan_product_type_conventional:first lien",loan_purpose_1,0.09663579814788888,0.9228344952726578,1.8836455637039775
"co_applicant_age_25-34, purchaser_type_9",loan_purpose_1,0.0017901074064443866,0.922680412371134,1.8833310570666715
"interest_rate_bin_(-0.001, 3.99], loan_type_4",loan_purpose_1,0.0015500930055803348,0.9226190476190476,1.8832058022743687
"applicant_age_<25, loan_size_Large",loan_purpose_1,0.004510270616236974,0.9222903885480572,1.882534959122955
"derived_loan_product_type_fsa/rhs:first lien, interest_rate_bin_(-0.001, 3.99]",loan_purpose_1,0.0015400924055443326,0.9221556886227544,1.882260016088177
"conforming_loan_limit_nc, interest_rate_bin_missing",debt_to_income_ratio_missing,0.00824049442966578,0.6045487894350697,1.8817510241484936
"interest_rate_bin_missing, state_code_ca",debt_to_income_ratio_missing,0.02157129427765666,0.6045403587443946,1.8817247823279997
"combined_loan_to_value_ratio_bin_(82.976, 27777.78], derived_dwelling_category_single family (1-4 units):manufactured",loan_purpose_1,0.0067104026241574495,0.9217032967032968,1.8813366153738484
"combined_loan_to_value_ratio_bin_(82.976, 27777.78], construction_method_2",loan_purpose_1,0.0067104026241574495,0.9217032967032968,1.8813366153738484
"applicant_age_35-44, derived_race_asian",loan_size_Large,0.012040722443346601,0.6257796257796258,1.881252116535623
"combined_loan_to_value_ratio_bin_missing, state_code_pa",interest_rate_bin_missing,0.007940476428585716,0.6862575626620571,1.8807147400671398
"loan_type_2, purchaser_type_9",loan_purpose_1,0.00398023881432886,0.9212962962962964,1.8805058656402838
"derived_loan_product_type_fha:first lien, purchaser_type_9",loan_purpose_1,0.00398023881432886,0.9212962962962964,1.8805058656402838
"income_bracket_Very High, occupancy_type_2",loan_size_Large,0.00940056403384203,0.6254158349966733,1.8801584692639453
"co_applicant_age_<25, loan_size_Medium",loan_purpose_1,0.003950237014220853,0.9207459207459209,1.8793824654323954
"debt_to_income_ratio_37, income_bracket_Low",loan_size_Small,0.002860171610296618,0.6620370370370371,1.8790193716182195
"derived_race_joint, purchaser_type_3",loan_size_Large,0.0010500630037802267,0.6249999999999999,1.878908363898743
"interest_rate_bin_missing, loan_purpose_1",debt_to_income_ratio_missing,0.08303498209892593,0.6035034161942143,1.878497139266125
"debt_to_income_ratio_43, loan_term_bin_(0.999, 300.0]",loan_size_Small,0.0030101806108366502,0.6615384615384615,1.8776042951683722
"derived_ethnicity_not hispanic or latino, state_code_ca",loan_size_Large,0.03023181390883453,0.6244577566618468,1.877278243029424
"loan_size_Small, loan_type_4",loan_purpose_1,0.0030901854111246674,0.9196428571428571,1.8771309448476772
"derived_race_joint, interest_rate_bin_missing",debt_to_income_ratio_missing,0.003950237014220853,0.6030534351145038,1.8770965039950098
"interest_rate_bin_missing, state_code_il",combined_loan_to_value_ratio_bin_missing,0.007150429025741544,0.6476449275362318,1.8768470333012015
"derived_race_race not available, loan_type_4",loan_purpose_1,0.0022801368082084926,0.9193548387096774,1.8765430554192877
"debt_to_income_ratio_36, income_bracket_Low",loan_size_Small,0.002690161409684581,0.6609336609336608,1.8758877264738576
"derived_loan_product_type_fsa/rhs:first lien, derived_race_race not available",loan_purpose_1,0.0022701362081724904,0.9190283400809717,1.87587662205917
"co_applicant_age_65-74, loan_term_bin_(0.999, 300.0]",loan_size_Small,0.007250435026101566,0.6602914389799636,1.8740649470455701
"combined_loan_to_value_ratio_bin_(82.976, 27777.78], purchaser_type_71",loan_purpose_1,0.021501290077404644,0.9180187873612298,1.873815971409884
"derived_race_race not available, state_code_ca",loan_size_Large,0.019701182070924257,0.6232204998418223,1.8735587355295282
"co_applicant_age_25-34, purchaser_type_6",loan_purpose_1,0.0029001740104406264,0.9177215189873418,1.8732092014456359
"derived_loan_product_type_fsa/rhs:first lien, loan_size_Small",loan_purpose_1,0.0029901794107646457,0.9171779141104294,1.8720996212120737
"co_applicant_age_25-34, interest_rate_bin_missing",debt_to_income_ratio_missing,0.015030901854111246,0.6014405762304922,1.8720762328277614
"debt_to_income_ratio_39, state_code_ca",loan_size_Large,0.001320079204752285,0.6226415094339622,1.8718181436576158
"applicant_age_25-34, loan_term_bin_missing",combined_loan_to_value_ratio_bin_missing,0.0025901554093245593,0.6458852867830424,1.8717476703835252
"applicant_age_35-44, income_bracket_Very High",loan_size_Large,0.04332259935596136,0.6225926990514516,1.871671407280105
"derived_dwelling_category_single family (1-4 units):manufactured, loan_type_1",interest_rate_bin_missing,0.02532151929115747,0.6828478964401296,1.8713704211536797
"applicant_age_25-34, purchaser_type_6",loan_purpose_1,0.006500390023401404,0.9167842031029619,1.871295997164212
"co_applicant_age_>74, loan_type_2",debt_to_income_ratio_missing,0.0010700642038522312,0.601123595505618,1.871089581602763
"co_applicant_age_>74, derived_loan_product_type_fha:first lien",debt_to_income_ratio_missing,0.0010700642038522312,0.601123595505618,1.871089581602763
"applicant_age_55-64, loan_term_bin_missing",loan_size_Small,0.003250195011700702,0.6592292089249493,1.8710500842224569
"applicant_age_45-54, derived_dwelling_category_single family (1-4 units):manufactured",combined_loan_to_value_ratio_bin_missing,0.004500270016200972,0.6456241032998565,1.8709907719277163
"applicant_age_45-54, construction_method_2",combined_loan_to_value_ratio_bin_missing,0.004500270016200972,0.6456241032998565,1.8709907719277163
"derived_race_2 or more minority races, purchaser_type_0",interest_rate_bin_missing,0.0011400684041042463,0.6826347305389222,1.870786231959574
"derived_race_asian, interest_rate_bin_missing",combined_loan_to_value_ratio_bin_missing,0.014760885653139188,0.645386969829471,1.8703035693704715
"loan_purpose_1, purchaser_type_8",loan_size_Large,0.0032901974118447106,0.6219281663516069,1.8696736536035887
"income_bracket_Medium, purchaser_type_9",loan_purpose_1,0.004470268216092966,0.9159836065573772,1.869661857847647
"derived_race_race not available, state_code_tx",debt_to_income_ratio_missing,0.01504090245414725,0.6006389776357828,1.8695811339988313
"loan_purpose_2, occupancy_type_3",loan_size_Small,0.002200132007920475,0.6586826347305389,1.8694987759997022
"applicant_age_<25, loan_size_Medium",loan_purpose_1,0.009450567034022042,0.9156976744186047,1.8690782268634585
"interest_rate_bin_missing, state_code_ga",combined_loan_to_value_ratio_bin_missing,0.009370562233734024,0.6448726772195458,1.8688131715951675
"co_applicant_age_<25, loan_type_2",loan_purpose_1,0.002060123607416445,0.9155555555555556,1.8687881406483542
"co_applicant_age_<25, derived_loan_product_type_fha:first lien",loan_purpose_1,0.002060123607416445,0.9155555555555556,1.8687881406483542
"co_applicant_age_25-34, derived_dwelling_category_single family (1-4 units):manufactured",loan_purpose_1,0.0035702142128527714,0.9153846153846155,1.8684392257602573
"co_applicant_age_25-34, construction_method_2",loan_purpose_1,0.0035702142128527714,0.9153846153846155,1.8684392257602573
"income_bracket_Low, purchaser_type_0",loan_size_Small,0.10014600876052564,0.6581662832730858,1.8680332471292027
"debt_to_income_ratio_47, state_code_ca",loan_size_Large,0.0012300738044282657,0.6212121212121212,1.867521040481175
"co_applicant_age_<25, interest_rate_bin_(3.99, 5.375]",loan_purpose_1,0.0023601416084965098,0.9147286821705426,1.8671003663059307
"applicant_age_55-64, loan_term_bin_(0.999, 300.0]",loan_size_Small,0.02898173890433426,0.657739446209714,1.866821781507597
"construction_method_2, loan_type_1",interest_rate_bin_missing,0.025341520491229473,0.6811827956989247,1.866807149755208
"applicant_age_<25, derived_loan_product_type_fha:first lien",loan_purpose_1,0.0044902694161649695,0.9144602851323829,1.8665525271291004
"applicant_age_25-34, derived_dwelling_category_single family (1-4 units):manufactured",loan_purpose_1,0.00930055803348201,0.9144542772861357,1.8665402642011444
"applicant_age_25-34, construction_method_2",loan_purpose_1,0.00930055803348201,0.9144542772861357,1.8665402642011444
"applicant_age_<25, derived_race_black or african american",loan_purpose_1,0.001490089405364322,0.9141104294478528,1.8658384184655452
"interest_rate_bin_missing, state_code_oh",loan_size_Small,0.008270496229773787,0.6573926868044516,1.8658375954223365
"income_bracket_Very High, state_code_fl",loan_size_Large,0.011170670240214413,0.6205555555555556,1.8655472377554634
"applicant_age_55-64, state_code_oh",loan_size_Small,0.003490209412564754,0.6572504708097928,1.8654339524326424
"applicant_age_<25, income_bracket_Very High",loan_purpose_1,0.001380082804968298,0.9139072847682119,1.8654237692770335
"loan_type_2, purchaser_type_6",loan_purpose_1,0.0025401524091445485,0.9136690647482013,1.86493752598403
"derived_loan_product_type_fha:first lien, purchaser_type_6",loan_purpose_1,0.0025301518091085467,0.9133574007220217,1.8643013723039425
"applicant_age_<25, loan_type_2",loan_purpose_1,0.004500270016200972,0.9127789046653143,1.863120573865632
"combined_loan_to_value_ratio_bin_missing, loan_type_4",loan_purpose_1,0.0028201692101526093,0.912621359223301,1.8627989996565508
"derived_race_race not available, interest_rate_bin_missing",combined_loan_to_value_ratio_bin_missing,0.05073304398263896,0.6426399797314416,1.862342910687314
"combined_loan_to_value_ratio_bin_missing, derived_loan_product_type_fsa/rhs:first lien",loan_purpose_1,0.002810168610116607,0.9123376623376624,1.8622199311639802
"purchaser_type_9, state_code_tx",loan_purpose_1,0.001560093605616337,0.9122807017543859,1.8621036659500718
"derived_race_race not available, income_bracket_Very High",loan_size_Large,0.026771606296377783,0.6193891716797779,1.8620407922839188
"debt_to_income_ratio_30%-<36%, state_code_ca",loan_size_Large,0.005300318019081145,0.6191588785046728,1.8613484726473526
"co_applicant_age_<25, income_bracket_Medium",loan_purpose_1,0.004440266415984959,0.9117043121149897,1.8609271670298697
"loan_purpose_32, state_code_ca",loan_size_Large,0.015380922855371322,0.6189134808853118,1.8606107452241558
"derived_race_asian, income_bracket_High",loan_size_Large,0.009820589235354121,0.6187775677378702,1.8602021558649686
"applicant_age_<25, state_code_nc",loan_purpose_1,0.001130067804068244,0.9112903225806451,1.8600821514243817
"co_applicant_age_35-44, income_bracket_Very High",loan_size_Large,0.025301518091085464,0.6187331865981902,1.8600687349136982
"co_applicant_age_35-44, occupancy_type_2",loan_size_Large,0.0014600876052563154,0.6186440677966102,1.8598008212150272
"applicant_age_25-34, purchaser_type_8",loan_purpose_1,0.0013300798047882873,0.910958904109589,1.8594056759177418
"applicant_age_<25, income_bracket_Medium",loan_purpose_1,0.0070504230253815225,0.9108527131782945,1.8591889240758208
"debt_to_income_ratio_missing, loan_term_bin_(0.999, 300.0]",interest_rate_bin_missing,0.03933235994159649,0.6782203828246248,1.8586885455138962
"income_bracket_Low, loan_type_1",loan_size_Small,0.11123667420045202,0.6546792230723956,1.858136136694988
"derived_race_black or african american, purchaser_type_9",loan_purpose_1,0.0015200912054723283,0.9101796407185628,1.8578150808143048
"construction_method_1, state_code_ca",loan_size_Large,0.05892353541212473,0.6178691275167785,1.8574711543777507
"loan_term_bin_(0.999, 300.0], state_code_ga",loan_size_Small,0.004450267016020961,0.6544117647058824,1.8573770259146776
"applicant_age_65-74, income_bracket_Low",loan_size_Small,0.02436146168770126,0.6539597315436242,1.8560940477412835
"combined_loan_to_value_ratio_bin_missing, derived_race_asian",loan_size_Large,0.010490629437766266,0.6170588235294118,1.8550351752750887
"combined_loan_to_value_ratio_bin_missing, state_code_ny",interest_rate_bin_missing,0.006450387023221394,0.6768100734522561,1.8548235394739192
"purchaser_type_0, state_code_oh",loan_size_Small,0.01514090845450727,0.6534311609840311,1.8545938381379241
"income_bracket_Very High, occupancy_type_1",loan_size_Large,0.11396683801028061,0.6168669481433365,1.8544583492467317
"combined_loan_to_value_ratio_bin_missing, debt_to_income_ratio_>60%",loan_size_Small,0.003580214812888773,0.6532846715328468,1.8541780660570373
"occupancy_type_3, state_code_ny",loan_size_Large,0.0017001020061203672,0.6159420289855072,1.8516778079002105
"applicant_age_<25, lien_status_1",loan_purpose_1,0.022371342280536832,0.9071370640713706,1.8516047191155696
"applicant_age_missing, construction_method_2",loan_size_Small,0.0016701002060123607,0.65234375,1.8515075058187391
"applicant_age_65-74, state_code_pa",loan_size_Small,0.002120127207632458,0.6523076923076924,1.8514051654683488
"derived_race_asian, purchaser_type_3",loan_size_Large,0.0032701962117727065,0.615819209039548,1.8513085800222644
"derived_dwelling_category_single family (1-4 units):manufactured, derived_race_white",combined_loan_to_value_ratio_bin_missing,0.018231093865631938,0.6387526278906798,1.8510775329169868
"construction_method_2, derived_race_white",combined_loan_to_value_ratio_bin_missing,0.018231093865631938,0.6387526278906798,1.8510775329169868
"combined_loan_to_value_ratio_bin_(68.474, 82.976], purchaser_type_6",loan_size_Large,0.005620337220233214,0.615553121577218,1.8505086536886637
"debt_to_income_ratio_44, loan_term_bin_(0.999, 300.0]",loan_size_Small,0.003390203412204732,0.6519230769230769,1.8503135350641808
"derived_dwelling_category_single family (1-4 units):site-built, state_code_ca",loan_size_Large,0.05830349820989259,0.615433336852106,1.8501485504536552
"debt_to_income_ratio_missing, state_code_nc",interest_rate_bin_missing,0.007790467428045683,0.6750433275563259,1.8499817056942816
"debt_to_income_ratio_<20%, interest_rate_bin_missing",loan_size_Small,0.007600456027361642,0.6518010291595198,1.8499671343355857
"derived_dwelling_category_single family (1-4 units):manufactured, derived_sex_male",interest_rate_bin_missing,0.008990539432365942,0.674924924924925,1.8496572188160973
"construction_method_2, derived_sex_male",interest_rate_bin_missing,0.008990539432365942,0.674924924924925,1.8496572188160973
"derived_race_asian, loan_type_2",loan_size_Large,0.0015500930055803348,0.615079365079365,1.8490844216146358
"derived_loan_product_type_fha:first lien, derived_race_asian",loan_size_Large,0.0015500930055803348,0.615079365079365,1.8490844216146358
"debt_to_income_ratio_42, state_code_ca",loan_size_Large,0.0018201092065523931,0.6148648648648648,1.8484395796193038
"combined_loan_to_value_ratio_bin_missing, state_code_fl",interest_rate_bin_missing,0.021221273276396585,0.6742929774388307,1.8479253428897533
"debt_to_income_ratio_44, derived_race_asian",loan_size_Large,0.0011000660039602375,0.6145251396648045,1.847418279587591
"applicant_age_<25, loan_term_bin_(300.0, 360.0]",loan_purpose_1,0.018731123867432045,0.9048309178743961,1.8468975239733891
"derived_dwelling_category_single family (1-4 units):site-built, loan_term_bin_(0.999, 300.0]",loan_size_Small,0.12443746624797487,0.6506824243058097,1.8467922663573313
"applicant_age_65-74, reverse_mortgage_1111",loan_size_Small,0.0010800648038882333,0.6506024096385542,1.8465651656040871
"applicant_age_<25, purchaser_type_1",loan_purpose_1,0.0025501530091805507,0.9042553191489361,1.8457226394288253
"applicant_age_missing, loan_type_4",loan_purpose_1,0.0018801128067684062,0.9038461538461539,1.8448874708136993
"applicant_age_missing, derived_loan_product_type_fsa/rhs:first lien",loan_purpose_1,0.0018801128067684062,0.9038461538461539,1.8448874708136993
"co_applicant_age_35-44, purchaser_type_2",loan_size_Large,0.003080184811088665,0.6135458167330677,1.8444741867117542
"derived_sex_female, loan_term_bin_(360.0, 674.0]",loan_size_Small,0.001930115806948417,0.6498316498316499,1.8443775650213163
"income_bracket_Very High, loan_purpose_2",loan_size_Small,0.017551053063183792,0.6497593483894855,1.8441723562447336
"debt_to_income_ratio_50%-60%, income_bracket_Very High",loan_size_Large,0.003440206412384743,0.6131907308377896,1.8434067085380894
"income_bracket_Very High, lien_status_2",loan_size_Small,0.034422065323919435,0.649433962264151,1.843248832637209
"derived_loan_product_type_conventional:subordinate lien, income_bracket_Very High",loan_size_Small,0.03441206472388343,0.6493678052462729,1.8430610632055808
"co_applicant_age_25-34, state_code_az",loan_size_Large,0.0012200732043922634,0.6130653266331657,1.843029711723792
"debt_to_income_ratio_50%-60%, derived_dwelling_category_single family (1-4 units):manufactured",loan_size_Small,0.002240134408064484,0.6492753623188406,1.8427986880789688
"construction_method_2, debt_to_income_ratio_50%-60%",loan_size_Small,0.002240134408064484,0.6492753623188406,1.8427986880789688
"derived_ethnicity_joint, loan_type_3",loan_size_Large,0.0012800768046082765,0.6124401913875598,1.8411503967773328
"derived_ethnicity_joint, derived_loan_product_type_va:first lien",loan_size_Large,0.0012800768046082765,0.6124401913875598,1.8411503967773328
"combined_loan_to_value_ratio_bin_(82.976, 27777.78], loan_size_Large",loan_purpose_1,0.07709462567754065,0.9019539019539018,1.8410250968988642
"combined_loan_to_value_ratio_bin_(82.976, 27777.78], purchaser_type_5",loan_purpose_1,0.0014700882052923175,0.9018404907975459,1.8407936074794302
"debt_to_income_ratio_exempt, derived_sex_female",loan_size_Small,0.0017901074064443866,0.6485507246376812,1.8407419931145947
"debt_to_income_ratio_38, income_bracket_Low",loan_size_Small,0.0031001860111606696,0.6485355648535566,1.8406989660232902
"derived_dwelling_category_single family (1-4 units):manufactured, derived_ethnicity_hispanic or latino",loan_purpose_1,0.005690341420485229,0.9017432646592709,1.8405951541435657
"construction_method_2, derived_ethnicity_hispanic or latino",loan_purpose_1,0.005690341420485229,0.9017432646592709,1.8405951541435657
"applicant_age_45-54, derived_dwelling_category_single family (1-4 units):manufactured",interest_rate_bin_missing,0.0046802808168490105,0.6714490674318507,1.8401315002269432
"applicant_age_45-54, construction_method_2",interest_rate_bin_missing,0.0046802808168490105,0.6714490674318507,1.8401315002269432
"debt_to_income_ratio_49, state_code_ca",loan_size_Large,0.0020501230073804427,0.6119402985074627,1.8396475921157842
"debt_to_income_ratio_37, state_code_ca",loan_size_Large,0.0010400624037442247,0.611764705882353,1.8391197161926522
"applicant_age_45-54, loan_term_bin_(0.999, 300.0]",loan_size_Small,0.03325199511970718,0.6478955572876072,1.8388824715567822
"loan_type_3, purchaser_type_6",loan_purpose_1,0.001000060003600216,0.9009009009009008,1.8388757615931062
"derived_loan_product_type_va:first lien, purchaser_type_6",loan_purpose_1,0.001000060003600216,0.9009009009009008,1.8388757615931062
"debt_to_income_ratio_>60%, state_code_pa",loan_size_Small,0.0010300618037082225,0.6477987421383647,1.8386076870194898
"interest_rate_bin_missing, preapproval_2",combined_loan_to_value_ratio_bin_missing,0.2278136688201292,0.6344343563749791,1.838563368536724
"applicant_age_<25, derived_sex_female",loan_purpose_1,0.005520331219873192,0.9004893964110929,1.8380358183414813
"debt_to_income_ratio_45, state_code_ca",loan_size_Large,0.0012900774046442787,0.6113744075829385,1.8379463806099556
"purchaser_type_0, state_code_tx",interest_rate_bin_missing,0.03273196391783507,0.670559311616472,1.8376930908481786
"co_applicant_age_55-64, interest_rate_bin_missing",combined_loan_to_value_ratio_bin_missing,0.014050843050583035,0.6340252707581226,1.8373778560842693
"derived_ethnicity_hispanic or latino, purchaser_type_9",loan_purpose_1,0.002250135008100486,0.9,1.8370368858315134
"co_applicant_age_<25, derived_ethnicity_hispanic or latino",loan_purpose_1,0.00162009720583235,0.8999999999999999,1.8370368858315131
"interest_rate_bin_missing, loan_type_2",combined_loan_to_value_ratio_bin_missing,0.027441646498789926,0.6338646338646339,1.836912337303585
"interest_rate_bin_missing, state_code_other",combined_loan_to_value_ratio_bin_missing,0.10967658059483569,0.6338207247298157,1.8367850905269725
"applicant_age_>74, interest_rate_bin_missing",combined_loan_to_value_ratio_bin_missing,0.00981058863531812,0.6337209302325582,1.8364958903832609
"applicant_age_>74, debt_to_income_ratio_20%-<30%",loan_size_Small,0.0019601176070564233,0.6468646864686469,1.835956613742042
"derived_loan_product_type_fha:first lien, interest_rate_bin_missing",combined_loan_to_value_ratio_bin_missing,0.027381642898573914,0.6335030078667283,1.8358643607774416
"co_applicant_age_35-44, interest_rate_bin_missing",combined_loan_to_value_ratio_bin_missing,0.019101146068764126,0.633289124668435,1.8352445365047236
"derived_ethnicity_not hispanic or latino, interest_rate_bin_missing",combined_loan_to_value_ratio_bin_missing,0.15104906294377662,0.6330259849119866,1.8344819688534757
"debt_to_income_ratio_20%-<30%, interest_rate_bin_missing",loan_size_Small,0.010070604236254175,0.646341463414634,1.834471581637845
"derived_race_asian, purchaser_type_71",loan_size_Large,0.001940116406984419,0.610062893081761,1.8340036357049367
"co_applicant_age_<25, debt_to_income_ratio_20%-<30%",loan_purpose_1,0.001060063603816229,0.8983050847457628,1.8335773060088552
"debt_to_income_ratio_50%-60%, loan_type_3",loan_size_Large,0.005580334820089205,0.6098360655737705,1.8333217347418556
"debt_to_income_ratio_50%-60%, derived_loan_product_type_va:first lien",loan_size_Large,0.005580334820089205,0.6098360655737705,1.8333217347418556
"derived_dwelling_category_single family (1-4 units):manufactured, state_code_fl",loan_size_Small,0.0021501290077404643,0.6456456456456456,1.8324966844736366
"construction_method_2, state_code_fl",loan_size_Small,0.0021501290077404643,0.6456456456456456,1.8324966844736366
"debt_to_income_ratio_50%-60%, purchaser_type_0",interest_rate_bin_missing,0.022951377082624957,0.6685115059714536,1.8320810022229705
"applicant_age_<25, derived_ethnicity_not hispanic or latino",loan_purpose_1,0.016630997859871592,0.8974635725849972,1.8318596516986305
"debt_to_income_ratio_missing, loan_type_1",interest_rate_bin_missing,0.15213912834770085,0.6683213987611475,1.8315600062411868
"derived_race_american indian or alaska native, income_bracket_Low",loan_size_Small,0.0014000840050403024,0.6451612903225806,1.8311219682812332
"derived_sex_female, reverse_mortgage_1111",loan_size_Small,0.0017801068064083846,0.644927536231884,1.8304585182927255
"combined_loan_to_value_ratio_bin_missing, state_code_other",interest_rate_bin_missing,0.10967658059483569,0.667904993909866,1.830418833037058
"applicant_age_<25, derived_loan_product_type_conventional:first lien",loan_purpose_1,0.01509090545432726,0.8966131907308377,1.8301238929951495
"purchaser_type_0, state_code_fl",interest_rate_bin_missing,0.035382122927375644,0.6675471698113208,1.829438202595807
"purchaser_type_2, state_code_tx",loan_purpose_1,0.006290377422645359,0.896011396011396,1.8288955384425798
"applicant_age_<25, occupancy_type_1",loan_purpose_1,0.023021381282876972,0.8957198443579767,1.8283004371742948
"debt_to_income_ratio_50%-60%, derived_dwelling_category_single family (1-4 units):manufactured",loan_purpose_1,0.0030901854111246674,0.8956521739130434,1.8281623115038246
"construction_method_2, debt_to_income_ratio_50%-60%",loan_purpose_1,0.0030901854111246674,0.8956521739130434,1.8281623115038246
"derived_race_white, interest_rate_bin_missing",combined_loan_to_value_ratio_bin_missing,0.13353801228073683,0.6303937305259182,1.8268538093090467
"loan_type_4, purchaser_type_0",loan_purpose_1,0.00213012780766846,0.8949579831932774,1.8267453626615888
"debt_to_income_ratio_43, state_code_ca",loan_size_Large,0.0016100966057963479,0.6075471698113208,1.826440734114401
"applicant_age_55-64, income_bracket_Low",loan_size_Small,0.026061563693821628,0.6432979511231794,1.8258333662005395
"applicant_age_<25, debt_to_income_ratio_20%-<30%",loan_purpose_1,0.002370142208532512,0.8943396226415095,1.8254831947256547
"derived_sex_female, purchaser_type_0",interest_rate_bin_missing,0.08698521911314679,0.6660030627871364,1.8252065190434104
"derived_dwelling_category_single family (1-4 units):manufactured, loan_size_Small",interest_rate_bin_missing,0.020911254675280516,0.6659235668789808,1.8249886575080658
"derived_loan_product_type_fsa/rhs:first lien, purchaser_type_0",loan_purpose_1,0.0021101266075964557,0.8940677966101694,1.8249283564522094
"derived_dwelling_category_single family (1-4 units):manufactured, loan_size_Medium",combined_loan_to_value_ratio_bin_missing,0.006800408024481469,0.6296296296296297,1.8246394779071202
"reverse_mortgage_2, state_code_ca",loan_size_Large,0.05779346760805648,0.6069103129594623,1.8245261810495
"co_applicant_age_25-34, loan_type_3",loan_size_Large,0.0035202112126727606,0.6068965517241379,1.8244848112892622
"co_applicant_age_25-34, derived_loan_product_type_va:first lien",loan_size_Large,0.0035202112126727606,0.6068965517241379,1.8244848112892622
"construction_method_2, loan_size_Small",interest_rate_bin_missing,0.020911254675280516,0.6657115568290353,1.8244076359679489
"applicant_age_<25, state_code_other",loan_purpose_1,0.013460807648458908,0.8937583001328021,1.824296627068922
"debt_to_income_ratio_missing, loan_type_4",loan_purpose_1,0.002690161409684581,0.893687707641196,1.8241525370567628
"applicant_age_65-74, debt_to_income_ratio_<20%",loan_size_Small,0.002950177010620637,0.6427015250544663,1.8241405664413815
state_code_ca,loan_size_Large,0.05917355041302478,0.6067473338802296,1.8240362246413226
"income_bracket_Low, loan_term_bin_missing",interest_rate_bin_missing,0.0077804668280096806,0.6655260906757913,1.823899358978131
"combined_loan_to_value_ratio_bin_(82.976, 27777.78], lien_status_1",loan_purpose_1,0.1634898093885633,0.8933821520301656,1.8235288515810566
"debt_to_income_ratio_41, state_code_ca",loan_size_Large,0.0014800888053283197,0.6065573770491803,1.8234651662755015
"debt_to_income_ratio_missing, derived_loan_product_type_fsa/rhs:first lien",loan_purpose_1,0.002680160809648579,0.8933333333333334,1.8234292051957244
"construction_method_1, loan_term_bin_(0.999, 300.0]",loan_size_Small,0.12463747824869492,0.6424226804123712,1.8233491386890706
"derived_ethnicity_joint, state_code_ca",loan_size_Large,0.0018801128067684062,0.6064516129032258,1.8231472124540062
"construction_method_2, interest_rate_bin_(5.375, 15.25]",loan_purpose_1,0.009140548432905975,0.8925781250000001,1.8218877101237014
"interest_rate_bin_missing, total_units_1",combined_loan_to_value_ratio_bin_missing,0.22149328959737585,0.6285973775330647,1.8216480559061372
"co_applicant_age_25-34, purchaser_type_71",loan_purpose_1,0.004810288617317039,0.8923933209647495,1.8215104969799174
"combined_loan_to_value_ratio_bin_missing, preapproval_2",interest_rate_bin_missing,0.2278136688201292,0.6646437532823715,1.8214812800646105
"derived_dwelling_category_single family (1-4 units):manufactured, interest_rate_bin_(5.375, 15.25]",loan_purpose_1,0.00912054723283397,0.8923679060665363,1.8214586213071757
"construction_method_2, loan_size_Medium",combined_loan_to_value_ratio_bin_missing,0.006800408024481469,0.6284658040665434,1.8212667616817835
interest_rate_bin_missing,combined_loan_to_value_ratio_bin_missing,0.22930375822549354,0.6284156000767397,1.8211212726872483
combined_loan_to_value_ratio_bin_missing,interest_rate_bin_missing,0.22930375822549354,0.6645123895087668,1.821121272687248
"loan_term_bin_(300.0, 360.0], total_units_3",loan_size_Large,0.0018901134068044082,0.6057692307692307,1.8210957988557048
"applicant_age_<25, derived_race_white",loan_purpose_1,0.017201032061923714,0.892116182572614,1.8209448153701029
"combined_loan_to_value_ratio_bin_missing, conforming_loan_limit_c",interest_rate_bin_missing,0.21914314858891534,0.6640705497302867,1.8199103941055796
"interest_rate_bin_(3.99, 5.375], loan_term_bin_(0.999, 300.0]",loan_size_Small,0.023741424485469127,0.6407557354925776,1.8186179505221198
"applicant_age_65-74, debt_to_income_ratio_exempt",loan_size_Small,0.0010700642038522312,0.6407185628742516,1.8185124457451651
"interest_rate_bin_missing, purchaser_type_0",combined_loan_to_value_ratio_bin_missing,0.22742364541872512,0.6274244723410125,1.818249027308135
"conforming_loan_limit_c, interest_rate_bin_missing",combined_loan_to_value_ratio_bin_missing,0.21914314858891534,0.6266765807761604,1.8160816698487576
"applicant_age_<25, total_units_1",loan_purpose_1,0.02287137228233694,0.8895371450797355,1.8156806075874803
"co_applicant_age_35-44, derived_dwelling_category_single family (1-4 units):manufactured",interest_rate_bin_missing,0.0020801248074884494,0.6624203821656052,1.8153880476407356
"co_applicant_age_35-44, construction_method_2",interest_rate_bin_missing,0.0020801248074884494,0.6624203821656052,1.8153880476407356
"occupancy_type_1, state_code_ca",loan_size_Large,0.052183130987859275,0.6036557149467839,1.8147420347660606
"combined_loan_to_value_ratio_bin_missing, total_units_1",interest_rate_bin_missing,0.22149328959737585,0.6620434028815688,1.814354921691002
"applicant_age_<25, reverse_mortgage_2",loan_purpose_1,0.02287137228233694,0.8888457054022542,1.8142692740409685
"loan_term_bin_(0.999, 300.0], state_code_fl",loan_size_Small,0.009600576034562073,0.6391478029294274,1.8140542535302764
"income_bracket_High, purchaser_type_6",loan_size_Large,0.003910234614076844,0.6033950617283951,1.813958445146688
"applicant_age_>74, income_bracket_Very High",loan_size_Large,0.0017801068064083846,0.6033898305084746,1.8139427187741088
"applicant_age_<25, conforming_loan_limit_c",loan_purpose_1,0.023301398083885032,0.8882958444529164,1.8131469242120666
applicant_age_<25,loan_purpose_1,0.023431405884353062,0.8881728582259287,1.812895890617149
"combined_loan_to_value_ratio_bin_(82.976, 27777.78], state_code_az",loan_size_Large,0.003190191411484689,0.6030245746691871,1.8128446671718685
"debt_to_income_ratio_47, loan_term_bin_(0.999, 300.0]",loan_size_Small,0.001980118807128428,0.6387096774193549,1.8128107485984213
"co_applicant_age_<25, loan_term_bin_(300.0, 360.0]",loan_purpose_1,0.007450447026821609,0.8879618593563766,1.8124652098324425
"co_applicant_age_<25, debt_to_income_ratio_30%-<36%",loan_purpose_1,0.0010300618037082225,0.8879310344827586,1.8124022915770677
"combined_loan_to_value_ratio_bin_(68.474, 82.976], income_bracket_Very High",loan_size_Large,0.041292477548652916,0.6028617316396554,1.812355119763565
"applicant_age_<25, income_bracket_High",loan_purpose_1,0.0031601896113766827,0.8876404494382022,1.8118091633044886
"combined_loan_to_value_ratio_bin_missing, state_code_il",interest_rate_bin_missing,0.007150429025741544,0.6608133086876155,1.810983802146228
"derived_dwelling_category_single family (1-4 units):manufactured, loan_purpose_1",interest_rate_bin_missing,0.0236114166850011,0.6607892527287994,1.810917875883563
"interest_rate_bin_missing, occupancy_type_2",combined_loan_to_value_ratio_bin_missing,0.005580334820089205,0.6248600223964166,1.810817362107152
"derived_dwelling_category_single family (1-4 units):manufactured, derived_ethnicity_not hispanic or latino",interest_rate_bin_missing,0.018361101666099965,0.6606693055055775,1.8105891559932223
"construction_method_2, derived_ethnicity_not hispanic or latino",interest_rate_bin_missing,0.018361101666099965,0.6606693055055775,1.8105891559932223
"interest_rate_bin_missing, loan_term_bin_(300.0, 360.0]",combined_loan_to_value_ratio_bin_missing,0.15302918175090505,0.6247754368773477,1.8105722369254746
"debt_to_income_ratio_30%-<36%, income_bracket_Very High",loan_size_Large,0.01774106446386783,0.6021724372029871,1.810282926031973
"purchaser_type_0, state_code_ga",interest_rate_bin_missing,0.014510870652239135,0.6604460628129267,1.8099773509720116
"combined_loan_to_value_ratio_bin_(82.976, 27777.78], interest_rate_bin_(3.99, 5.375]",loan_purpose_1,0.05867352041122467,0.8866555841015566,1.809798903358939
"derived_sex_female, income_bracket_Low",loan_size_Small,0.05340320419225154,0.6375358166189112,1.8094790510343564
"co_applicant_age_<25, lien_status_1",loan_purpose_1,0.009110546632797967,0.8861867704280155,1.8088419833468532
"construction_method_2, loan_purpose_1",interest_rate_bin_missing,0.023631417885073103,0.6598715442613795,1.8084028612073444
"applicant_age_45-54, loan_term_bin_missing",loan_size_Small,0.003580214812888773,0.6370106761565836,1.807988576867004
"combined_loan_to_value_ratio_bin_(68.474, 82.976], derived_dwelling_category_single family (1-4 units):manufactured",loan_size_Small,0.0017901074064443866,0.6370106761565836,1.807988576867004
"preapproval_2, state_code_ca",loan_size_Large,0.05759345560733644,0.6013365354495144,1.807769993558377
"derived_dwelling_category_single family (1-4 units):site-built, income_bracket_Very High",loan_size_Large,0.13166790007400445,0.6011048714787929,1.8070735529628528
"construction_method_1, income_bracket_Very High",loan_size_Large,0.13171790307418446,0.6010587322593894,1.8069348467784674
"state_code_ca, total_units_1",loan_size_Large,0.0564833890033402,0.6009789316875931,1.8066949460396
"derived_race_joint, loan_purpose_1",loan_size_Large,0.006730403824229454,0.6008928571428572,1.8064361841483634
"applicant_age_35-44, interest_rate_bin_missing",combined_loan_to_value_ratio_bin_missing,0.0551133067984079,0.6231343283582089,1.8058163753036005
"debt_to_income_ratio_44, state_code_ca",loan_size_Large,0.0021501290077404643,0.6005586592178771,1.8054315005060548
"combined_loan_to_value_ratio_bin_missing, construction_method_2",loan_purpose_1,0.026651599095945756,0.8845004978426817,1.8054000445259368
"co_applicant_age_35-44, loan_term_bin_(0.999, 300.0]",loan_size_Small,0.013580814848890933,0.6360655737704918,1.80530615036776
"combined_loan_to_value_ratio_bin_missing, state_code_ca",interest_rate_bin_missing,0.02208132487949277,0.6587112171837709,1.805222941076931
"applicant_age_<25, loan_term_bin_(0.999, 300.0]",interest_rate_bin_missing,0.0030301818109086543,0.658695652173913,1.8051802845802136
"combined_loan_to_value_ratio_bin_missing, derived_dwelling_category_single family (1-4 units):manufactured",loan_purpose_1,0.02662159729583775,0.8843853820598007,1.8051650757044992
"co_applicant_age_<25, loan_size_Large",loan_purpose_1,0.0028301698101886115,0.884375,1.805143884341383
"income_bracket_Very High, reverse_mortgage_2",loan_size_Large,0.12996779806788408,0.6004435409351322,1.8050854257791955
"debt_to_income_ratio_20%-<30%, state_code_oh",loan_size_Small,0.0030401824109446566,0.6359832635983264,1.805072534422839
"derived_loan_product_type_fha:first lien, income_bracket_High",loan_size_Large,0.01199071944316659,0.600400600901352,1.8049563371574107
"applicant_age_55-64, debt_to_income_ratio_exempt",loan_size_Small,0.0017801068064083846,0.6357142857142858,1.804309110888544
"lien_status_2, state_code_ca",loan_size_Small,0.012860771646298778,0.6356895699456253,1.8042389616287604
"debt_to_income_ratio_39, income_bracket_Low",loan_size_Small,0.003190191411484689,0.6354581673306773,1.8035821856905494
"applicant_age_<25, income_bracket_Low",loan_purpose_1,0.011600696041762506,0.8834729626808835,1.8033026889773678
"derived_loan_product_type_conventional:subordinate lien, state_code_ca",loan_size_Small,0.012840770446226774,0.6353290450272143,1.803215705726527
"co_applicant_age_45-54, interest_rate_bin_missing",combined_loan_to_value_ratio_bin_missing,0.015900954057243434,0.6220657276995305,1.8027196167392219
"derived_dwelling_category_single family (1-4 units):manufactured, loan_term_bin_(0.999, 300.0]",loan_purpose_1,0.02631157869472168,0.8831822759315205,1.8027093531098097
"applicant_age_<25, combined_loan_to_value_ratio_bin_missing",loan_purpose_1,0.007480448826929616,0.883116883116883,1.8025758764291901
"interest_rate_bin_missing, occupancy_type_1",combined_loan_to_value_ratio_bin_missing,0.20429225753545213,0.6219515908052976,1.8023888529484111
"debt_to_income_ratio_30%-<36%, purchaser_type_9",loan_purpose_1,0.002260135608136488,0.8828125,1.8019545841923699
"income_bracket_Medium, loan_term_bin_(360.0, 674.0]",loan_size_Small,0.001930115806948417,0.6348684210526316,1.801908344774115
"income_bracket_Low, occupancy_type_2",loan_size_Small,0.001060063603816229,0.6347305389221557,1.8015170023269858
"construction_method_2, loan_term_bin_(0.999, 300.0]",loan_purpose_1,0.0263815828949737,0.8822742474916389,1.8008559289570911
"co_applicant_age_25-34, conforming_loan_limit_nc",loan_purpose_1,0.0036502190131407885,0.8816425120772947,1.7995664608923843
"combined_loan_to_value_ratio_bin_missing, conforming_loan_limit_nc",interest_rate_bin_missing,0.008930535832149929,0.6566176470588235,1.7994854331679775
"applicant_age_<25, state_code_oh",loan_purpose_1,0.0010400624037442247,0.8813559322033899,1.798981507782273
"income_bracket_High, loan_term_bin_(0.999, 300.0]",loan_size_Small,0.03153189191351481,0.6337688442211056,1.7987874828714834
"co_applicant_age_35-44, derived_dwelling_category_single family (1-4 units):manufactured",loan_size_Small,0.00199011940716443,0.6337579617834396,1.7987565959119314
"co_applicant_age_35-44, construction_method_2",loan_size_Small,0.00199011940716443,0.6337579617834396,1.7987565959119314
"co_applicant_age_45-54, derived_dwelling_category_single family (1-4 units):manufactured",combined_loan_to_value_ratio_bin_missing,0.00162009720583235,0.6206896551724138,1.7987318179774046
"co_applicant_age_45-54, construction_method_2",combined_loan_to_value_ratio_bin_missing,0.00162009720583235,0.6206896551724138,1.7987318179774046
"loan_size_Small, purchaser_type_9",loan_purpose_1,0.005110306618397104,0.8810344827586207,1.7983253805745274
"interest_rate_bin_(-0.001, 3.99], loan_purpose_4",loan_size_Small,0.007850471028261696,0.6335754640839387,1.7982386238145205
"combined_loan_to_value_ratio_bin_missing, construction_method_1",interest_rate_bin_missing,0.20661239674380463,0.6560396291121555,1.7979013531789645
"income_bracket_Low, purchaser_type_9",loan_purpose_1,0.004360261615696942,0.8808080808080808,1.7978632597587874
"debt_to_income_ratio_missing, loan_purpose_31",interest_rate_bin_missing,0.0328819729183751,0.6560255387071029,1.7978627378923464
"co_applicant_age_<25, loan_term_bin_(0.999, 300.0]",combined_loan_to_value_ratio_bin_missing,0.0013400804048242895,0.6203703703703705,1.7978065444084863
"interest_rate_bin_missing, state_code_nc",combined_loan_to_value_ratio_bin_missing,0.00861051663099786,0.6203170028818443,1.7976518877312604
"combined_loan_to_value_ratio_bin_missing, occupancy_type_1",interest_rate_bin_missing,0.20429225753545213,0.6557313902352904,1.7970566129083678
"loan_type_3, state_code_tx",loan_purpose_1,0.005520331219873192,0.8803827751196173,1.796995146161608
"derived_loan_product_type_va:first lien, state_code_tx",loan_purpose_1,0.005520331219873192,0.8803827751196173,1.796995146161608
"combined_loan_to_value_ratio_bin_missing, state_code_oh",interest_rate_bin_missing,0.007180430825849551,0.6557077625570776,1.7969918603648536
"debt_to_income_ratio_48, loan_term_bin_(0.999, 300.0]",loan_size_Small,0.002000120007200432,0.6329113924050632,1.7963538296429817
"combined_loan_to_value_ratio_bin_missing, derived_dwelling_category_single family (1-4 units):site-built",interest_rate_bin_missing,0.2055623337400244,0.6553483181890641,1.7960067895139988
"applicant_age_<25, derived_ethnicity_hispanic or latino",loan_purpose_1,0.003580214812888773,0.8796068796068796,1.7954114254099964
"loan_term_bin_(0.999, 300.0], state_code_tx",loan_size_Small,0.012240734444066644,0.6325581395348837,1.7953512135520184
"applicant_age_55-64, reverse_mortgage_1111",loan_size_Small,0.0017901074064443866,0.6325088339222614,1.7952112724368485
"applicant_age_65-74, interest_rate_bin_missing",combined_loan_to_value_ratio_bin_missing,0.02467148028881733,0.6193823750941502,1.7949433767617577
"applicant_age_35-44, loan_term_bin_missing",loan_size_Small,0.003800228013680821,0.632279534109817,1.7945604647548192
"co_applicant_age_45-54, derived_dwelling_category_single family (1-4 units):manufactured",loan_size_Small,0.0016500990059403564,0.632183908045977,1.794289055126151
"co_applicant_age_45-54, construction_method_2",loan_size_Small,0.0016500990059403564,0.632183908045977,1.794289055126151
"debt_to_income_ratio_49, loan_term_bin_(0.999, 300.0]",loan_size_Small,0.002320139208352501,0.6321525885558583,1.7942001629262438
"derived_sex_male, purchaser_type_0",interest_rate_bin_missing,0.13034782086925215,0.6546787884876186,1.794171918108667
"interest_rate_bin_missing, state_code_ca",combined_loan_to_value_ratio_bin_missing,0.02208132487949277,0.6188340807174888,1.7933544433347217
"combined_loan_to_value_ratio_bin_missing, debt_to_income_ratio_missing",interest_rate_bin_missing,0.19527171630297818,0.6542688647634366,1.7930485066778599
"combined_loan_to_value_ratio_bin_(68.474, 82.976], construction_method_2",loan_size_Small,0.0018001080064803888,0.631578947368421,1.7925720321068914
"construction_method_2, state_code_ga",loan_purpose_1,0.0014400864051843112,0.878048780487805,1.7922311081283058
"combined_loan_to_value_ratio_bin_missing, state_code_ga",interest_rate_bin_missing,0.009370562233734024,0.6538729937194696,1.7919636071473302
"income_bracket_Medium, interest_rate_bin_missing",combined_loan_to_value_ratio_bin_missing,0.05361321679300758,0.6181964944649446,1.7915067459071923
"derived_dwelling_category_single family (1-4 units):manufactured, state_code_ga",loan_purpose_1,0.001430085805148309,0.8773006134969326,1.7907039855072011
"income_bracket_Medium, purchaser_type_0",interest_rate_bin_missing,0.08623517411044662,0.6532080902961895,1.7901414142318408
"occupancy_type_1, purchaser_type_9",loan_purpose_1,0.01324079444766686,0.8768211920529801,1.7897254134223133
"derived_race_american indian or alaska native, loan_size_Small",interest_rate_bin_missing,0.0017301038062283738,0.6528301886792454,1.7891057605939775
"derived_race_american indian or alaska native, interest_rate_bin_missing",combined_loan_to_value_ratio_bin_missing,0.002000120007200432,0.6172839506172839,1.7888622332422746
"applicant_age_<25, derived_dwelling_category_single family (1-4 units):site-built",loan_purpose_1,0.01999119947196832,0.8763700131521264,1.7888044886634495
"applicant_age_<25, construction_method_1",loan_purpose_1,0.01999119947196832,0.8763700131521264,1.7888044886634495
"income_bracket_Low, occupancy_type_2",interest_rate_bin_missing,0.0010900654039242355,0.6526946107784432,1.7887342042420489
"applicant_age_65-74, derived_dwelling_category_single family (1-4 units):manufactured",combined_loan_to_value_ratio_bin_missing,0.002450147008820529,0.6171284634760704,1.7884116382213064
"applicant_age_65-74, construction_method_2",combined_loan_to_value_ratio_bin_missing,0.002450147008820529,0.6171284634760704,1.7884116382213064
"derived_race_asian, lien_status_2",loan_size_Small,0.006030361821709303,0.6300940438871473,1.788357521059618
"co_applicant_age_<25, derived_ethnicity_not hispanic or latino",loan_purpose_1,0.006140368422105327,0.8758915834522112,1.7878279408789812
"combined_loan_to_value_ratio_bin_missing, reverse_mortgage_2",interest_rate_bin_missing,0.20907254435266115,0.6522932917316693,1.787634374254297
"derived_loan_product_type_conventional:subordinate lien, derived_race_asian",loan_size_Small,0.0060203612216733005,0.6297071129707114,1.787259318622614
"derived_dwelling_category_single family (1-4 units):manufactured, derived_loan_product_type_conventional:first lien",loan_purpose_1,0.03153189191351481,0.8753470294280955,1.7867164232916162
"debt_to_income_ratio_missing, state_code_fl",interest_rate_bin_missing,0.019691181470888254,0.651770936775902,1.7862028407917763
"derived_dwelling_category_single family (1-4 units):manufactured, derived_race_white",interest_rate_bin_missing,0.01860111606696402,0.6517168885774353,1.7860547196648684
"construction_method_2, derived_race_white",interest_rate_bin_missing,0.01860111606696402,0.6517168885774353,1.7860547196648684
"applicant_age_<25, derived_sex_male",loan_purpose_1,0.009510570634238054,0.874885004599816,1.7857733603452612
"construction_method_2, derived_loan_product_type_conventional:first lien",loan_purpose_1,0.03161189671380283,0.8746541228555618,1.7853020955891945
"derived_race_race not available, loan_purpose_1",combined_loan_to_value_ratio_bin_missing,0.0828349700982059,0.6156991005723631,1.7842694062493225
"co_applicant_age_missing, interest_rate_bin_missing",combined_loan_to_value_ratio_bin_missing,0.14679880792847572,0.6156523927358135,1.7841340489559465
"interest_rate_bin_missing, loan_type_1",combined_loan_to_value_ratio_bin_missing,0.18038082284937096,0.6155552522012149,1.7838525398814165
"purchaser_type_0, state_code_az",interest_rate_bin_missing,0.01060063603816229,0.6507059545733579,1.7832842168884355
"co_applicant_age_<25, occupancy_type_1",loan_purpose_1,0.009390563433806029,0.8734883720930233,1.782922620977562
"income_bracket_Low, interest_rate_bin_(5.375, 15.25]",loan_size_Small,0.022991379482768966,0.6279704998634253,1.7823303954853214
"income_bracket_High, loan_term_bin_missing",loan_size_Small,0.0037302238134288056,0.6279461279461279,1.782261222157904
"interest_rate_bin_missing, total_units_3",combined_loan_to_value_ratio_bin_missing,0.0012300738044282657,0.615,1.7822434429792782
"debt_to_income_ratio_40, income_bracket_Low",loan_size_Small,0.0032901974118447106,0.6278625954198472,1.782024136879799
"co_applicant_age_<25, total_units_1",loan_purpose_1,0.009340560433626018,0.8728971962616823,1.7817159411906889
"co_applicant_age_<25, reverse_mortgage_2",loan_purpose_1,0.009390563433806029,0.8726765799256506,1.7812656296941254
"combined_loan_to_value_ratio_bin_(0.129, 68.474], state_code_il",loan_size_Small,0.003050183010980659,0.6275720164609053,1.781199404331179
"income_bracket_Medium, loan_term_bin_missing",loan_size_Small,0.003740224413464808,0.6275167785234899,1.7810426258601189
"applicant_age_25-34, purchaser_type_71",loan_purpose_1,0.010800648038882333,0.8723747980613893,1.7806496470095443
"income_bracket_Low, interest_rate_bin_missing",loan_size_Small,0.07048422905374323,0.62693470912649,1.7793905737672573
"applicant_age_25-34, combined_loan_to_value_ratio_bin_(82.976, 27777.78]",loan_purpose_1,0.06268376102566153,0.8715239154616239,1.7789128662081206
"derived_race_white, income_bracket_Low",loan_size_Small,0.0930155809348561,0.6267520215633424,1.7788720627914298
"applicant_age_<25, interest_rate_bin_(-0.001, 3.99]",loan_purpose_1,0.0037302238134288056,0.8714953271028036,1.7788545130196116
"co_applicant_age_25-34, combined_loan_to_value_ratio_bin_(82.976, 27777.78]",loan_purpose_1,0.02625157509450567,0.871224692997013,1.7783021076474987
"applicant_age_25-34, conforming_loan_limit_nc",loan_purpose_1,0.0045302718163089785,0.8711538461538462,1.7781574984651187
"construction_method_1, interest_rate_bin_missing",combined_loan_to_value_ratio_bin_missing,0.20661239674380463,0.6135297261982539,1.7779826529913982
"debt_to_income_ratio_50%-60%, derived_loan_product_type_conventional:first lien",interest_rate_bin_missing,0.010010600636038163,0.6487362281270254,1.7778861072528234
"applicant_age_<25, loan_type_1",loan_purpose_1,0.016120967258035482,0.8708806050783361,1.7775997718713006
"combined_loan_to_value_ratio_bin_missing, state_code_az",interest_rate_bin_missing,0.006920415224913495,0.6485473289597001,1.777368421958403
"purchaser_type_71, state_code_ny",loan_purpose_1,0.0010100606036362182,0.8706896551724138,1.777210014070717
co_applicant_age_<25,loan_purpose_1,0.009540572434346061,0.8704379562043797,1.776696258194712
"loan_size_Small, loan_type_3",combined_loan_to_value_ratio_bin_missing,0.005260315618937137,0.6130536130536132,1.7766028976578174
"derived_loan_product_type_va:first lien, loan_size_Small",combined_loan_to_value_ratio_bin_missing,0.005260315618937137,0.6130536130536132,1.7766028976578174
"co_applicant_age_25-34, derived_dwelling_category_single family (1-4 units):manufactured",loan_size_Small,0.002440146408784527,0.6256410256410255,1.7757187907793905
"co_applicant_age_25-34, construction_method_2",loan_size_Small,0.002440146408784527,0.6256410256410255,1.7757187907793905
"derived_dwelling_category_single family (1-4 units):site-built, interest_rate_bin_missing",combined_loan_to_value_ratio_bin_missing,0.2055623337400244,0.612722449101261,1.7756431988242714
"loan_term_bin_(0.999, 300.0], state_code_az",loan_size_Small,0.002690161409684581,0.6255813953488372,1.7755495457554888
"co_applicant_age_55-64, income_bracket_Low",loan_size_Small,0.0056403384203052185,0.6252771618625278,1.7746860583940736
"co_applicant_age_25-34, loan_size_Large",loan_purpose_1,0.03136188171290277,0.8694205711117272,1.7746196204810478
"co_applicant_age_<25, conforming_loan_limit_c",loan_purpose_1,0.009450567034022042,0.8693652253909845,1.7745066514471841
"derived_race_race not available, state_code_tx",combined_loan_to_value_ratio_bin_missing,0.015330919855191312,0.6122204472843451,1.7741884192363657
"combined_loan_to_value_ratio_bin_(0.129, 68.474], interest_rate_bin_missing",loan_size_Small,0.030961857711462686,0.6250757116898848,1.7741142946472808
"loan_term_bin_(0.999, 300.0], state_code_ny",loan_size_Small,0.005550333019981199,0.625,1.7738994067724447
"derived_race_joint, loan_term_bin_(0.999, 300.0]",loan_size_Small,0.0026001560093605615,0.625,1.7738994067724447
"applicant_age_>74, purchaser_type_0",interest_rate_bin_missing,0.015450927055623337,0.6472559698366149,1.7738294035640767
"applicant_age_<25, state_code_ca",loan_purpose_1,0.001060063603816229,0.8688524590163935,1.7734600172872534
"derived_dwelling_category_single family (1-4 units):manufactured, lien_status_1",interest_rate_bin_missing,0.027651659099545974,0.6470863561900304,1.7733645709668073
"loan_type_4, purchaser_type_0",interest_rate_bin_missing,0.0015400924055443326,0.6470588235294117,1.7732891166716909
"derived_dwelling_category_single family (1-4 units):manufactured, derived_sex_female",loan_purpose_1,0.0106506390383423,0.8686786296900488,1.7731052051935485
"construction_method_2, derived_sex_female",loan_purpose_1,0.0106506390383423,0.8686786296900488,1.7731052051935485
"co_applicant_age_<25, state_code_other",loan_purpose_1,0.005480328819729183,0.8684627575277337,1.7726645772771072
"combined_loan_to_value_ratio_bin_(82.976, 27777.78], derived_ethnicity_hispanic or latino",loan_purpose_1,0.026131567894073643,0.86839481555334,1.7725258973737101
"co_applicant_age_missing, derived_race_race not available",combined_loan_to_value_ratio_bin_missing,0.11891713502810168,0.6115196708665466,1.7721575994386163
"construction_method_2, interest_rate_bin_(5.375, 15.25]",combined_loan_to_value_ratio_bin_missing,0.006260375622537352,0.611328125,1.771602507788726
"derived_sex_male, loan_term_bin_missing",loan_size_Small,0.00574034442066524,0.6239130434782609,1.7708143643258842
"derived_sex_male, interest_rate_bin_missing",combined_loan_to_value_ratio_bin_missing,0.0801248074884493,0.610856968587984,1.7702371168522495
"interest_rate_bin_(3.99, 5.375], purchaser_type_9",loan_purpose_1,0.0045702742164529875,0.8671726755218216,1.770031323687543
"debt_to_income_ratio_>60%, preapproval_1",state_code_other,0.0010200612036722204,0.8644067796610171,1.7698409338102246
"construction_method_2, lien_status_1",interest_rate_bin_missing,0.027671660299617977,0.6457409568261376,1.7696774532538384
"derived_dwelling_category_single family (1-4 units):manufactured, interest_rate_bin_(5.375, 15.25]",combined_loan_to_value_ratio_bin_missing,0.006240374422465348,0.6105675146771038,1.7693982919177602
"co_applicant_age_<25, derived_loan_product_type_conventional:first lien",loan_purpose_1,0.005820349220953257,0.8660714285714286,1.7677835111672302
"combined_loan_to_value_ratio_bin_missing, preapproval_1",interest_rate_bin_missing,0.001490089405364322,0.645021645021645,1.767706152117038
"derived_ethnicity_hispanic or latino, loan_term_bin_missing",loan_size_Small,0.0012700762045722742,0.622549019607843,1.7669429385105917
"income_bracket_Low, loan_purpose_4",interest_rate_bin_missing,0.011750705042302538,0.6441885964912281,1.765423151192037
"derived_loan_product_type_fsa/rhs:first lien, purchaser_type_0",interest_rate_bin_missing,0.0015200912054723283,0.6440677966101694,1.7650920945607278
"applicant_age_45-54, state_code_oh",loan_size_Small,0.004210252615156909,0.621861152141802,1.7649906062066747
"derived_race_black or african american, state_code_oh",loan_size_Small,0.0014800888053283197,0.6218487394957983,1.7649553761500627
"combined_loan_to_value_ratio_bin_(82.976, 27777.78], debt_to_income_ratio_49",loan_purpose_1,0.007600456027361642,0.8646188850967008,1.7648186490101758
"debt_to_income_ratio_missing, occupancy_type_1",interest_rate_bin_missing,0.17924075444526671,0.6439015627806719,1.7646365244796913
"derived_dwelling_category_single family (1-4 units):manufactured, occupancy_type_1",interest_rate_bin_missing,0.02703162189731384,0.6438780371605527,1.7645720516302328
"construction_method_2, occupancy_type_1",interest_rate_bin_missing,0.02703162189731384,0.6438780371605527,1.7645720516302328
"co_applicant_age_<25, derived_race_white",loan_purpose_1,0.0066704002240134406,0.8639896373056994,1.7635342585630676
"interest_rate_bin_missing, state_code_pa",combined_loan_to_value_ratio_bin_missing,0.007940476428585716,0.6084291187739465,1.7632013129309374
"derived_ethnicity_not hispanic or latino, income_bracket_Low",loan_size_Small,0.097195831749905,0.62122083732822,1.7631732396979374
"debt_to_income_ratio_exempt, derived_sex_male",loan_size_Small,0.00287017221033262,0.6212121212121212,1.7631485012768542
"loan_term_bin_(300.0, 360.0], purchaser_type_9",loan_purpose_1,0.011910714642878573,0.8636693255982596,1.7628804536502556
"debt_to_income_ratio_50%-60%, purchaser_type_71",loan_purpose_1,0.004750285017101026,0.8636363636363636,1.7628131732726642
"derived_dwelling_category_single family (1-4 units):manufactured, preapproval_2",interest_rate_bin_missing,0.027781666900014,0.642906734552187,1.7619101601888725
"applicant_age_55-64, interest_rate_bin_missing",combined_loan_to_value_ratio_bin_missing,0.03813228793727624,0.6079400510204082,1.7617840157001794
"loan_type_2, purchaser_type_0",combined_loan_to_value_ratio_bin_missing,0.035162109726583596,0.6076736951261666,1.761012127820487
"applicant_age_25-34, purchaser_type_0",interest_rate_bin_missing,0.06286377182630958,0.6424775143090761,1.7607338659199645
"income_bracket_Low, state_code_other",loan_size_Small,0.07336440186411185,0.6202756404836391,1.7604905451029211
"derived_dwelling_category_single family (1-4 units):manufactured, total_units_1",interest_rate_bin_missing,0.027971678300698043,0.6422502870264065,1.7601111409794856
"construction_method_2, total_units_1",interest_rate_bin_missing,0.027971678300698043,0.6422502870264065,1.7601111409794856
"derived_loan_product_type_fha:first lien, purchaser_type_0",combined_loan_to_value_ratio_bin_missing,0.03505210312618757,0.6071366707084704,1.759455854247871
"debt_to_income_ratio_<20%, income_bracket_High",loan_size_Small,0.006000360021601296,0.6198347107438016,1.7592390810966392
"derived_race_black or african american, loan_term_bin_missing",combined_loan_to_value_ratio_bin_missing,0.0013900834050043004,0.6069868995633187,1.759021823936661
derived_dwelling_category_single family (1-4 units):manufactured,interest_rate_bin_missing,0.028111686701202072,0.6417808219178082,1.7588245541384413
"construction_method_2, derived_dwelling_category_single family (1-4 units):manufactured",interest_rate_bin_missing,0.028111686701202072,0.6417808219178082,1.7588245541384413
"interest_rate_bin_missing, reverse_mortgage_2",combined_loan_to_value_ratio_bin_missing,0.20907254435266115,0.6067448339911771,1.7583203283615059
"construction_method_2, preapproval_2",interest_rate_bin_missing,0.027801668100086004,0.6415878144472652,1.7582956098840636
"debt_to_income_ratio_missing, derived_loan_product_type_conventional:first lien",interest_rate_bin_missing,0.12888773326399583,0.6415451241973219,1.7581786156435717
"conforming_loan_limit_c, derived_dwelling_category_single family (1-4 units):manufactured",interest_rate_bin_missing,0.028081684901094067,0.6415352981494175,1.7581516869885945
"conforming_loan_limit_c, construction_method_2",interest_rate_bin_missing,0.028081684901094067,0.6415352981494175,1.7581516869885945
"combined_loan_to_value_ratio_bin_missing, lien_status_1",interest_rate_bin_missing,0.20155209312558753,0.641397746801604,1.7577747223306817
"co_applicant_age_missing, state_code_oh",loan_size_Small,0.014600876052563154,0.6189063162356931,1.7566040755491443
"applicant_age_25-34, loan_size_Large",loan_purpose_1,0.05630337820269216,0.8605930907979211,1.7566013905416997
"co_applicant_age_missing, derived_dwelling_category_single family (1-4 units):manufactured",interest_rate_bin_missing,0.017381042862571753,0.6408554572271387,1.7562885572935703
"derived_sex_female, interest_rate_bin_missing",combined_loan_to_value_ratio_bin_missing,0.052943176590595435,0.6058594644083315,1.7557545655425792
construction_method_2,interest_rate_bin_missing,0.028131687901274075,0.6404826958105647,1.7552669905687397
"debt_to_income_ratio_exempt, income_bracket_Medium",loan_size_Small,0.0019601176070564233,0.6182965299684542,1.7548733563528032
"combined_loan_to_value_ratio_bin_(0.129, 68.474], derived_race_black or african american",loan_size_Small,0.008030481828909735,0.6181678214010777,1.7545080506706983
"derived_dwelling_category_single family (1-4 units):manufactured, loan_type_1",loan_purpose_1,0.03186191171470288,0.8592233009708738,1.753805441166008
"derived_sex_female, purchaser_type_9",loan_purpose_1,0.0037802268136088164,0.8590909090909091,1.7535352092028083
"purchaser_type_9, state_code_other",loan_purpose_1,0.00847050823049383,0.8590263691683571,1.7534034734046562
"derived_dwelling_category_single family (1-4 units):manufactured, state_code_fl",interest_rate_bin_missing,0.00213012780766846,0.6396396396396397,1.7529565633273803
"construction_method_2, state_code_fl",interest_rate_bin_missing,0.00213012780766846,0.6396396396396397,1.7529565633273803
"construction_method_2, loan_type_1",loan_purpose_1,0.0319419165149909,0.8586021505376343,1.7525375786576622
"applicant_age_>74, combined_loan_to_value_ratio_bin_(0.129, 68.474]",loan_size_Small,0.008550513030781847,0.6173285198555957,1.7521259122488841
"derived_race_american indian or alaska native, loan_term_bin_(0.999, 300.0]",interest_rate_bin_missing,0.0010100606036362182,0.6392405063291139,1.7518627234322748
"co_applicant_age_<25, income_bracket_High",loan_purpose_1,0.002240134408064484,0.8582375478927204,1.7517933692050194
"derived_ethnicity_hispanic or latino, loan_purpose_4",interest_rate_bin_missing,0.004500270016200972,0.6392045454545454,1.7517641712988683
"co_applicant_age_missing, construction_method_2",interest_rate_bin_missing,0.01740104406264376,0.6390011017260375,1.7512066260858221
"loan_size_Medium, purchaser_type_0",interest_rate_bin_missing,0.10700642038522311,0.6388822545975639,1.7508809210466412
"derived_sex_male, reverse_mortgage_1111",loan_size_Small,0.0028501710102606156,0.6168831168831169,1.7508617521390364
"co_applicant_age_missing, loan_term_bin_(360.0, 674.0]",loan_size_Small,0.005900354021241274,0.6165099268547545,1.7498025496271556
"debt_to_income_ratio_>60%, derived_sex_female",loan_size_Small,0.007810468628117687,0.6164167324388319,1.7495380415965642
"co_applicant_age_<25, combined_loan_to_value_ratio_bin_missing",loan_purpose_1,0.0029901794107646457,0.8567335243553008,1.7487234284101318
"co_applicant_age_35-44, derived_dwelling_category_single family (1-4 units):manufactured",loan_purpose_1,0.002690161409684581,0.8566878980891719,1.748630298261419
"co_applicant_age_35-44, construction_method_2",loan_purpose_1,0.002690161409684581,0.8566878980891719,1.748630298261419
"applicant_age_35-44, derived_dwelling_category_single family (1-4 units):manufactured",loan_purpose_1,0.00759045542732564,0.8566591422121896,1.7485716031428626
"applicant_age_35-44, construction_method_2",loan_purpose_1,0.00759045542732564,0.8566591422121896,1.7485716031428626
"debt_to_income_ratio_<20%, state_code_oh",loan_size_Small,0.0013300798047882873,0.6157407407407408,1.7476194155610014
"derived_dwelling_category_single family (1-4 units):manufactured, income_bracket_Medium",loan_size_Small,0.007150429025741544,0.6153184165232358,1.7464207584747649
"construction_method_2, income_bracket_Medium",loan_size_Small,0.007150429025741544,0.6153184165232358,1.7464207584747649
"purchaser_type_9, reverse_mortgage_2",loan_purpose_1,0.014090845450727044,0.8554948391013966,1.7461950834086235
"loan_purpose_31, purchaser_type_2",combined_loan_to_value_ratio_bin_missing,0.003560213612816769,0.6023688663282573,1.7456389630380453
"loan_purpose_4, state_code_tx",interest_rate_bin_missing,0.0024001440086405183,0.636604774535809,1.7446394010177235
"derived_dwelling_category_single family (1-4 units):manufactured, income_bracket_High",combined_loan_to_value_ratio_bin_missing,0.0031601896113766827,0.6019047619047619,1.7442940084597816
"construction_method_2, income_bracket_High",combined_loan_to_value_ratio_bin_missing,0.0031601896113766827,0.6019047619047619,1.7442940084597816
"derived_dwelling_category_single family (1-4 units):manufactured, loan_purpose_32",loan_size_Small,0.002040122407344441,0.6144578313253012,1.7439782119594156
"construction_method_2, loan_purpose_32",loan_size_Small,0.002040122407344441,0.6144578313253012,1.7439782119594156
"co_applicant_age_65-74, loan_term_bin_missing",interest_rate_bin_missing,0.001380082804968298,0.6359447004608295,1.7428304431134427
"co_applicant_age_<25, derived_dwelling_category_single family (1-4 units):site-built",loan_purpose_1,0.007820469228153689,0.8537117903930129,1.7425556098013624
"co_applicant_age_<25, construction_method_1",loan_purpose_1,0.007820469228153689,0.8537117903930129,1.7425556098013624
"loan_type_1, state_code_oh",loan_size_Small,0.017071024261455688,0.6138079827400216,1.7421337863275443
"derived_dwelling_category_single family (1-4 units):manufactured, state_code_other",interest_rate_bin_missing,0.015010900654039242,0.6354784081287044,1.7415525513860186
"loan_purpose_2, occupancy_type_2",interest_rate_bin_missing,0.0011500690041402483,0.6353591160220994,1.7412256268674815
"applicant_age_>74, income_bracket_Low",loan_size_Small,0.010570634238054284,0.6134648868253046,1.7411599981042125
"derived_race_asian, purchaser_type_6",loan_purpose_1,0.001680100806048363,0.8527918781725888,1.7406779290450887
"derived_dwelling_category_single family (1-4 units):manufactured, reverse_mortgage_2",interest_rate_bin_missing,0.02700162009720583,0.6348459910651305,1.7398193885648767
"income_bracket_Medium, reverse_mortgage_1111",loan_size_Small,0.001930115806948417,0.6126984126984127,1.7389845613058126
"combined_loan_to_value_ratio_bin_(82.976, 27777.78], loan_term_bin_(300.0, 360.0]",loan_purpose_1,0.15796947816869011,0.8519497330241087,1.7389589827106642
"derived_ethnicity_joint, interest_rate_bin_missing",combined_loan_to_value_ratio_bin_missing,0.004800288017281037,0.6,1.738774090711491
"derived_dwelling_category_single family (1-4 units):manufactured, state_code_nc",interest_rate_bin_missing,0.0015100906054363262,0.634453781512605,1.738744523489775
"combined_loan_to_value_ratio_bin_missing, state_code_tx",interest_rate_bin_missing,0.022701362081724904,0.6344326439351594,1.7386865951613542
"income_bracket_Low, loan_purpose_31",loan_size_Small,0.021071264275856552,0.6125,1.738421418636996
"interest_rate_bin_missing, loan_term_bin_(360.0, 674.0]",loan_size_Small,0.004280256815408925,0.6123032904148784,1.7378631098108301
"construction_method_2, state_code_other",interest_rate_bin_missing,0.015020901254075245,0.6340227944280287,1.7375633871251759
"debt_to_income_ratio_50%-60%, loan_term_bin_(360.0, 674.0]",loan_size_Small,0.0010100606036362182,0.6121212121212122,1.737346328087437
"purchaser_type_9, total_units_1",loan_purpose_1,0.014040842450547033,0.8509090909090908,1.736834873877067
"debt_to_income_ratio_42, income_bracket_Low",loan_size_Small,0.004080244814688882,0.6116941529235383,1.7361342319955804
"construction_method_2, reverse_mortgage_2",interest_rate_bin_missing,0.027011620697241834,0.6334427767354597,1.7359738267570792
"applicant_age_<25, state_code_fl",loan_purpose_1,0.0010800648038882333,0.8503937007874016,1.735782884250249
"combined_loan_to_value_ratio_bin_(68.474, 82.976], loan_term_bin_(0.999, 300.0]",loan_size_Small,0.030841850511030663,0.6114195083267248,1.735354724975803
"purchaser_type_0, state_code_pa",loan_size_Small,0.014840890453427206,0.6106995884773663,1.733311420345882
"debt_to_income_ratio_50%-60%, loan_purpose_4",interest_rate_bin_missing,0.00375022501350081,0.6323777403035413,1.7330550542360925
"combined_loan_to_value_ratio_bin_(82.976, 27777.78], derived_race_asian",loan_purpose_1,0.009270556233374002,0.8489010989010988,1.7327362567824711
"derived_race_black or african american, loan_purpose_2",interest_rate_bin_missing,0.004160249614976899,0.6322188449848025,1.7326195956206414
"applicant_age_missing, purchaser_type_2",loan_purpose_1,0.022781366882012922,0.8487332339791357,1.7323936189452673
"construction_method_2, state_code_nc",interest_rate_bin_missing,0.0015100906054363262,0.6317991631799164,1.7314694418015335
"co_applicant_age_<25, derived_race_race not available",loan_purpose_1,0.0012300738044282657,0.8482758620689655,1.731460053312461
"interest_rate_bin_(5.375, 15.25], loan_term_bin_(360.0, 674.0]",loan_size_Small,0.002690161409684581,0.6099773242630385,1.7312614618477555
"derived_dwelling_category_single family (1-4 units):manufactured, income_bracket_Medium",interest_rate_bin_missing,0.007340440426425585,0.631669535283993,1.7311141916624442
"construction_method_2, income_bracket_Medium",interest_rate_bin_missing,0.007340440426425585,0.631669535283993,1.7311141916624442
"debt_to_income_ratio_missing, total_units_1",interest_rate_bin_missing,0.1939016340980459,0.6316252402514905,1.7309927994548067
"applicant_age_<25, loan_size_Small",loan_purpose_1,0.009470568234094045,0.847806624888093,1.730502268857498
"combined_loan_to_value_ratio_bin_(0.129, 68.474], purchaser_type_0",loan_size_Small,0.08353501210072604,0.6097080291970803,1.7304971380753555
"combined_loan_to_value_ratio_bin_(82.976, 27777.78], debt_to_income_ratio_48",loan_purpose_1,0.00634038042282537,0.8475935828877006,1.7300674177319957
"applicant_age_35-44, purchaser_type_9",loan_purpose_1,0.0032801968118087083,0.8475452196382429,1.7299687009840263
"co_applicant_age_65-74, income_bracket_Low",loan_size_Small,0.006330379822789368,0.6092396535129933,1.7291677759183177
"income_bracket_Low, loan_term_bin_missing",loan_size_Small,0.007120427225633538,0.6090675791274595,1.728679387677647
"derived_race_asian, loan_purpose_2",loan_size_Small,0.0028501710102606156,0.608974358974359,1.7284148065987925
"co_applicant_age_35-44, purchaser_type_9",loan_purpose_1,0.0011600696041762506,0.8467153284671534,1.7282747668812293
"derived_race_white, state_code_oh",loan_size_Small,0.014220853251195072,0.6087328767123288,1.727729422212614
"loan_purpose_2, state_code_ca",loan_size_Small,0.006300378022681361,0.6086956521739131,1.7276237700740333
"combined_loan_to_value_ratio_bin_(82.976, 27777.78], loan_size_Medium",loan_purpose_1,0.06220373222393344,0.846373656279766,1.7275773619800143
"derived_ethnicity_not hispanic or latino, purchaser_type_9",loan_purpose_1,0.009610576634598076,0.8459507042253522,1.7267140525079074
"combined_loan_to_value_ratio_bin_missing, loan_size_Medium",interest_rate_bin_missing,0.07155429325759545,0.6299524564183835,1.7264084722531268
"lien_status_1, purchaser_type_0",interest_rate_bin_missing,0.28866732003920237,0.6298551104128481,1.7261416918525045
"interest_rate_bin_(5.375, 15.25], purchaser_type_9",loan_purpose_1,0.005690341420485229,0.8454680534918275,1.7257288889518423
"co_applicant_age_<25, loan_term_bin_(0.999, 300.0]",interest_rate_bin_missing,0.0013600816048962938,0.6296296296296297,1.7255237532596592
"combined_loan_to_value_ratio_bin_(82.976, 27777.78], debt_to_income_ratio_43",loan_purpose_1,0.007260435626137568,0.8451688009313154,1.7251180689609087
"debt_to_income_ratio_<20%, state_code_pa",loan_size_Small,0.0014100846050763046,0.6077586206896551,1.7249642507235496
"conforming_loan_limit_c, debt_to_income_ratio_missing",interest_rate_bin_missing,0.1911614696881813,0.6293625707888846,1.7247918684315982
"conforming_loan_limit_c, purchaser_type_9",loan_purpose_1,0.014050843050583035,0.8448586891160553,1.7244850835793921
"co_applicant_age_<25, loan_type_1",loan_purpose_1,0.0062503750225013505,0.8445945945945946,1.7239460264935373
"debt_to_income_ratio_missing, reverse_mortgage_2",interest_rate_bin_missing,0.19778186691201471,0.6288994180684963,1.723522580928583
"combined_loan_to_value_ratio_bin_(82.976, 27777.78], occupancy_type_2",loan_purpose_1,0.0026001560093605615,0.8441558441558442,1.7230504701161382
"derived_race_white, purchaser_type_9",loan_purpose_1,0.009620577234634078,0.843859649122807,1.7224458910038165
"loan_purpose_1, loan_term_bin_(0.999, 300.0]",loan_size_Small,0.03624217453047183,0.6067302862882973,1.7220455918682978
"debt_to_income_ratio_missing, state_code_az",interest_rate_bin_missing,0.006540392423545413,0.6282420749279539,1.7217211072531537
"applicant_age_65-74, purchaser_type_0",interest_rate_bin_missing,0.03972238334300058,0.6280834914611005,1.7212865032795595
"applicant_age_<25, income_bracket_Low",loan_size_Small,0.00796047762865772,0.6062452399086062,1.7206689142919922
"debt_to_income_ratio_missing, state_code_ca",interest_rate_bin_missing,0.02157129427765666,0.6275821937736398,1.7199126780552343
"derived_sex_male, state_code_oh",loan_size_Small,0.007100426025561534,0.6058020477815699,1.7194110290900144
"derived_ethnicity_hispanic or latino, loan_purpose_2",interest_rate_bin_missing,0.005420325219513171,0.6273148148148149,1.7191799159314987
"derived_race_black or african american, loan_purpose_4",interest_rate_bin_missing,0.0033201992119527173,0.6264150943396227,1.7167141980265912
"debt_to_income_ratio_20%-<30%, purchaser_type_9",loan_purpose_1,0.0016400984059043542,0.8410256410256409,1.7166612494379951
"derived_dwelling_category_single family (1-4 units):manufactured, state_code_fl",loan_purpose_1,0.0028001680100806048,0.8408408408408409,1.716284044153566
"construction_method_2, state_code_fl",loan_purpose_1,0.0028001680100806048,0.8408408408408409,1.716284044153566
"applicant_age_25-34, derived_race_asian",loan_purpose_1,0.011700702042122528,0.8405172413793104,1.715623528434603
"co_applicant_age_<25, income_bracket_Low",loan_purpose_1,0.0021601296077764665,0.8404669260700388,1.7155208272356541
purchaser_type_9,loan_purpose_1,0.014370862251735105,0.8403508771929825,1.7152839538270857
"loan_term_bin_(0.999, 300.0], purchaser_type_71",loan_size_Small,0.003360201612096726,0.60431654676259,1.715194822087889
"construction_method_2, interest_rate_bin_missing",loan_purpose_1,0.023631417885073103,0.8400284393885531,1.7146258092269486
"derived_dwelling_category_single family (1-4 units):manufactured, income_bracket_Medium",loan_purpose_1,0.009760585635138107,0.8399311531841651,1.7144272332870116
"construction_method_2, income_bracket_Medium",loan_purpose_1,0.009760585635138107,0.8399311531841651,1.7144272332870116
"derived_dwelling_category_single family (1-4 units):manufactured, interest_rate_bin_missing",loan_purpose_1,0.0236114166850011,0.83991462113127,1.714393488852604
"co_applicant_age_missing, income_bracket_Low",loan_size_Small,0.10943656619397164,0.6037517241379311,1.7135917204577866
"loan_size_Large, purchaser_type_8",loan_purpose_1,0.0032901974118447106,0.8392857142857143,1.7131097943270064
"co_applicant_age_65-74, debt_to_income_ratio_<20%",loan_size_Small,0.0013700822049322959,0.6035242290748898,1.7129460350859904
"applicant_age_<25, derived_race_race not available",loan_purpose_1,0.00287017221033262,0.8391812865497076,1.7128966414348417
"derived_sex_male, purchaser_type_9",loan_purpose_1,0.004800288017281037,0.8391608391608391,1.712854905204208
"purchaser_type_0, total_units_3",interest_rate_bin_missing,0.002000120007200432,0.625,1.712836078603338
"applicant_age_<25, loan_term_bin_(0.999, 300.0]",loan_purpose_1,0.003860231613896834,0.8391304347826087,1.7127928452438748
"debt_to_income_ratio_50%-60%, loan_type_1",interest_rate_bin_missing,0.017671060263615816,0.6246023329798515,1.7117462571323283
"income_bracket_High, purchaser_type_9",loan_purpose_1,0.0029601776106566394,0.8385269121813032,1.7115609638216178
"applicant_age_<25, debt_to_income_ratio_missing",loan_purpose_1,0.004930295817749065,0.83843537414966,1.7113741207765234
"combined_loan_to_value_ratio_bin_(82.976, 27777.78], debt_to_income_ratio_47",loan_purpose_1,0.00574034442066524,0.8379562043795621,1.7103960623962509
"loan_term_bin_(0.999, 300.0], purchaser_type_5",loan_purpose_1,0.0015500930055803348,0.8378378378378378,1.7101544582815889
"combined_loan_to_value_ratio_bin_(82.976, 27777.78], purchaser_type_2",loan_purpose_1,0.028351701102066123,0.837023914968999,1.7084931179123903
"debt_to_income_ratio_missing, preapproval_2",interest_rate_bin_missing,0.19933195991759506,0.623050232877997,1.707492668249032
debt_to_income_ratio_missing,interest_rate_bin_missing,0.20012200732043922,0.6229105058365758,1.7071097410207077
"combined_loan_to_value_ratio_bin_(82.976, 27777.78], interest_rate_bin_(5.375, 15.25]",loan_purpose_1,0.05142308538512311,0.8362335339079525,1.7068798299534957
"income_bracket_Low, preapproval_2",loan_size_Small,0.1315278916735004,0.6013442458049472,1.7067587214390703
"income_bracket_Low, occupancy_type_1",loan_size_Small,0.12957777466648,0.6013366129855665,1.7067370576730363
"debt_to_income_ratio_missing, state_code_other",interest_rate_bin_missing,0.09238554313258796,0.62275852770662,1.7066932392220724
"income_bracket_Low, lien_status_2",interest_rate_bin_missing,0.017481048862931777,0.6225071225071225,1.706004253788396
"derived_loan_product_type_conventional:subordinate lien, income_bracket_Low",interest_rate_bin_missing,0.017411044662679762,0.6224526278155167,1.7058549090301962
"derived_ethnicity_not hispanic or latino, state_code_oh",loan_size_Small,0.015620937256235375,0.6010003847633706,1.7057827616028065
"loan_term_bin_(300.0, 360.0], purchaser_type_0",interest_rate_bin_missing,0.24468468108086486,0.6224116001017553,1.7057424710328313
"derived_ethnicity_joint, purchaser_type_71",loan_purpose_1,0.0012200732043922634,0.8356164383561643,1.7056202440749209
"loan_term_bin_(0.999, 300.0], state_code_nc",loan_size_Small,0.004650279016741005,0.6007751937984497,1.7051436158122726
"debt_to_income_ratio_41, income_bracket_Low",loan_size_Small,0.0031601896113766827,0.6007604562737643,1.705101787194198
"combined_loan_to_value_ratio_bin_(0.129, 68.474], debt_to_income_ratio_<20%",loan_size_Small,0.013900834050043002,0.6006914433880726,1.704905912127017
"combined_loan_to_value_ratio_bin_(82.976, 27777.78], debt_to_income_ratio_45",loan_purpose_1,0.006590395423725423,0.8352344740177441,1.7048405967651985
"co_applicant_age_25-34, derived_loan_product_type_fha:first lien",loan_purpose_1,0.007650459027541652,0.8351528384279475,1.7046739661100285
"loan_term_bin_missing, loan_type_1",loan_size_Small,0.017161029661779705,0.6004198740377886,1.7041351333920307
"loan_purpose_31, loan_term_bin_missing",interest_rate_bin_missing,0.0063603816228973735,0.6217008797653958,1.7037947151385695
"derived_dwelling_category_single family (1-4 units):site-built, purchaser_type_9",loan_purpose_1,0.013220793247594856,0.8345959595959596,1.70353729171525
"co_applicant_age_25-34, loan_type_2",loan_purpose_1,0.007650459027541652,0.8342420937840784,1.7028149977718496
"debt_to_income_ratio_missing, state_code_pa",interest_rate_bin_missing,0.006610396623797428,0.6212406015037594,1.702533305198205
"combined_loan_to_value_ratio_bin_(82.976, 27777.78], debt_to_income_ratio_42",loan_purpose_1,0.00727043622617357,0.8337155963302751,1.701740336390813
"combined_loan_to_value_ratio_bin_(82.976, 27777.78], debt_to_income_ratio_44",loan_purpose_1,0.008170490229413765,0.8336734693877551,1.7016543488938167
"applicant_age_<25, purchaser_type_0",loan_purpose_1,0.01153069184151049,0.8324909747292419,1.6992406974438308
"construction_method_1, purchaser_type_9",loan_purpose_1,0.013250795047702862,0.8322864321608039,1.6988231949516714
"combined_loan_to_value_ratio_bin_(82.976, 27777.78], debt_to_income_ratio_46",loan_purpose_1,0.0056003360201612095,0.8320950965824665,1.6984326499350295
"combined_loan_to_value_ratio_bin_(82.976, 27777.78], derived_sex_female",loan_purpose_1,0.04222253335200112,0.83192118226601,1.6980776643635798
"derived_dwelling_category_single family (1-4 units):manufactured, purchaser_type_0",loan_purpose_1,0.030721843310598636,0.8318440292445166,1.6979201833120945
"debt_to_income_ratio_missing, derived_dwelling_category_single family (1-4 units):site-built",interest_rate_bin_missing,0.18808128487709264,0.6194868078658717,1.6977269675703668
"co_applicant_age_25-34, derived_race_asian",loan_purpose_1,0.004390263415804948,0.8314393939393939,1.6970942611111832
"construction_method_2, purchaser_type_0",loan_purpose_1,0.030801848110886654,0.8313090418353576,1.696828192640894
"purchaser_type_6, state_code_tx",loan_purpose_1,0.0021101266075964557,0.8307086614173229,1.6956027248926042
"derived_dwelling_category_single family (1-4 units):manufactured, loan_size_Medium",loan_purpose_1,0.008970538232293938,0.8305555555555556,1.6952902125420448
"co_applicant_age_25-34, debt_to_income_ratio_48",loan_purpose_1,0.0012700762045722742,0.8300653594771241,1.694289647789413
"construction_method_2, loan_size_Medium",loan_purpose_1,0.008980538832329939,0.8299445471349353,1.694043051424008
"co_applicant_age_25-34, state_code_tx",loan_purpose_1,0.006580394823689421,0.8297604035308953,1.693667186320773
"combined_loan_to_value_ratio_bin_(82.976, 27777.78], income_bracket_Low",loan_purpose_1,0.04178250695041703,0.8292973402143708,1.6927220036619608
"debt_to_income_ratio_48, purchaser_type_71",loan_purpose_1,0.0015500930055803348,0.8288770053475936,1.691864036267882
"co_applicant_age_<25, loan_term_bin_(0.999, 300.0]",loan_purpose_1,0.0017901074064443866,0.8287037037037037,1.6915103012543256
"derived_dwelling_category_single family (1-4 units):manufactured, lien_status_1",loan_purpose_1,0.03539212352741165,0.8282237304001873,1.6905306027401321
"co_applicant_age_45-54, derived_dwelling_category_single family (1-4 units):manufactured",interest_rate_bin_missing,0.0016100966057963479,0.6168582375478927,1.6905232714491183
"co_applicant_age_45-54, construction_method_2",interest_rate_bin_missing,0.0016100966057963479,0.6168582375478927,1.6905232714491183
"income_bracket_Low, loan_purpose_2",interest_rate_bin_missing,0.012230733844030641,0.6167423096318708,1.690205566621791
"construction_method_2, lien_status_1",loan_purpose_1,0.035472128327699665,0.8277712952158693,1.6896071137156432
"co_applicant_age_25-34, purchaser_type_2",loan_purpose_1,0.004410264615876952,0.8273921200750468,1.6888331595824417
"co_applicant_age_missing, purchaser_type_9",loan_purpose_1,0.008770526231573894,0.8273584905660377,1.6887645166396614
"income_bracket_High, purchaser_type_8",loan_purpose_1,0.0015300918055083305,0.827027027027027,1.6880879491424716
"applicant_age_25-34, purchaser_type_2",loan_purpose_1,0.01116066964017841,0.8266666666666667,1.6873523988378345
"co_applicant_age_missing, purchaser_type_0",interest_rate_bin_missing,0.2370742244534672,0.6154525157069423,1.6866708377120614
"debt_to_income_ratio_missing, state_code_ga",interest_rate_bin_missing,0.008210492629557774,0.6154422788605698,1.6866427832483846
"combined_loan_to_value_ratio_bin_missing, debt_to_income_ratio_50%-60%",loan_purpose_1,0.003420205212312739,0.8260869565217391,1.6861691222608093
"interest_rate_bin_(5.375, 15.25], purchaser_type_6",loan_purpose_1,0.006640398423905435,0.8258706467661693,1.6857276011499793
"interest_rate_bin_(3.99, 5.375], purchaser_type_6",loan_purpose_1,0.00875052503150189,0.8254716981132075,1.684913286271042
"derived_dwelling_category_single family (1-4 units):manufactured, reverse_mortgage_2",loan_purpose_1,0.03509210552633158,0.8250646602398308,1.684082460062905
"construction_method_1, debt_to_income_ratio_missing",interest_rate_bin_missing,0.18866131967918076,0.6144750985309925,1.6839921890675598
"loan_size_Medium, purchaser_type_9",loan_purpose_1,0.004900294017641058,0.8249158249158248,1.6837786645294452
"applicant_age_<25, interest_rate_bin_missing",loan_purpose_1,0.008330499829989799,0.8247524752475247,1.6834452430117166
"construction_method_2, reverse_mortgage_2",loan_purpose_1,0.035162109726583596,0.8245778611632271,1.6830888291076718
"co_applicant_age_25-34, debt_to_income_ratio_49",loan_purpose_1,0.0014100846050763046,0.8245614035087719,1.683055236531796
"derived_dwelling_category_single family (1-4 units):manufactured, state_code_ca",interest_rate_bin_missing,0.001320079204752285,0.6139534883720931,1.6825626967489535
"interest_rate_bin_(5.375, 15.25], loan_size_Large",loan_purpose_1,0.0504430265815949,0.8237791932059448,1.6814586263331615
"loan_type_2, state_code_tx",loan_purpose_1,0.00912054723283397,0.8231046931407943,1.6800818691118533
"derived_loan_product_type_fha:first lien, state_code_tx",loan_purpose_1,0.00912054723283397,0.8231046931407943,1.6800818691118533
"combined_loan_to_value_ratio_bin_missing, loan_term_bin_(300.0, 360.0]",interest_rate_bin_missing,0.15302918175090505,0.6130117779024116,1.6799819036800432
"purchaser_type_0, state_code_il",interest_rate_bin_missing,0.010910654639278356,0.6125772038180797,1.6787909370072918
"debt_to_income_ratio_45, purchaser_type_71",loan_purpose_1,0.0014800888053283197,0.8222222222222222,1.6782806117473084
"purchaser_type_71, state_code_tx",loan_purpose_1,0.004240254415264916,0.821705426356589,1.6772257527832937
"lien_status_1, purchaser_type_9",loan_purpose_1,0.011880712842770567,0.821008984105045,1.6758042082222513
"construction_method_2, state_code_ca",interest_rate_bin_missing,0.001320079204752285,0.611111111111111,1.6747730546343749
"applicant_age_65-74, loan_term_bin_missing",interest_rate_bin_missing,0.003250195011700702,0.6109022556390977,1.6742006783340897
"debt_to_income_ratio_missing, loan_term_bin_(300.0, 360.0]",interest_rate_bin_missing,0.1519191151469088,0.6106689178324489,1.6735612072721213
"co_applicant_age_<25, interest_rate_bin_(-0.001, 3.99]",loan_purpose_1,0.0012700762045722742,0.8193548387096774,1.6724278458824529
"purchaser_type_0, total_units_2",interest_rate_bin_missing,0.007840470428225693,0.6101167315175097,1.672047919844379
"co_applicant_age_25-34, interest_rate_bin_(3.99, 5.375]",loan_purpose_1,0.015640938456307377,0.8188481675392669,1.671393652961307
"applicant_age_25-34, interest_rate_bin_(3.99, 5.375]",loan_purpose_1,0.034562073724423464,0.8185693983893888,1.6708246427269091
"applicant_age_25-34, derived_loan_product_type_fha:first lien",loan_purpose_1,0.020151209072544352,0.8184402924451665,1.670561117858335
"applicant_age_65-74, derived_dwelling_category_single family (1-4 units):manufactured",interest_rate_bin_missing,0.002420145208712523,0.6095717884130982,1.6705544827083438
"applicant_age_65-74, construction_method_2",interest_rate_bin_missing,0.002420145208712523,0.6095717884130982,1.6705544827083438
"applicant_age_25-34, loan_type_2",loan_purpose_1,0.020161209672580355,0.8181818181818182,1.6700335325741031
"debt_to_income_ratio_missing, state_code_oh",interest_rate_bin_missing,0.006410384623077385,0.6093155893536122,1.6698523595205166
"loan_type_2, purchaser_type_71",loan_purpose_1,0.009530571834310058,0.8180257510729614,1.6697149758678418
"derived_loan_product_type_fha:first lien, purchaser_type_71",loan_purpose_1,0.009530571834310058,0.8180257510729614,1.6697149758678418
"combined_loan_to_value_ratio_bin_(82.976, 27777.78], derived_ethnicity_joint",loan_purpose_1,0.005480328819729183,0.8179104477611939,1.6694796242714247
"derived_dwelling_category_single family (1-4 units):manufactured, income_bracket_Low",loan_purpose_1,0.018401104066243974,0.8177777777777778,1.6692088246567824
"construction_method_2, income_bracket_Low",loan_purpose_1,0.018401104066243974,0.8177777777777778,1.6692088246567824
"debt_to_income_ratio_50%-60%, loan_purpose_2",interest_rate_bin_missing,0.003860231613896834,0.6088328075709779,1.6685292778318952
"derived_dwelling_category_single family (1-4 units):manufactured, total_units_1",loan_purpose_1,0.03556213372802368,0.8165327210103329,1.6666674744270598
"construction_method_2, total_units_1",loan_purpose_1,0.03556213372802368,0.8165327210103329,1.6666674744270598
"combined_loan_to_value_ratio_bin_(82.976, 27777.78], debt_to_income_ratio_39",loan_purpose_1,0.006140368422105327,0.8164893617021277,1.666578971484263
"conforming_loan_limit_nc, purchaser_type_6",loan_purpose_1,0.002040122407344441,0.8160000000000001,1.6655801098205723
"conforming_loan_limit_c, derived_dwelling_category_single family (1-4 units):manufactured",loan_purpose_1,0.03571214272856371,0.815855608864519,1.6652853855518324
"conforming_loan_limit_c, construction_method_2",loan_purpose_1,0.03571214272856371,0.815855608864519,1.6652853855518324
derived_dwelling_category_single family (1-4 units):manufactured,loan_purpose_1,0.03573214392863572,0.8157534246575342,1.665076812043632
"construction_method_2, derived_dwelling_category_single family (1-4 units):manufactured",loan_purpose_1,0.03573214392863572,0.8157534246575342,1.665076812043632
"combined_loan_to_value_ratio_bin_(82.976, 27777.78], income_bracket_Medium",loan_purpose_1,0.050453027181630895,0.8155512447462011,1.6646641320939728
"derived_dwelling_category_single family (1-4 units):manufactured, occupancy_type_1",loan_purpose_1,0.034232053923235396,0.8153882801333969,1.6643314965330767
"construction_method_2, occupancy_type_1",loan_purpose_1,0.034232053923235396,0.8153882801333969,1.6643314965330767
"loan_term_bin_(0.999, 300.0], purchaser_type_9",loan_purpose_1,0.002120127207632458,0.8153846153846154,1.6643240162234223
construction_method_2,loan_purpose_1,0.035812148728923736,0.8153460837887068,1.6642453673756956
"combined_loan_to_value_ratio_bin_(82.976, 27777.78], debt_to_income_ratio_50%-60%",loan_purpose_1,0.021791307478448707,0.8151889263000374,1.6639245850383952
"combined_loan_to_value_ratio_bin_(82.976, 27777.78], debt_to_income_ratio_40",loan_purpose_1,0.006600396023761426,0.8148148148148148,1.6631609665964318
"purchaser_type_71, state_code_pa",loan_purpose_1,0.001320079204752285,0.8148148148148148,1.6631609665964318
"applicant_age_35-44, purchaser_type_0",interest_rate_bin_missing,0.08778526711602697,0.6068441064638783,1.6630791674226175
"debt_to_income_ratio_50%-60%, loan_size_Small",interest_rate_bin_missing,0.011910714642878573,0.6067244014263882,1.6627511112514115
"debt_to_income_ratio_<20%, derived_dwelling_category_single family (1-4 units):manufactured",interest_rate_bin_missing,0.0011100666039962398,0.6065573770491803,1.662293374644551
"construction_method_2, debt_to_income_ratio_<20%",interest_rate_bin_missing,0.0011100666039962398,0.6065573770491803,1.662293374644551
"income_bracket_Low, loan_term_bin_(360.0, 674.0]",interest_rate_bin_missing,0.0019101146068764125,0.6063492063492063,1.6617228749878732
"construction_method_2, loan_size_Small",loan_purpose_1,0.025571534292057524,0.8140719516077681,1.6616446698047964
"derived_dwelling_category_single family (1-4 units):manufactured, loan_size_Small",loan_purpose_1,0.02556153369202152,0.8140127388535031,1.6615238075673557
"co_applicant_age_25-34, purchaser_type_1",loan_purpose_1,0.007080424825489529,0.8137931034482758,1.661075498299759
"co_applicant_age_<25, purchaser_type_0",loan_purpose_1,0.004630277816669,0.8137082601054482,1.6609023201327684
"combined_loan_to_value_ratio_bin_(82.976, 27777.78], derived_race_joint",loan_purpose_1,0.004670280216813009,0.813588850174216,1.660658586301426
"combined_loan_to_value_ratio_bin_(82.976, 27777.78], debt_to_income_ratio_41",loan_purpose_1,0.006980418825129508,0.8135198135198136,1.6605176719896353
"loan_size_Large, purchaser_type_9",loan_purpose_1,0.004360261615696942,0.8134328358208955,1.6603401372772384
"co_applicant_age_25-34, interest_rate_bin_(5.375, 15.25]",loan_purpose_1,0.013320799247954877,0.8131868131868132,1.659837967662173
"derived_dwelling_category_single family (1-4 units):manufactured, derived_race_race not available",loan_purpose_1,0.007380442826569594,0.8127753303964758,1.658998068702468
"debt_to_income_ratio_>60%, loan_type_3",interest_rate_bin_missing,0.0016701002060123607,0.605072463768116,1.6582239137783041
"debt_to_income_ratio_>60%, derived_loan_product_type_va:first lien",interest_rate_bin_missing,0.0016701002060123607,0.605072463768116,1.6582239137783041
"co_applicant_age_missing, derived_dwelling_category_single family (1-4 units):manufactured",loan_purpose_1,0.022031321879312758,0.812315634218289,1.6580597588851291
"applicant_age_55-64, derived_dwelling_category_single family (1-4 units):manufactured",interest_rate_bin_missing,0.003920235214112847,0.6049382716049383,1.6578561550926136
"applicant_age_55-64, construction_method_2",interest_rate_bin_missing,0.003920235214112847,0.6049382716049383,1.6578561550926136
"derived_dwelling_category_single family (1-4 units):manufactured, income_bracket_Very High",loan_purpose_1,0.0012100726043562614,0.8120805369127516,1.6575798895273162
"construction_method_2, income_bracket_Very High",loan_purpose_1,0.0012100726043562614,0.8120805369127516,1.6575798895273162
"co_applicant_age_missing, construction_method_2",loan_purpose_1,0.022111326679600776,0.811972089607051,1.6573585320820483
"interest_rate_bin_(5.375, 15.25], loan_type_3",loan_purpose_1,0.009500570034202052,0.811965811965812,1.6573457184614793
"derived_loan_product_type_va:first lien, interest_rate_bin_(5.375, 15.25]",loan_purpose_1,0.009500570034202052,0.811965811965812,1.6573457184614793
"debt_to_income_ratio_missing, loan_size_Medium",interest_rate_bin_missing,0.06558393503610217,0.6046468744237508,1.6570575701243875
"interest_rate_bin_missing, preapproval_1",state_code_other,0.004700282016921015,0.8089500860585197,1.6562954032789143
"construction_method_2, derived_race_race not available",loan_purpose_1,0.007460447626857611,0.8108695652173913,1.6551081121138995
"purchaser_type_9, state_code_fl",loan_purpose_1,0.0010700642038522312,0.8106060606060608,1.6545702591243432
"co_applicant_age_25-34, state_code_il",loan_purpose_1,0.0020501230073804427,0.8102766798418971,1.6538979428873963
"co_applicant_age_25-34, lien_status_1",loan_purpose_1,0.05321319279156749,0.8102634384041418,1.6538709150989765
"applicant_age_25-34, state_code_tx",loan_purpose_1,0.014110846650799048,0.8099885189437429,1.6533097626663258
"combined_loan_to_value_ratio_bin_missing, loan_size_Large",interest_rate_bin_missing,0.07217433045982759,0.603226345703778,1.653164557576769
"loan_term_bin_(300.0, 360.0], purchaser_type_8",loan_purpose_1,0.004810288617317039,0.8097643097643097,1.652852117629925
"co_applicant_age_25-34, debt_to_income_ratio_43",loan_purpose_1,0.0017001020061203672,0.8095238095238095,1.6523612200600912
"derived_dwelling_category_single family (1-4 units):manufactured, loan_size_Medium",interest_rate_bin_missing,0.006510390623437406,0.6027777777777779,1.6519352402529974
"combined_loan_to_value_ratio_bin_(82.976, 27777.78], derived_race_black or african american",loan_purpose_1,0.02055123307398444,0.8090551181102361,1.6514045495991947
"conforming_loan_limit_nc, interest_rate_bin_(3.99, 5.375]",loan_purpose_1,0.00847050823049383,0.8082061068702291,1.6496715885276632
"loan_type_3, purchaser_type_71",loan_purpose_1,0.0064403864231853914,0.808030112923463,1.6493123581144495
"derived_loan_product_type_va:first lien, purchaser_type_71",loan_purpose_1,0.0064403864231853914,0.808030112923463,1.6493123581144495
"derived_race_asian, purchaser_type_0",interest_rate_bin_missing,0.02279136748204892,0.6017956165830471,1.6492435904460552
"construction_method_2, loan_size_Medium",interest_rate_bin_missing,0.006510390623437406,0.6016635859519409,1.648881755520552
"conforming_loan_limit_c, purchaser_type_0",interest_rate_bin_missing,0.34737084225053505,0.6014302039685564,1.6482421633905726
"co_applicant_age_<25, interest_rate_bin_missing",loan_purpose_1,0.0032301938116286975,0.8075,1.648230317009941
"purchaser_type_6, state_code_il",loan_purpose_1,0.0010900654039242355,0.8074074074074075,1.6480413214455552
"applicant_age_missing, derived_dwelling_category_single family (1-4 units):manufactured",loan_purpose_1,0.0019701182070924255,0.8073770491803279,1.6479793556867401
"derived_race_black or african american, purchaser_type_6",loan_purpose_1,0.001130067804068244,0.8071428571428572,1.6475013341187381
"debt_to_income_ratio_missing, state_code_il",interest_rate_bin_missing,0.006010360621637298,0.601,1.6470631731849699
"income_bracket_Very High, purchaser_type_9",loan_purpose_1,0.0019201152069124147,0.8067226890756302,1.646643707187911
"derived_ethnicity_joint, purchaser_type_0",interest_rate_bin_missing,0.00796047762865772,0.6007547169811321,1.646390965818273
"co_applicant_age_25-34, debt_to_income_ratio_36",loan_purpose_1,0.001500090005400324,0.8064516129032259,1.6460903994906033
"debt_to_income_ratio_missing, lien_status_1",interest_rate_bin_missing,0.17681060863651818,0.6004618937644342,1.645588472745932
"derived_dwelling_category_single family (1-4 units):manufactured, state_code_other",loan_purpose_1,0.019041142468548114,0.8060965283657917,1.6453656179429867
"applicant_age_25-34, interest_rate_bin_(5.375, 15.25]",loan_purpose_1,0.030061803708222493,0.8056821227552935,1.644519753062786
"applicant_age_25-34, derived_race_joint",loan_purpose_1,0.004060243614616877,0.8055555555555556,1.6442614101578361
"construction_method_2, state_code_other",loan_purpose_1,0.019081144868692123,0.8054031236808781,1.6439502735174372
"co_applicant_age_25-34, loan_type_3",loan_purpose_1,0.004670280216813009,0.8051724137931036,1.643479359546584
"co_applicant_age_25-34, derived_loan_product_type_va:first lien",loan_purpose_1,0.004670280216813009,0.8051724137931036,1.643479359546584
"co_applicant_age_<25, debt_to_income_ratio_missing",loan_purpose_1,0.0019001140068404105,0.8050847457627119,1.6433004157626532
"co_applicant_age_25-34, derived_loan_product_type_conventional:first lien",loan_purpose_1,0.040392423545412726,0.8049023515344759,1.6429281214015061
"co_applicant_age_25-34, debt_to_income_ratio_45",loan_purpose_1,0.0014400864051843112,0.8044692737430168,1.642044143760012
"applicant_age_missing, combined_loan_to_value_ratio_bin_(82.976, 27777.78]",loan_purpose_1,0.0012300738044282657,0.803921568627451,1.640926194315731
"combined_loan_to_value_ratio_bin_(82.976, 27777.78], debt_to_income_ratio_36",loan_purpose_1,0.00528031681900914,0.8036529680365296,1.6403779396567546
"loan_term_bin_(300.0, 360.0], purchaser_type_6",loan_purpose_1,0.019591175470528233,0.8035274815422477,1.6401218026360107
"loan_size_Large, purchaser_type_6",loan_purpose_1,0.0111106666399984,0.8033261026753434,1.639710757739866
"co_applicant_age_35-44, purchaser_type_6",loan_purpose_1,0.0025301518091085467,0.8031746031746032,1.6394015242164828
"debt_to_income_ratio_39, purchaser_type_6",loan_purpose_1,0.0010200612036722204,0.8031496062992127,1.639350501791902
"interest_rate_bin_(3.99, 5.375], loan_size_Large",loan_purpose_1,0.07074424465467928,0.8027689514298684,1.6385735273077275
"applicant_age_missing, state_code_tx",loan_purpose_1,0.008920535232113927,0.802158273381295,1.6373270405292863
"co_applicant_age_25-34, derived_race_joint",loan_purpose_1,0.004160249614976899,0.8015414258188825,1.6360679608347455
"loan_type_1, purchaser_type_9",loan_purpose_1,0.00916054963297798,0.8013998250218723,1.6357789320712222
"applicant_age_missing, construction_method_2",loan_purpose_1,0.0020501230073804427,0.8007812499999999,1.6345163263691846
"applicant_age_25-34, purchaser_type_1",loan_purpose_1,0.015320919255155309,0.7995824634655533,1.6320694207224997
"combined_loan_to_value_ratio_bin_(82.976, 27777.78], interest_rate_bin_(-0.001, 3.99]",loan_purpose_1,0.03633217993079585,0.7995158450704226,1.6319334424456886
"interest_rate_bin_(5.375, 15.25], purchaser_type_2",loan_purpose_1,0.015980958857531452,0.7993996998499249,1.6316963723855027
"combined_loan_to_value_ratio_bin_(82.976, 27777.78], debt_to_income_ratio_38",loan_purpose_1,0.005470328219693181,0.7985401459854015,1.6299418922138487
"conforming_loan_limit_nc, purchaser_type_2",loan_purpose_1,0.0010700642038522312,0.7985074626865671,1.6298751806299496
"co_applicant_age_25-34, purchaser_type_3",loan_purpose_1,0.006060363621817309,0.7984189723320158,1.629694558357337
"derived_dwelling_category_single family (1-4 units):manufactured, derived_ethnicity_not hispanic or latino",loan_purpose_1,0.022161329679780788,0.7974091399784095,1.6276333369328029
"construction_method_2, derived_ethnicity_not hispanic or latino",loan_purpose_1,0.022161329679780788,0.7974091399784095,1.6276333369328029
"applicant_age_25-34, debt_to_income_ratio_48",loan_purpose_1,0.0032601956117367043,0.7970660146699268,1.6269329659904195
"derived_loan_product_type_fha:first lien, interest_rate_bin_(5.375, 15.25]",loan_purpose_1,0.02112126727603656,0.7966804979253111,1.6261460676793478
"derived_ethnicity_hispanic or latino, purchaser_type_6",loan_purpose_1,0.002310138608316499,0.7965517241379311,1.6258832207934084
"derived_dwelling_category_single family (1-4 units):manufactured, income_bracket_High",loan_purpose_1,0.004180250815048903,0.7961904761904762,1.6251458587885135
"construction_method_2, income_bracket_High",loan_purpose_1,0.004180250815048903,0.7961904761904762,1.6251458587885135
"debt_to_income_ratio_missing, derived_dwelling_category_single family (1-4 units):manufactured",loan_purpose_1,0.01125067504050243,0.7961783439490445,1.6251210950384936
"combined_loan_to_value_ratio_bin_missing, interest_rate_bin_(5.375, 15.25]",loan_purpose_1,0.0328719723183391,0.7958837772397094,1.6245198395825085
"combined_loan_to_value_ratio_bin_(82.976, 27777.78], state_code_az",loan_purpose_1,0.004210252615156909,0.7958412098298677,1.6244329530247157
"loan_size_Large, purchaser_type_71",loan_purpose_1,0.017071024261455688,0.7958041958041958,1.6243574017686575
"co_applicant_age_<25, loan_size_Small",loan_purpose_1,0.002760165609936596,0.7953890489913544,1.6235100239817408
"interest_rate_bin_(5.375, 15.25], loan_type_2",loan_purpose_1,0.02112126727603656,0.7951807228915662,1.623084798726638
"construction_method_2, debt_to_income_ratio_missing",loan_purpose_1,0.011320679240754446,0.7949438202247191,1.6226012443518048
"derived_dwelling_category_single family (1-4 units):manufactured, derived_race_white",loan_purpose_1,0.022641358481508892,0.7932725998598459,1.6191900294022217
"construction_method_2, derived_race_white",loan_purpose_1,0.022641358481508892,0.7932725998598459,1.6191900294022217
"income_bracket_Very High, purchaser_type_8",loan_purpose_1,0.0016100966057963479,0.7931034482758621,1.6188447652921383
"co_applicant_age_25-34, loan_term_bin_(300.0, 360.0]",loan_purpose_1,0.04828289697381843,0.7927750410509031,1.6181744361967791
"debt_to_income_ratio_>60%, interest_rate_bin_missing",purchaser_type_0,0.0384223053383203,1.0,1.617240821607634
"debt_to_income_ratio_>60%, loan_purpose_2",purchaser_type_0,0.008170490229413765,1.0,1.617240821607634
"debt_to_income_ratio_>60%, loan_purpose_4",purchaser_type_0,0.008030481828909735,1.0,1.617240821607634
"interest_rate_bin_missing, loan_term_bin_(360.0, 674.0]",purchaser_type_0,0.00699041942516551,1.0,1.617240821607634
"loan_purpose_4, loan_term_bin_(360.0, 674.0]",purchaser_type_0,0.004130247814868892,1.0,1.617240821607634
"debt_to_income_ratio_47, interest_rate_bin_missing",purchaser_type_0,0.0031601896113766827,1.0,1.617240821607634
"interest_rate_bin_missing, total_units_3",purchaser_type_0,0.002000120007200432,1.0,1.617240821607634
"derived_race_native hawaiian or other pacific islander, interest_rate_bin_missing",purchaser_type_0,0.0012600756045362722,1.0,1.617240821607634
"derived_race_2 or more minority races, interest_rate_bin_missing",purchaser_type_0,0.0011400684041042463,1.0,1.617240821607634
"applicant_age_<25, debt_to_income_ratio_>60%",purchaser_type_0,0.0010500630037802267,1.0,1.617240821607634
"applicant_age_25-34, debt_to_income_ratio_47",loan_purpose_1,0.0030901854111246674,0.7923076923076923,1.6172205063303065
"applicant_age_25-34, purchaser_type_3",loan_purpose_1,0.014090845450727044,0.792017987633502,1.616629175027545
"combined_loan_to_value_ratio_bin_(68.474, 82.976], interest_rate_bin_missing",purchaser_type_0,0.04083244994699682,0.9995104039167686,1.616449026835733
"combined_loan_to_value_ratio_bin_(0.129, 68.474], interest_rate_bin_missing",purchaser_type_0,0.04950297017821069,0.9993943064809206,1.6162612693231957
"interest_rate_bin_(5.375, 15.25], purchaser_type_8",loan_purpose_1,0.0017101026061563695,0.7916666666666667,1.6159120754999423
"debt_to_income_ratio_missing, interest_rate_bin_missing",purchaser_type_0,0.1999519971198272,0.9991504672430164,1.6158669225537472
"interest_rate_bin_missing, loan_term_bin_(300.0, 360.0]",purchaser_type_0,0.24468468108086486,0.9989792585333986,1.6155900368395386
"interest_rate_bin_missing, loan_type_3",purchaser_type_0,0.02690161409684581,0.9988860007426662,1.6154392165334333
"derived_loan_product_type_va:first lien, interest_rate_bin_missing",purchaser_type_0,0.02690161409684581,0.9988860007426662,1.6154392165334333
"derived_dwelling_category_single family (1-4 units):manufactured, derived_sex_male",loan_purpose_1,0.010540632437946278,0.7912912912912914,1.6151458772659453
"construction_method_2, derived_sex_male",loan_purpose_1,0.010540632437946278,0.7912912912912914,1.6151458772659453
"interest_rate_bin_missing, state_code_ga",purchaser_type_0,0.014510870652239135,0.9986235375086029,1.6150147502771348
"co_applicant_age_65-74, interest_rate_bin_missing",purchaser_type_0,0.014370862251735105,0.998610145934677,1.6149930928771163
"interest_rate_bin_missing, state_code_pa",purchaser_type_0,0.013030781846910814,0.9984674329501916,1.614762291612833
"interest_rate_bin_missing, loan_type_2",purchaser_type_0,0.04322259335560134,0.9983829983829984,1.6146257405840134
"derived_loan_product_type_fha:first lien, interest_rate_bin_missing",purchaser_type_0,0.04315258915534932,0.9983803794539565,1.614621505145058
"interest_rate_bin_missing, state_code_az",purchaser_type_0,0.01060063603816229,0.9981167608286252,1.614195170342836
"interest_rate_bin_missing, reverse_mortgage_2",purchaser_type_0,0.3439206352381143,0.99808451358254,1.6141430187800827
"applicant_age_>74, interest_rate_bin_missing",purchaser_type_0,0.015450927055623337,0.998062015503876,1.6141066339688594
"debt_to_income_ratio_>60%, derived_dwelling_category_single family (1-4 units):manufactured",purchaser_type_0,0.004920295217713063,0.997971602434077,1.6139604142615738
"construction_method_2, debt_to_income_ratio_>60%",purchaser_type_0,0.004920295217713063,0.997971602434077,1.6139604142615738
"combined_loan_to_value_ratio_bin_missing, loan_term_bin_(360.0, 674.0]",purchaser_type_0,0.004830289817389043,0.9979338842975206,1.6138994149514199
"loan_purpose_2, loan_term_bin_(360.0, 674.0]",purchaser_type_0,0.004710282616957017,0.9978813559322034,1.6138144639347365
"lien_status_2, loan_term_bin_(360.0, 674.0]",purchaser_type_0,0.008430505830349821,0.9976331360946745,1.6134130326807519
"derived_loan_product_type_conventional:subordinate lien, loan_term_bin_(360.0, 674.0]",purchaser_type_0,0.008420505230313818,0.9976303317535545,1.613408497385815
"interest_rate_bin_missing, loan_purpose_32",purchaser_type_0,0.0898053883232994,0.9975560986447457,1.6132884445719344
"construction_method_2, interest_rate_bin_missing",purchaser_type_0,0.02806168370102206,0.9975115535015997,1.6132164043480344
"derived_dwelling_category_single family (1-4 units):manufactured, interest_rate_bin_missing",purchaser_type_0,0.028041682500950058,0.9975097829953753,1.6132135410130934
"interest_rate_bin_missing, loan_purpose_2",purchaser_type_0,0.042562553753225194,0.9974220764002814,1.6130716983271833
"debt_to_income_ratio_>60%, derived_loan_product_type_conventional:subordinate lien",purchaser_type_0,0.015200912054723284,0.9973753280839894,1.6129960950417346
"debt_to_income_ratio_>60%, lien_status_2",purchaser_type_0,0.015200912054723284,0.9973753280839894,1.6129960950417346
"co_applicant_age_55-64, interest_rate_bin_missing",purchaser_type_0,0.022101326079564772,0.997292418772563,1.6128620107188043
"applicant_age_65-74, interest_rate_bin_missing",purchaser_type_0,0.03972238334300058,0.9972382626161184,1.6127744271718607
"applicant_age_25-34, debt_to_income_ratio_46",loan_purpose_1,0.0030101806108366502,0.7900262467191601,1.612563728886805
"debt_to_income_ratio_49, interest_rate_bin_missing",purchaser_type_0,0.003330199811988719,0.997005988023952,1.612398783219587
"debt_to_income_ratio_50%-60%, interest_rate_bin_missing",purchaser_type_0,0.022951377082624957,0.9969591659426585,1.6123230606383665
"derived_race_american indian or alaska native, interest_rate_bin_missing",purchaser_type_0,0.0032301938116286975,0.9969135802469136,1.6122493375903264
"interest_rate_bin_missing, state_code_fl",purchaser_type_0,0.035382122927375644,0.9969005353620739,1.6122282408700506
"debt_to_income_ratio_48, interest_rate_bin_missing",purchaser_type_0,0.0031501890113406804,0.9968354430379747,1.612122970906344
"debt_to_income_ratio_45, interest_rate_bin_missing",purchaser_type_0,0.003140188411304678,0.9968253968253968,1.6121067237612605
"debt_to_income_ratio_43, interest_rate_bin_missing",purchaser_type_0,0.003080184811088665,0.9967637540453074,1.6120070325409426
"loan_size_Small, loan_term_bin_(360.0, 674.0]",purchaser_type_0,0.009220553233193991,0.9967567567567567,1.6119957162402576
"debt_to_income_ratio_20%-<30%, derived_dwelling_category_single family (1-4 units):manufactured",loan_purpose_1,0.003080184811088665,0.7897435897435897,1.6119867830088492
"construction_method_2, debt_to_income_ratio_20%-<30%",loan_purpose_1,0.003080184811088665,0.7897435897435897,1.6119867830088492
"debt_to_income_ratio_38, interest_rate_bin_missing",purchaser_type_0,0.003060183611016661,0.996742671009772,1.6119729361952313
"derived_race_asian, interest_rate_bin_missing",purchaser_type_0,0.02279136748204892,0.9965019676432006,1.6115836608849137
"debt_to_income_ratio_37, interest_rate_bin_missing",purchaser_type_0,0.002700162009720583,0.9963099630996309,1.6112731432991185
"interest_rate_bin_missing, state_code_ca",purchaser_type_0,0.03554213252795168,0.9960762331838565,1.6108951457380973
"interest_rate_bin_missing, loan_purpose_4",purchaser_type_0,0.04024241454487269,0.995793120514724,1.610437284372462
"debt_to_income_ratio_<20%, interest_rate_bin_missing",purchaser_type_0,0.011610696641798509,0.9957118353344769,1.6103058266607746
"applicant_age_55-64, interest_rate_bin_missing",purchaser_type_0,0.06245374722483349,0.9956951530612245,1.6102788474074734
"derived_race_race not available, interest_rate_bin_missing",purchaser_type_0,0.07860471628297698,0.9956929313402584,1.610275254349633
"interest_rate_bin_missing, state_code_nc",purchaser_type_0,0.013820829249754986,0.9956772334293947,1.6102498670473704
"conforming_loan_limit_nc, interest_rate_bin_missing",purchaser_type_0,0.013570814248854932,0.9955979457079972,1.6101216397076739
"interest_rate_bin_missing, loan_term_bin_(0.999, 300.0]",purchaser_type_0,0.08519511170670241,0.9955591913053641,1.6100589645057186
"combined_loan_to_value_ratio_bin_(82.976, 27777.78], total_units_2",loan_purpose_1,0.002390143408604516,0.7887788778877888,1.6100176593829545
"derived_ethnicity_hispanic or latino, interest_rate_bin_missing",purchaser_type_0,0.04425265515930956,0.9955005624296963,1.6099641474946638
"derived_sex_female, interest_rate_bin_missing",purchaser_type_0,0.08698521911314679,0.9954222934309911,1.6098375676748913
"derived_race_black or african american, interest_rate_bin_missing",purchaser_type_0,0.038772326339580374,0.9953786906290115,1.6097670514435936
"debt_to_income_ratio_>60%, loan_term_bin_(0.999, 300.0]",purchaser_type_0,0.015010900654039242,0.9953580901856764,1.6097337355656889
"income_bracket_Low, interest_rate_bin_missing",purchaser_type_0,0.11188671320279217,0.9951965842376802,1.6094725415536568
"combined_loan_to_value_ratio_bin_(82.976, 27777.78], state_code_fl",loan_purpose_1,0.013900834050043002,0.7884288145207032,1.609303126807716
"interest_rate_bin_missing, loan_size_Medium",purchaser_type_0,0.10700642038522311,0.9950711429368547,1.6092696727612463
"co_applicant_age_25-34, derived_race_black or african american",loan_purpose_1,0.002310138608316499,0.78839590443686,1.6092359523211208
"interest_rate_bin_missing, loan_size_Large",purchaser_type_0,0.09963597815868952,0.9950064915609707,1.6091651159169935
"derived_ethnicity_joint, interest_rate_bin_missing",purchaser_type_0,0.00796047762865772,0.9950000000000002,1.609154617499596
"debt_to_income_ratio_>60%, state_code_ny",purchaser_type_0,0.001980118807128428,0.9949748743718593,1.609113983308098
"combined_loan_to_value_ratio_bin_missing, debt_to_income_ratio_>60%",loan_purpose_1,0.004320259215552933,0.7883211678832117,1.6090834036480408
"interest_rate_bin_missing, total_units_2",purchaser_type_0,0.007840470428225693,0.9949238578680203,1.6090314773355139
"debt_to_income_ratio_20%-<30%, interest_rate_bin_missing",purchaser_type_0,0.015500930055803348,0.9948652118100128,1.6089366325364778
"derived_race_black or african american, purchaser_type_71",loan_purpose_1,0.0038702322139328358,0.7881873727087576,1.6088103073473536
"interest_rate_bin_missing, lien_status_1",purchaser_type_0,0.28866732003920237,0.9946931320858748,1.608658338182031
"applicant_age_45-54, interest_rate_bin_missing",purchaser_type_0,0.07655459327559654,0.9945433285695726,1.6084160698202468
"debt_to_income_ratio_>60%, loan_size_Small",purchaser_type_0,0.021231273876432585,0.9943793911007025,1.608150943453399
"income_bracket_Medium, interest_rate_bin_missing",purchaser_type_0,0.08623517411044662,0.9943496309963099,1.6081028141977198
"applicant_age_25-34, lien_status_1",loan_purpose_1,0.12112726763605816,0.7878235982828151,1.6080677884155998
"debt_to_income_ratio_30%-<36%, interest_rate_bin_missing",purchaser_type_0,0.013870832249934996,0.9942652329749103,1.6079663222722496
"co_applicant_age_missing, interest_rate_bin_missing",purchaser_type_0,0.2370742244534672,0.9942540787652561,1.607948283229064
"interest_rate_bin_(-0.001, 3.99], purchaser_type_9",loan_purpose_1,0.0033402004120247214,0.7877358490566038,1.6078886788986515
"occupancy_type_2, state_code_tx",loan_purpose_1,0.001000060003600216,0.7874015748031497,1.607206374305786
"derived_sex_male, interest_rate_bin_missing",purchaser_type_0,0.13034782086925215,0.9937480939310763,1.607129983900114
"interest_rate_bin_missing, state_code_tx",purchaser_type_0,0.03273196391783507,0.9936247723132969,1.6069305431456546
"derived_loan_product_type_fsa/rhs:first lien, derived_sex_female",state_code_other,0.001240074404464268,0.7848101265822786,1.6068697284382727
"derived_loan_product_type_conventional:first lien, interest_rate_bin_missing",purchaser_type_0,0.2170930255815349,0.9935466154057394,1.606804144604262
"loan_size_Large, state_code_tx",loan_purpose_1,0.023231393883633017,0.7871907827854965,1.6067761157372662
"income_bracket_Very High, interest_rate_bin_missing",purchaser_type_0,0.07159429565773946,0.9934776575076325,1.606692623076471
"interest_rate_bin_missing, occupancy_type_3",purchaser_type_0,0.0273116386983219,0.9934521644234267,1.6066513946200247
"interest_rate_bin_missing, occupancy_type_1",purchaser_type_0,0.3263095785747145,0.993423656568732,1.606605290553676
"interest_rate_bin_missing, total_units_1",purchaser_type_0,0.3500310018601116,0.9933870693080546,1.6065461201421578
"interest_rate_bin_missing, preapproval_2",purchaser_type_0,0.35670140208412504,0.9933715813513062,1.606521072386261
interest_rate_bin_missing,purchaser_type_0,0.3624717483048983,0.9933675007536931,1.6065144730772245
"conforming_loan_limit_c, interest_rate_bin_missing",purchaser_type_0,0.34737084225053505,0.9933651728772843,1.6065107083404686
"income_bracket_High, purchaser_type_6",loan_purpose_1,0.0051003060183611015,0.787037037037037,1.6064622972806442
"debt_to_income_ratio_46, interest_rate_bin_missing",purchaser_type_0,0.0029601776106566394,0.9932885906040267,1.606386856361945
"combined_loan_to_value_ratio_bin_missing, debt_to_income_ratio_30%-<36%",loan_purpose_1,0.0026601596095765746,0.7869822485207101,1.6063504655857415
"interest_rate_bin_missing, preapproval_1",purchaser_type_0,0.005770346220773246,0.9931153184165232,1.606106633507065
"derived_dwelling_category_single family (1-4 units):site-built, interest_rate_bin_missing",purchaser_type_0,0.333179990799448,0.993114138373029,1.6061047250925549
"derived_ethnicity_hispanic or latino, purchaser_type_71",loan_purpose_1,0.005020301218073084,0.786833855799373,1.6060475734716468
"construction_method_1, interest_rate_bin_missing",purchaser_type_0,0.33441006460387623,0.9930213220882581,1.6059546188079135
"debt_to_income_ratio_40, interest_rate_bin_missing",purchaser_type_0,0.0028301698101886115,0.992982456140351,1.6058917632103875
"debt_to_income_ratio_>60%, loan_term_bin_(360.0, 674.0]",purchaser_type_0,0.0013900834050043004,0.992857142857143,1.605689101453294
"debt_to_income_ratio_44, interest_rate_bin_missing",purchaser_type_0,0.004130247814868892,0.9927884615384615,1.6055780272210403
"interest_rate_bin_missing, loan_purpose_31",purchaser_type_0,0.053683220993259596,0.9927871277972997,1.6055758702403882
"income_bracket_Medium, purchaser_type_8",loan_purpose_1,0.0012900774046442787,0.7865853658536587,1.605540367698274
"interest_rate_bin_missing, total_units_4",purchaser_type_0,0.0013500810048602916,0.9926470588235293,1.605349344978166
"applicant_age_35-44, interest_rate_bin_missing",purchaser_type_0,0.08778526711602697,0.9925373134328359,1.6051718602523533
"debt_to_income_ratio_>60%, loan_purpose_31",purchaser_type_0,0.005220313218793128,0.9923954372623573,1.604942412317842
"interest_rate_bin_missing, loan_type_1",purchaser_type_0,0.2908074484469068,0.99238959797966,1.6049329687914948
"derived_ethnicity_not hispanic or latino, interest_rate_bin_missing",purchaser_type_0,0.23679420765245915,0.9923721709974853,1.6049047851645246
"derived_race_joint, interest_rate_bin_missing",purchaser_type_0,0.006500390023401404,0.9923664122137404,1.6048954718243695
"applicant_age_45-54, derived_dwelling_category_single family (1-4 units):manufactured",loan_purpose_1,0.005480328819729183,0.7862266857962698,1.6048082471475678
"applicant_age_45-54, construction_method_2",loan_purpose_1,0.005480328819729183,0.7862266857962698,1.6048082471475678
"co_applicant_age_>74, interest_rate_bin_missing",purchaser_type_0,0.0051403084185051105,0.9922779922779924,1.604752475494834
"debt_to_income_ratio_>60%, loan_type_1",purchaser_type_0,0.035722143328599715,0.9922222222222222,1.604662281884019
"debt_to_income_ratio_50%-60%, loan_purpose_2",purchaser_type_0,0.006290377422645359,0.9921135646687697,1.6044865564529995
"income_bracket_High, interest_rate_bin_missing",purchaser_type_0,0.07617457047422846,0.9920552227142486,1.6043922034625357
"derived_race_asian, interest_rate_bin_(3.99, 5.375]",loan_purpose_1,0.01032061923715423,0.7859862909367861,1.604317564676417
"combined_loan_to_value_ratio_bin_missing, interest_rate_bin_missing",purchaser_type_0,0.22742364541872512,0.991800776309477,1.6039807023498278
"derived_race_white, interest_rate_bin_missing",purchaser_type_0,0.21007260435626138,0.9916910584458503,1.603803262141911
"debt_to_income_ratio_50%-60%, loan_purpose_4",purchaser_type_0,0.00588035282116927,0.9915682967959527,1.6036047269903688
"interest_rate_bin_missing, state_code_other",purchaser_type_0,0.17156029361761704,0.9914465699589666,1.6034078653805097
"combined_loan_to_value_ratio_bin_(82.976, 27777.78], debt_to_income_ratio_37",loan_purpose_1,0.005490329419765186,0.7854077253218884,1.6031366242592604
"interest_rate_bin_missing, state_code_oh",purchaser_type_0,0.012470748244894693,0.9912559618441972,1.603099606156375
"applicant_age_25-34, interest_rate_bin_missing",purchaser_type_0,0.06286377182630958,0.9911699779249449,1.6029605494521582
"interest_rate_bin_missing, loan_size_Small",purchaser_type_0,0.15582934976098567,0.991158323261879,1.602941701055286
"construction_method_2, occupancy_type_3",purchaser_type_0,0.001120067204032242,0.9911504424778762,1.6029289559296904
"interest_rate_bin_missing, occupancy_type_2",purchaser_type_0,0.008850531031861912,0.9910414333706609,1.6027526619515748
"debt_to_income_ratio_>60%, state_code_oh",purchaser_type_0,0.0011000660039602375,0.9909909909909909,1.6026710844760335
"co_applicant_age_45-54, interest_rate_bin_missing",purchaser_type_0,0.025311518691121467,0.9902190923317684,1.6014227384541948
"loan_term_bin_(360.0, 674.0], state_code_oh",purchaser_type_0,0.0010100606036362182,0.9901960784313725,1.60138551943501
"income_bracket_Very High, purchaser_type_1",derived_loan_product_type_conventional:first lien,0.022581354881292877,1.0,1.6013387995644095
"income_bracket_High, purchaser_type_3",derived_loan_product_type_conventional:first lien,0.02200132007920475,1.0,1.6013387995644095
"income_bracket_Medium, purchaser_type_3",derived_loan_product_type_conventional:first lien,0.020891253475208513,1.0,1.6013387995644095
"applicant_age_35-44, purchaser_type_3",derived_loan_product_type_conventional:first lien,0.01913114786887213,1.0,1.6013387995644095
"combined_loan_to_value_ratio_bin_missing, purchaser_type_3",derived_loan_product_type_conventional:first lien,0.017621057263435807,1.0,1.6013387995644095
"debt_to_income_ratio_30%-<36%, purchaser_type_3",derived_loan_product_type_conventional:first lien,0.012090725443526611,1.0,1.6013387995644095
"applicant_age_55-64, purchaser_type_3",derived_loan_product_type_conventional:first lien,0.011970718243094586,1.0,1.6013387995644095
"purchaser_type_3, state_code_ca",derived_loan_product_type_conventional:first lien,0.007790467428045683,1.0,1.6013387995644095
"purchaser_type_3, state_code_fl",derived_loan_product_type_conventional:first lien,0.0077004620277216634,1.0,1.6013387995644095
"co_applicant_age_25-34, purchaser_type_3",derived_loan_product_type_conventional:first lien,0.00759045542732564,1.0,1.6013387995644095
"purchaser_type_3, state_code_tx",derived_loan_product_type_conventional:first lien,0.007580454827289637,1.0,1.6013387995644095
"derived_ethnicity_hispanic or latino, purchaser_type_3",derived_loan_product_type_conventional:first lien,0.00722043322599356,1.0,1.6013387995644095
"applicant_age_65-74, purchaser_type_3",derived_loan_product_type_conventional:first lien,0.006740404424265456,1.0,1.6013387995644095
"co_applicant_age_55-64, purchaser_type_1",derived_loan_product_type_conventional:first lien,0.0064403864231853914,1.0,1.6013387995644095
"derived_race_asian, purchaser_type_1",derived_loan_product_type_conventional:first lien,0.006420385223113387,1.0,1.6013387995644095
"co_applicant_age_45-54, purchaser_type_3",derived_loan_product_type_conventional:first lien,0.006040362421745305,1.0,1.6013387995644095
"co_applicant_age_55-64, purchaser_type_3",derived_loan_product_type_conventional:first lien,0.005430325819549173,1.0,1.6013387995644095
"derived_race_asian, purchaser_type_3",derived_loan_product_type_conventional:first lien,0.005310318619117147,1.0,1.6013387995644095
"debt_to_income_ratio_49, purchaser_type_1",derived_loan_product_type_conventional:first lien,0.004770286217173031,1.0,1.6013387995644095
"debt_to_income_ratio_44, purchaser_type_1",derived_loan_product_type_conventional:first lien,0.004640278416705002,1.0,1.6013387995644095
"debt_to_income_ratio_44, purchaser_type_3",derived_loan_product_type_conventional:first lien,0.004060243614616877,1.0,1.6013387995644095
"debt_to_income_ratio_43, purchaser_type_1",derived_loan_product_type_conventional:first lien,0.0037102226133568015,1.0,1.6013387995644095
"purchaser_type_1, state_code_il",derived_loan_product_type_conventional:first lien,0.0037002220133207993,1.0,1.6013387995644095
"preapproval_1, purchaser_type_1",derived_loan_product_type_conventional:first lien,0.003440206412384743,1.0,1.6013387995644095
"purchaser_type_3, state_code_il",derived_loan_product_type_conventional:first lien,0.003440206412384743,1.0,1.6013387995644095
"purchaser_type_3, state_code_ga",derived_loan_product_type_conventional:first lien,0.003420205212312739,1.0,1.6013387995644095
"purchaser_type_3, state_code_oh",derived_loan_product_type_conventional:first lien,0.003310198611916715,1.0,1.6013387995644095
"purchaser_type_3, state_code_pa",derived_loan_product_type_conventional:first lien,0.003310198611916715,1.0,1.6013387995644095
"debt_to_income_ratio_41, purchaser_type_3",derived_loan_product_type_conventional:first lien,0.0032301938116286975,1.0,1.6013387995644095
"debt_to_income_ratio_49, purchaser_type_3",derived_loan_product_type_conventional:first lien,0.0032301938116286975,1.0,1.6013387995644095
"co_applicant_age_65-74, purchaser_type_3",derived_loan_product_type_conventional:first lien,0.0031801908114486867,1.0,1.6013387995644095
"purchaser_type_3, state_code_ny",derived_loan_product_type_conventional:first lien,0.003140188411304678,1.0,1.6013387995644095
"debt_to_income_ratio_42, purchaser_type_3",derived_loan_product_type_conventional:first lien,0.003140188411304678,1.0,1.6013387995644095
"debt_to_income_ratio_45, purchaser_type_3",derived_loan_product_type_conventional:first lien,0.003120187211232674,1.0,1.6013387995644095
"occupancy_type_2, purchaser_type_1",derived_loan_product_type_conventional:first lien,0.0029601776106566394,1.0,1.6013387995644095
"debt_to_income_ratio_36, purchaser_type_1",derived_loan_product_type_conventional:first lien,0.0029001740104406264,1.0,1.6013387995644095
"debt_to_income_ratio_45, purchaser_type_1",derived_loan_product_type_conventional:first lien,0.002890173410404624,1.0,1.6013387995644095
"purchaser_type_1, state_code_pa",derived_loan_product_type_conventional:first lien,0.0028301698101886115,1.0,1.6013387995644095
"debt_to_income_ratio_39, purchaser_type_3",derived_loan_product_type_conventional:first lien,0.0027901674100446025,1.0,1.6013387995644095
"preapproval_1, purchaser_type_3",derived_loan_product_type_conventional:first lien,0.00264015840950457,1.0,1.6013387995644095
"debt_to_income_ratio_40, purchaser_type_3",derived_loan_product_type_conventional:first lien,0.0025901554093245593,1.0,1.6013387995644095
"debt_to_income_ratio_38, purchaser_type_3",derived_loan_product_type_conventional:first lien,0.0024101446086765206,1.0,1.6013387995644095
"occupancy_type_2, purchaser_type_3",derived_loan_product_type_conventional:first lien,0.0023501410084605075,1.0,1.6013387995644095
"debt_to_income_ratio_37, purchaser_type_3",derived_loan_product_type_conventional:first lien,0.0023501410084605075,1.0,1.6013387995644095
"debt_to_income_ratio_46, purchaser_type_3",derived_loan_product_type_conventional:first lien,0.0020501230073804427,1.0,1.6013387995644095
"occupancy_type_3, purchaser_type_6",derived_loan_product_type_conventional:first lien,0.0020301218073084386,1.0,1.6013387995644095
"derived_race_joint, purchaser_type_1",derived_loan_product_type_conventional:first lien,0.00199011940716443,1.0,1.6013387995644095
"applicant_age_>74, purchaser_type_3",derived_loan_product_type_conventional:first lien,0.00199011940716443,1.0,1.6013387995644095
"derived_ethnicity_joint, purchaser_type_3",derived_loan_product_type_conventional:first lien,0.0018501110066603996,1.0,1.6013387995644095
"derived_race_joint, purchaser_type_3",derived_loan_product_type_conventional:first lien,0.001680100806048363,1.0,1.6013387995644095
"purchaser_type_3, total_units_2",derived_loan_product_type_conventional:first lien,0.001570094205652339,1.0,1.6013387995644095
"debt_to_income_ratio_50%-60%, purchaser_type_3",derived_loan_product_type_conventional:first lien,0.0011600696041762506,1.0,1.6013387995644095
"co_applicant_age_>74, purchaser_type_3",derived_loan_product_type_conventional:first lien,0.0010900654039242355,1.0,1.6013387995644095
"occupancy_type_2, purchaser_type_6",derived_loan_product_type_conventional:first lien,0.0010300618037082225,1.0,1.6013387995644095
"co_applicant_age_<25, purchaser_type_1",derived_loan_product_type_conventional:first lien,0.001000060003600216,1.0,1.6013387995644095
"derived_dwelling_category_single family (1-4 units):manufactured, occupancy_type_3",purchaser_type_0,0.001000060003600216,0.99009900990099,1.601228536245182
"co_applicant_age_35-44, interest_rate_bin_missing",purchaser_type_0,0.02986179170750245,0.990053050397878,1.6011542086606085
"interest_rate_bin_missing, state_code_ny",purchaser_type_0,0.011910714642878573,0.9900249376558604,1.6011087435866103
"interest_rate_bin_(-0.001, 3.99], purchaser_type_1",derived_loan_product_type_conventional:first lien,0.03905234314058843,0.9997439836149513,1.6009288305937068
"co_applicant_age_25-34, debt_to_income_ratio_41",loan_purpose_1,0.0016000960057603456,0.784313725490196,1.6009036042104687
"loan_size_Medium, purchaser_type_3",derived_loan_product_type_conventional:first lien,0.03429205752345141,0.9997084548104956,1.60087193694063
"combined_loan_to_value_ratio_bin_(68.474, 82.976], purchaser_type_6",loan_purpose_1,0.007160429625777546,0.7842278203723987,1.6007282587992742
"combined_loan_to_value_ratio_bin_(0.129, 68.474], purchaser_type_3",derived_loan_product_type_conventional:first lien,0.02472148328899734,0.9995956328346138,1.6006912707332068
"loan_purpose_32, purchaser_type_3",derived_loan_product_type_conventional:first lien,0.022891373482408946,0.9995633187772927,1.6006395249794472
"co_applicant_age_25-34, derived_ethnicity_joint",loan_purpose_1,0.004360261615696942,0.7841726618705036,1.6006156719075535
"derived_loan_product_type_conventional:first lien, purchaser_type_8",loan_purpose_1,0.004360261615696942,0.7841726618705036,1.6006156719075535
"income_bracket_Very High, purchaser_type_3",derived_loan_product_type_conventional:first lien,0.018131087865271917,0.9994487320837928,1.600456032861232
"debt_to_income_ratio_20%-<30%, purchaser_type_6",loan_purpose_1,0.0034502070124207453,0.7840909090909092,1.6004488020501821
"debt_to_income_ratio_30%-<36%, purchaser_type_1",derived_loan_product_type_conventional:first lien,0.015480928855731343,0.999354422207876,1.6003050107977443
"conforming_loan_limit_c, purchaser_type_3",derived_loan_product_type_conventional:first lien,0.08647518851131068,0.9993065988674449,1.6002284294271871
"derived_dwelling_category_single family (1-4 units):site-built, purchaser_type_3",derived_loan_product_type_conventional:first lien,0.0856251375082505,0.9992997198879553,1.600217413850429
"purchaser_type_3, total_units_1",derived_loan_product_type_conventional:first lien,0.08442506550393024,0.9992897727272728,1.6002014850760828
"occupancy_type_1, purchaser_type_3",derived_loan_product_type_conventional:first lien,0.07739464367862071,0.9992253066494512,1.6000982530444112
"debt_to_income_ratio_20%-<30%, purchaser_type_3",derived_loan_product_type_conventional:first lien,0.012800768046082765,0.9992193598750977,1.6000887302439066
"derived_race_white, purchaser_type_3",derived_loan_product_type_conventional:first lien,0.051163069784187054,0.99921875,1.60008775362725
"combined_loan_to_value_ratio_bin_(82.976, 27777.78], state_code_il",loan_purpose_1,0.006530391823509411,0.7839135654261705,1.6000868166573006
"loan_term_bin_(300.0, 360.0], purchaser_type_3",derived_loan_product_type_conventional:first lien,0.07307438446306778,0.999179543279092,1.6000249703838563
"derived_sex_male, purchaser_type_3",derived_loan_product_type_conventional:first lien,0.024251455087305238,0.9991759373712401,1.6000191961037054
"loan_size_Large, purchaser_type_3",derived_loan_product_type_conventional:first lien,0.035022101326079566,0.9991440798858774,1.5999681814763376
"interest_rate_bin_(5.375, 15.25], purchaser_type_3",derived_loan_product_type_conventional:first lien,0.02279136748204892,0.9991231915826391,1.599934732225905
"lien_status_2, state_code_ny",purchaser_type_0,0.006470388223293397,0.9892966360856268,1.5999309045567875
"derived_loan_product_type_conventional:subordinate lien, state_code_ny",purchaser_type_0,0.006460387623257395,0.9892802450229708,1.5999043962611508
"derived_ethnicity_not hispanic or latino, purchaser_type_3",derived_loan_product_type_conventional:first lien,0.0551033061983719,0.99909338168631,1.5998869964823021
"interest_rate_bin_(-0.001, 3.99], purchaser_type_3",derived_loan_product_type_conventional:first lien,0.03297197831869912,0.999090909090909,1.5998830370193509
"loan_purpose_31, purchaser_type_3",derived_loan_product_type_conventional:first lien,0.010960657639458367,0.999088422971741,1.599879055900267
purchaser_type_3,derived_loan_product_type_conventional:first lien,0.0865751945116707,0.9990767455279862,1.5998603563565026
"purchaser_type_3, reverse_mortgage_2",derived_loan_product_type_conventional:first lien,0.08634518071084266,0.9990742883591762,1.5998564215967501
"construction_method_1, purchaser_type_3",derived_loan_product_type_conventional:first lien,0.08570514230853851,0.99906738167405,1.599845361653881
"preapproval_2, purchaser_type_3",derived_loan_product_type_conventional:first lien,0.08393503610216613,0.9990477324128079,1.5998138965294713
"loan_purpose_1, purchaser_type_3",derived_loan_product_type_conventional:first lien,0.051273076384583074,0.9990257209664849,1.5997786487464398
"interest_rate_bin_(3.99, 5.375], purchaser_type_3",derived_loan_product_type_conventional:first lien,0.0305618337100226,0.9990192873488067,1.5997683463448302
"debt_to_income_ratio_42, interest_rate_bin_missing",purchaser_type_0,0.0036602196131767907,0.9891891891891892,1.5997571370497137
"combined_loan_to_value_ratio_bin_(82.976, 27777.78], debt_to_income_ratio_30%-<36%",loan_purpose_1,0.025081504890293416,0.7837500000000001,1.599752954744943
"combined_loan_to_value_ratio_bin_(82.976, 27777.78], interest_rate_bin_missing",purchaser_type_0,0.044712682760965655,0.9891592920353981,1.5997087861521528
"co_applicant_age_35-44, purchaser_type_1",derived_loan_product_type_conventional:first lien,0.00977058623517411,0.9989775051124745,1.5997014388286588
"applicant_age_25-34, purchaser_type_1",derived_loan_product_type_conventional:first lien,0.019141148468908135,0.9989561586638832,1.5996672559322966
"derived_sex_female, purchaser_type_3",derived_loan_product_type_conventional:first lien,0.018551113066784006,0.9989229940764673,1.5996141481916961
"co_applicant_age_missing, purchaser_type_3",derived_loan_product_type_conventional:first lien,0.054753285197111826,0.9989053092501369,1.5995858287931295
"derived_sex_female, loan_type_4",state_code_other,0.00125007500450027,0.78125,1.5995805008395103
"applicant_age_25-34, purchaser_type_3",derived_loan_product_type_conventional:first lien,0.01777106626397584,0.9988757729061272,1.5995385310994694
"co_applicant_age_25-34, purchaser_type_1",derived_loan_product_type_conventional:first lien,0.008690521431285876,0.9988505747126436,1.5994981802545654
"combined_loan_to_value_ratio_bin_(68.474, 82.976], purchaser_type_3",derived_loan_product_type_conventional:first lien,0.02588155289317359,0.998842145889618,1.5994846828532197
"debt_to_income_ratio_missing, purchaser_type_3",derived_loan_product_type_conventional:first lien,0.017211032661959717,0.9988392338943701,1.5994800197622452
"derived_loan_product_type_conventional:subordinate lien, interest_rate_bin_missing",purchaser_type_0,0.07371442286537193,0.9889977190393131,1.5994474837072146
"co_applicant_age_45-54, purchaser_type_1",derived_loan_product_type_conventional:first lien,0.008300498029881793,0.9987966305655838,1.599411797398869
"purchaser_type_1, state_code_other",derived_loan_product_type_conventional:first lien,0.04869292157529452,0.9987692307692307,1.5993679210418688
"loan_size_Medium, purchaser_type_1",derived_loan_product_type_conventional:first lien,0.03943236594195652,0.9987335359675785,1.5993107615710402
"loan_term_bin_(300.0, 360.0], purchaser_type_1",derived_loan_product_type_conventional:first lien,0.08573514410864652,0.9987185461323392,1.5992867577662726
"derived_race_race not available, purchaser_type_3",derived_loan_product_type_conventional:first lien,0.023291397483849032,0.9987135506003431,1.5992787582270627
"applicant_age_45-54, purchaser_type_3",derived_loan_product_type_conventional:first lien,0.015490929455767346,0.9987105093488072,1.599273888152979
"interest_rate_bin_missing, loan_purpose_1",purchaser_type_0,0.1360581634898094,0.9888791975577848,1.5992558059290496
"co_applicant_age_35-44, purchaser_type_3",derived_loan_product_type_conventional:first lien,0.0076604596275776544,0.9986962190352021,1.5992510045193453
"applicant_age_55-64, purchaser_type_1",derived_loan_product_type_conventional:first lien,0.015260915654939297,0.9986910994764399,1.5992428063712625
"applicant_age_35-44, purchaser_type_1",derived_loan_product_type_conventional:first lien,0.022861371682300936,0.9986893840104848,1.5992400593290694
"loan_purpose_1, purchaser_type_1",derived_loan_product_type_conventional:first lien,0.06014360861651699,0.9986715376951179,1.599211481331843
"debt_to_income_ratio_36, interest_rate_bin_missing",purchaser_type_0,0.0026601596095765746,0.9888475836431228,1.5992046786157275
"combined_loan_to_value_ratio_bin_(82.976, 27777.78], state_code_ca",loan_purpose_1,0.011000660039602376,0.7834757834757834,1.5991932371119535
"interest_rate_bin_(3.99, 5.375], occupancy_type_2",loan_purpose_1,0.00398023881432886,0.783464566929134,1.5991703424342574
"loan_size_Large, purchaser_type_1",derived_loan_product_type_conventional:first lien,0.04281256875412525,0.9986004198740378,1.599097597605607
"derived_sex_female, purchaser_type_1",derived_loan_product_type_conventional:first lien,0.02115126907614457,0.9985835694050992,1.5990706142959048
"purchaser_type_3, state_code_other",derived_loan_product_type_conventional:first lien,0.04099245954757286,0.9985383678440926,1.598998231282464
"loan_purpose_31, purchaser_type_1",derived_loan_product_type_conventional:first lien,0.01338080284817089,0.9985074626865672,1.598948741654612
"loan_term_bin_(0.999, 300.0], purchaser_type_3",derived_loan_product_type_conventional:first lien,0.01324079444766686,0.9984917043740573,1.5989235072573742
"derived_dwelling_category_single family (1-4 units):site-built, purchaser_type_1",derived_loan_product_type_conventional:first lien,0.10097605856351381,0.9984178779788391,1.5988052861862794
"purchaser_type_1, state_code_ca",derived_loan_product_type_conventional:first lien,0.01167070024201452,0.9982891360136869,1.598599126682349
"debt_to_income_ratio_39, interest_rate_bin_missing",purchaser_type_0,0.0025701542092525552,0.9884615384615385,1.5985803505890843
"derived_ethnicity_not hispanic or latino, purchaser_type_1",derived_loan_product_type_conventional:first lien,0.06354381262875773,0.9982717989002358,1.5985713640899073
"interest_rate_bin_(3.99, 5.375], purchaser_type_1",derived_loan_product_type_conventional:first lien,0.034562073724423464,0.9982668977469671,1.5985635156830156
"combined_loan_to_value_ratio_bin_(82.976, 27777.78], purchaser_type_1",derived_loan_product_type_conventional:first lien,0.023031381882912975,0.9982661465106198,1.598562312699105
"debt_to_income_ratio_>60%, derived_loan_product_type_conventional:first lien",purchaser_type_0,0.020521231273876433,0.9884393063583816,1.5985443959243089
"applicant_age_missing, purchaser_type_3",derived_loan_product_type_conventional:first lien,0.011350681040862452,0.9982409850483729,1.5985220206733552
"applicant_age_missing, purchaser_type_6",loan_purpose_1,0.0013000780046802808,0.7831325301204819,1.5984926048065375
"purchaser_type_1, total_units_1",derived_loan_product_type_conventional:first lien,0.10032601956117367,0.9982089552238805,1.5984707300726524
"derived_race_white, purchaser_type_1",derived_loan_product_type_conventional:first lien,0.05928355701342081,0.9981478363360836,1.5983728580262369
"conforming_loan_limit_c, purchaser_type_1",derived_loan_product_type_conventional:first lien,0.10195611736704202,0.9981398081065204,1.5983600021107456
"debt_to_income_ratio_<20%, purchaser_type_1",derived_loan_product_type_conventional:first lien,0.005340320419225154,0.9981308411214953,1.5983456429297098
"loan_purpose_32, purchaser_type_1",derived_loan_product_type_conventional:first lien,0.026651599095945756,0.99812734082397,1.5983400377674726
"debt_to_income_ratio_>60%, income_bracket_Low",purchaser_type_0,0.024421465287917277,0.9882638607851072,1.598260658181239
"combined_loan_to_value_ratio_bin_(68.474, 82.976], purchaser_type_1",derived_loan_product_type_conventional:first lien,0.030641838510310618,0.9980456026058632,1.5982091471874107
"interest_rate_bin_missing, state_code_il",purchaser_type_0,0.010910654639278356,0.9882246376811594,1.5981972249763847
"interest_rate_bin_missing, lien_status_2",purchaser_type_0,0.07380442826569594,0.9882163899303695,1.5981838863771207
"construction_method_1, purchaser_type_1",derived_loan_product_type_conventional:first lien,0.10111606696401784,0.9980258612180436,1.598177534537138
"debt_to_income_ratio_41, interest_rate_bin_missing",purchaser_type_0,0.0033502010120607236,0.9882005899705015,1.5981583340370424
"derived_sex_female, purchaser_type_6",loan_purpose_1,0.00440026401584095,0.7829181494661921,1.5980550212848275
"purchaser_type_1, reverse_mortgage_2",derived_loan_product_type_conventional:first lien,0.10201612096725804,0.9979456075132069,1.5980490211657743
"income_bracket_Medium, purchaser_type_1",derived_loan_product_type_conventional:first lien,0.024141448486909214,0.9979330301777594,1.598028880590527
"occupancy_type_1, purchaser_type_1",derived_loan_product_type_conventional:first lien,0.09104546272776366,0.9979173517483284,1.598003774113163
"purchaser_type_1, state_code_tx",derived_loan_product_type_conventional:first lien,0.009410564633878033,0.9978791092258749,1.5979425348781648
"income_bracket_Low, purchaser_type_1",derived_loan_product_type_conventional:first lien,0.01862111726703602,0.9978563772775991,1.5979061333274012
"applicant_age_45-54, purchaser_type_1",derived_loan_product_type_conventional:first lien,0.018591115466928015,0.9978529253891573,1.5979006056845075
"combined_loan_to_value_ratio_bin_(82.976, 27777.78], purchaser_type_3",derived_loan_product_type_conventional:first lien,0.018351101066063965,0.9978249048395867,1.597855735291295
"derived_ethnicity_hispanic or latino, purchaser_type_1",derived_loan_product_type_conventional:first lien,0.009020541232473948,0.997787610619469,1.597796014609621
"loan_purpose_2, state_code_pa",purchaser_type_0,0.004930295817749065,0.9879759519038077,1.5977950401854983
purchaser_type_1,derived_loan_product_type_conventional:first lien,0.10211612696761806,0.9977525894078563,1.5977399337846578
"derived_race_black or african american, purchaser_type_3",derived_loan_product_type_conventional:first lien,0.00435026101566094,0.9977064220183486,1.5976660041525645
"debt_to_income_ratio_50%-60%, loan_term_bin_(360.0, 674.0]",purchaser_type_0,0.0016300978058683521,0.9878787878787879,1.5976379025578444
"loan_size_Small, purchaser_type_3",derived_loan_product_type_conventional:first lien,0.01726103566213973,0.9976878612716763,1.5976362821087693
"preapproval_2, purchaser_type_1",derived_loan_product_type_conventional:first lien,0.09867592055523332,0.9976744186046512,1.5976147558444924
"purchaser_type_1, state_code_fl",derived_loan_product_type_conventional:first lien,0.00856051363081785,0.9976689976689979,1.5976060750899008
"debt_to_income_ratio_20%-<30%, purchaser_type_1",derived_loan_product_type_conventional:first lien,0.016490989459367562,0.9975801572897761,1.597463811543685
"applicant_age_25-34, derived_ethnicity_joint",loan_purpose_1,0.004500270016200972,0.7826086956521738,1.5974233789839245
"derived_sex_male, purchaser_type_1",derived_loan_product_type_conventional:first lien,0.028441706502390144,0.9975447211504735,1.597407066278913
"combined_loan_to_value_ratio_bin_missing, purchaser_type_1",derived_loan_product_type_conventional:first lien,0.016170970258215494,0.9975323874151758,1.5973873157900371
"co_applicant_age_25-34, interest_rate_bin_missing",purchaser_type_0,0.02468148088885333,0.987595038015206,1.5971790106953343
"income_bracket_High, purchaser_type_1",derived_loan_product_type_conventional:first lien,0.026821609296557792,0.9973968017850501,1.5971701972598535
"debt_to_income_ratio_40, purchaser_type_1",derived_loan_product_type_conventional:first lien,0.003820229213752825,0.9973890339425587,1.5971577583122831
"purchaser_type_1, state_code_ga",derived_loan_product_type_conventional:first lien,0.003770226213572814,0.9973544973544973,1.5971024535338159
"debt_to_income_ratio_>60%, loan_type_2",purchaser_type_0,0.003170190211412685,0.9875389408099688,1.5970882880050465
"debt_to_income_ratio_>60%, derived_loan_product_type_fha:first lien",purchaser_type_0,0.003170190211412685,0.9875389408099688,1.5970882880050465
"debt_to_income_ratio_<20%, purchaser_type_3",derived_loan_product_type_conventional:first lien,0.003740224413464808,0.9973333333333333,1.5970685627655712
"purchaser_type_1, state_code_nc",derived_loan_product_type_conventional:first lien,0.0037302238134288056,0.9973262032085561,1.5970571450201196
"co_applicant_age_missing, purchaser_type_1",derived_loan_product_type_conventional:first lien,0.0624937496249775,0.9972869454197255,1.5969942799996801
"applicant_age_missing, loan_type_3",loan_purpose_1,0.009420565233914035,0.782392026578073,1.5969811244493222
"applicant_age_missing, derived_loan_product_type_va:first lien",loan_purpose_1,0.009420565233914035,0.782392026578073,1.5969811244493222
"combined_loan_to_value_ratio_bin_(0.129, 68.474], purchaser_type_1",derived_loan_product_type_conventional:first lien,0.03227193631617897,0.9972187886279359,1.5968851378845337
"debt_to_income_ratio_41, purchaser_type_1",derived_loan_product_type_conventional:first lien,0.003500210012600756,0.9971509971509971,1.5967765807622316
"debt_to_income_ratio_38, purchaser_type_1",derived_loan_product_type_conventional:first lien,0.0034702082124927498,0.9971264367816093,1.5967372512897993
"debt_to_income_ratio_48, purchaser_type_1",derived_loan_product_type_conventional:first lien,0.0034702082124927498,0.9971264367816093,1.5967372512897993
"occupancy_type_3, purchaser_type_3",derived_loan_product_type_conventional:first lien,0.006830409824589476,0.9970802919708031,1.5966633578138567
"debt_to_income_ratio_43, purchaser_type_3",derived_loan_product_type_conventional:first lien,0.0034002040122407345,0.9970674486803519,1.5966427913545433
"income_bracket_Low, purchaser_type_3",derived_loan_product_type_conventional:first lien,0.01662099725983559,0.9970005998800239,1.5965357437768737
"debt_to_income_ratio_39, purchaser_type_1",derived_loan_product_type_conventional:first lien,0.0032701962117727065,0.9969512195121952,1.596456669077933
"lien_status_1, purchaser_type_6",loan_purpose_1,0.020571234274056445,0.7821292775665399,1.5964448137538754
"combined_loan_to_value_ratio_bin_(0.129, 68.474], debt_to_income_ratio_>60%",purchaser_type_0,0.014510870652239135,0.9870748299319728,1.5963377089473993
"derived_race_race not available, purchaser_type_1",derived_loan_product_type_conventional:first lien,0.02857171430285817,0.9968597348220516,1.5963101710940397
"occupancy_type_3, purchaser_type_5",derived_loan_product_type_conventional:first lien,0.0031501890113406804,0.9968354430379747,1.5962712717176868
"debt_to_income_ratio_missing, purchaser_type_1",derived_loan_product_type_conventional:first lien,0.015700942056523393,0.996825396825397,1.5962551843276973
"purchaser_type_3, state_code_nc",derived_loan_product_type_conventional:first lien,0.0031001860111606696,0.9967845659163986,1.596189800208897
"debt_to_income_ratio_37, purchaser_type_1",derived_loan_product_type_conventional:first lien,0.003060183611016661,0.996742671009772,1.5961227122694115
"purchaser_type_1, state_code_ny",derived_loan_product_type_conventional:first lien,0.003050183010980659,0.9967320261437909,1.5961056662324997
"income_bracket_Medium, loan_term_bin_(360.0, 674.0]",purchaser_type_0,0.003000180010800648,0.986842105263158,1.5959613371127968
"applicant_age_<25, purchaser_type_1",derived_loan_product_type_conventional:first lien,0.002810168610116607,0.9964539007092198,1.5956602931829755
"debt_to_income_ratio_47, purchaser_type_1",derived_loan_product_type_conventional:first lien,0.0028001680100806048,0.99644128113879,1.5956400849752124
"conforming_loan_limit_nc, derived_loan_product_type_conventional:subordinate lien",purchaser_type_0,0.005170310218613117,0.9866412213740459,1.5956364594869215
"conforming_loan_limit_nc, lien_status_2",purchaser_type_0,0.005170310218613117,0.9866412213740459,1.5956364594869215
"purchaser_type_3, state_code_az",derived_loan_product_type_conventional:first lien,0.0027901674100446025,0.9964285714285714,1.595619732423108
"purchaser_type_1, state_code_oh",derived_loan_product_type_conventional:first lien,0.0027701662099725985,0.9964028776978417,1.5955785880551852
"combined_loan_to_value_ratio_bin_(82.976, 27777.78], state_code_ga",loan_purpose_1,0.006910414624877493,0.7816742081447964,1.5955159478501453
"applicant_age_>74, purchaser_type_1",derived_loan_product_type_conventional:first lien,0.002680160809648579,0.996282527881041,1.5953858672240215
"debt_to_income_ratio_46, purchaser_type_1",derived_loan_product_type_conventional:first lien,0.002620157209432566,0.9961977186311787,1.5952500588816552
"derived_ethnicity_joint, purchaser_type_1",derived_loan_product_type_conventional:first lien,0.002560153609216553,0.9961089494163424,1.595107909293731
"conforming_loan_limit_nc, loan_purpose_4",purchaser_type_0,0.002860171610296618,0.9862068965517241,1.5949340516544253
"debt_to_income_ratio_36, purchaser_type_3",derived_loan_product_type_conventional:first lien,0.002430145808748525,0.9959016393442625,1.5947759356317688
"debt_to_income_ratio_48, purchaser_type_3",derived_loan_product_type_conventional:first lien,0.002290137408244495,0.9956521739130436,1.594376456957608
"income_bracket_Medium, purchaser_type_6",loan_purpose_1,0.004780286817209032,0.7810457516339868,1.5942331725262586
"debt_to_income_ratio_47, purchaser_type_3",derived_loan_product_type_conventional:first lien,0.002240134408064484,0.9955555555555557,1.5942217382330126
"loan_purpose_31, loan_term_bin_(360.0, 674.0]",purchaser_type_0,0.002760165609936596,0.9857142857142858,1.5941373812989537
"loan_size_Large, total_units_5-24",derived_loan_product_type_conventional:first lien,0.0022101326079564773,0.9954954954954954,1.5941255617285337
"co_applicant_age_65-74, purchaser_type_1",derived_loan_product_type_conventional:first lien,0.004360261615696942,0.9954337899543378,1.5940267502513301
"interest_rate_bin_(3.99, 5.375], purchaser_type_8",loan_purpose_1,0.0022101326079564773,0.7809187279151942,1.5939738977964837
"applicant_age_65-74, purchaser_type_1",derived_loan_product_type_conventional:first lien,0.00856051363081785,0.9953488372093025,1.5938907121245753
"applicant_age_missing, purchaser_type_1",derived_loan_product_type_conventional:first lien,0.012210732643958638,0.9951100244498778,1.5935082919870778
"interest_rate_bin_(5.375, 15.25], purchaser_type_1",derived_loan_product_type_conventional:first lien,0.028401704102246135,0.9950946040644709,1.5934835987256213
"occupancy_type_3, purchaser_type_1",derived_loan_product_type_conventional:first lien,0.008110486629197751,0.9950920245398772,1.593479468032805
"debt_to_income_ratio_>60%, derived_sex_female",purchaser_type_0,0.012480748844930696,0.9850039463299133,1.5929885914493507
"debt_to_income_ratio_42, purchaser_type_1",derived_loan_product_type_conventional:first lien,0.003800228013680821,0.9947643979057592,1.5929548267918212
"purchaser_type_2, state_code_il",loan_purpose_1,0.00199011940716443,0.7803921568627452,1.592899086189417
"conforming_loan_limit_nc, loan_purpose_2",purchaser_type_0,0.0019601176070564233,0.9849246231155777,1.5928603067090261
"applicant_age_25-34, state_code_il",loan_purpose_1,0.004610276616596996,0.7800338409475465,1.5921677089083053
"loan_purpose_1, total_units_5-24",purchaser_type_0,0.0012700762045722742,0.9844961240310076,1.5921673204974378
"derived_race_black or african american, purchaser_type_1",derived_loan_product_type_conventional:first lien,0.005170310218613117,0.9942307692307694,1.5921003064899997
"loan_size_Small, purchaser_type_1",derived_loan_product_type_conventional:first lien,0.019871192271536293,0.9939969984992496,1.5917259603474145
"loan_term_bin_(360.0, 674.0], state_code_pa",purchaser_type_0,0.001240074404464268,0.9841269841269842,1.5915703323757668
"loan_term_bin_(0.999, 300.0], purchaser_type_1",derived_loan_product_type_conventional:first lien,0.016150969058143488,0.9938461538461537,1.5914844069517053
"applicant_age_25-34, derived_loan_product_type_conventional:first lien",loan_purpose_1,0.08827529651779106,0.7794948781349347,1.591067603834017
"loan_purpose_2, state_code_ny",purchaser_type_0,0.004220253215192911,0.9836829836829838,1.5908522767329174
"derived_ethnicity_joint, loan_purpose_2",purchaser_type_0,0.0024101446086765206,0.9836734693877551,1.5908368898262848
"combined_loan_to_value_ratio_bin_(82.976, 27777.78], conforming_loan_limit_nc",loan_purpose_1,0.004800288017281037,0.7792207792207793,1.5905081262610505
"purchaser_type_6, state_code_fl",loan_purpose_1,0.002010120607236434,0.7790697674418604,1.590199888252085
"applicant_age_<25, interest_rate_bin_missing",purchaser_type_0,0.009930595835750145,0.9831683168316832,1.5900199364914658
"occupancy_type_3, preapproval_1",derived_loan_product_type_conventional:first lien,0.0014000840050403024,0.9929078014184397,1.5899817868015413
"combined_loan_to_value_ratio_bin_(82.976, 27777.78], reverse_mortgage_2",loan_purpose_1,0.16999019941196472,0.7787245739417262,1.5894952958159787
"applicant_age_25-34, debt_to_income_ratio_49",loan_purpose_1,0.0038702322139328358,0.7786720321931588,1.589388050115796
"combined_loan_to_value_ratio_bin_(82.976, 27777.78]",loan_purpose_1,0.16999019941196472,0.778653229500687,1.5893496709606585
"combined_loan_to_value_ratio_bin_(82.976, 27777.78], total_units_1",loan_purpose_1,0.16705002300138008,0.778596066001678,1.5892329915648775
"co_applicant_age_55-64, loan_term_bin_(360.0, 674.0]",purchaser_type_0,0.0017001020061203672,0.9826589595375722,1.589196183082646
"combined_loan_to_value_ratio_bin_(68.474, 82.976], debt_to_income_ratio_>60%",purchaser_type_0,0.010720643238594316,0.9825847846012833,1.5890762243477394
"combined_loan_to_value_ratio_bin_missing, conforming_loan_limit_missing",derived_loan_product_type_conventional:first lien,0.0012900774046442787,0.9923076923076924,1.5890208087985298
"combined_loan_to_value_ratio_bin_(82.976, 27777.78], conforming_loan_limit_c",loan_purpose_1,0.16497989879392763,0.7784908687650417,1.5890182680048905
"debt_to_income_ratio_20%-<30%, loan_term_bin_(360.0, 674.0]",purchaser_type_0,0.002250135008100486,0.9825327510917029,1.5889920736319545
"co_applicant_age_<25, interest_rate_bin_missing",purchaser_type_0,0.003930235814148849,0.9825,1.5889391072295005
"combined_loan_to_value_ratio_bin_missing, derived_dwelling_category_multifamily:site-built",derived_loan_product_type_conventional:first lien,0.0012600756045362722,0.9921259842519686,1.5887298326387058
"debt_to_income_ratio_>60%, state_code_ga",purchaser_type_0,0.0016600996059763587,0.9822485207100593,1.5885324046560194
"conforming_loan_limit_nc, purchaser_type_6",derived_loan_product_type_conventional:first lien,0.002480148808928536,0.9920000000000001,1.5885280891678946
"debt_to_income_ratio_>60%, loan_term_bin_missing",purchaser_type_0,0.0011000660039602375,0.982142857142857,1.5883615212217832
"purchaser_type_1, total_units_2",derived_loan_product_type_conventional:first lien,0.0012100726043562614,0.9918032786885247,1.5882130716991276
"debt_to_income_ratio_exempt, state_code_pa",purchaser_type_0,0.0010800648038882333,0.9818181818181818,1.5878364430329497
"combined_loan_to_value_ratio_bin_(82.976, 27777.78], occupancy_type_1",loan_purpose_1,0.1648798927935676,0.7779088421251298,1.5878302631092742
"co_applicant_age_45-54, derived_dwelling_category_single family (1-4 units):manufactured",loan_purpose_1,0.0020301218073084386,0.7777777777777778,1.5875627408420485
"co_applicant_age_45-54, construction_method_2",loan_purpose_1,0.0020301218073084386,0.7777777777777778,1.5875627408420485
"combined_loan_to_value_ratio_bin_(82.976, 27777.78], derived_race_american indian or alaska native",loan_purpose_1,0.0012600756045362722,0.7777777777777778,1.5875627408420485
"occupancy_type_2, preapproval_1",derived_loan_product_type_conventional:first lien,0.0011400684041042463,0.9913043478260871,1.5874141143508063
"construction_method_2, occupancy_type_3",derived_loan_product_type_conventional:first lien,0.001120067204032242,0.9911504424778762,1.5871676597452558
"reverse_mortgage_1111, state_code_pa",purchaser_type_0,0.0010500630037802267,0.9813084112149532,1.5870120212037528
"debt_to_income_ratio_>60%, state_code_pa",purchaser_type_0,0.001560093605616337,0.9811320754716982,1.5867268438414524
"applicant_age_<25, purchaser_type_3",derived_loan_product_type_conventional:first lien,0.00213012780766846,0.9906976744186048,1.586442624684741
"co_applicant_age_>74, purchaser_type_1",derived_loan_product_type_conventional:first lien,0.001060063603816229,0.9906542056074765,1.5863730163909102
"co_applicant_age_25-34, debt_to_income_ratio_40",loan_purpose_1,0.001430085805148309,0.7771739130434783,1.586330161074314
"applicant_age_25-34, loan_type_3",loan_purpose_1,0.01088065283917035,0.7771428571428571,1.5862667712576877
"applicant_age_25-34, derived_loan_product_type_va:first lien",loan_purpose_1,0.01088065283917035,0.7771428571428571,1.5862667712576877
"derived_race_race not available, loan_purpose_5",co_applicant_age_missing,0.0039902394143648615,1.0,1.5860482822066428
"derived_loan_product_type_fsa/rhs:first lien, interest_rate_bin_missing",purchaser_type_0,0.0015200912054723283,0.9806451612903225,1.5859393863507119
"derived_loan_product_type_conventional:subordinate lien, loan_purpose_31",purchaser_type_0,0.014620877252635158,0.9805499664654594,1.5857854333939376
"lien_status_2, loan_purpose_31",purchaser_type_0,0.014620877252635158,0.9805499664654594,1.5857854333939376
"derived_dwelling_category_single family (1-4 units):manufactured, occupancy_type_3",derived_loan_product_type_conventional:first lien,0.001000060003600216,0.99009900990099,1.5854839599647619
"loan_purpose_2, state_code_nc",purchaser_type_0,0.0034102046122767367,0.9798850574712644,1.5847101154258714
"loan_term_bin_(360.0, 674.0], occupancy_type_1",purchaser_type_0,0.016030961857711464,0.9798288508557459,1.5846192157928103
"debt_to_income_ratio_50%-60%, lien_status_2",purchaser_type_0,0.012620757245434726,0.9798136645962733,1.5845946559540638
"loan_purpose_1, occupancy_type_3",derived_loan_product_type_conventional:first lien,0.03973238394303658,0.9895392278953923,1.5845875593199001
"debt_to_income_ratio_50%-60%, derived_loan_product_type_conventional:subordinate lien",purchaser_type_0,0.012600756045362722,0.9797822706065319,1.5845438843123008
"co_applicant_age_65-74, derived_loan_product_type_conventional:subordinate lien",purchaser_type_0,0.006270376222573354,0.9796874999999999,1.5843906174187288
"co_applicant_age_65-74, lien_status_2",purchaser_type_0,0.006270376222573354,0.9796874999999999,1.5843906174187288
"occupancy_type_1, purchaser_type_6",loan_purpose_1,0.01861111666700002,0.7760633861551293,1.5840634067891977
"occupancy_type_3, state_code_ny",derived_loan_product_type_conventional:first lien,0.00273016380982859,0.9891304347826088,1.5839329430474052
"combined_loan_to_value_ratio_bin_missing, purchaser_type_2",loan_purpose_1,0.025041502490149407,0.7759528974279516,1.5838378824922044
"derived_loan_product_type_conventional:subordinate lien, total_units_2",purchaser_type_0,0.002370142208532512,0.9793388429752066,1.5838267550454928
"combined_loan_to_value_ratio_bin_(82.976, 27777.78], derived_race_white",loan_purpose_1,0.10761645698741924,0.7753999135322093,1.5827091582547048
"purchaser_type_71, state_code_il",loan_purpose_1,0.0010700642038522312,0.7753623188405798,1.5826324217711107
"co_applicant_age_missing, combined_loan_to_value_ratio_bin_(82.976, 27777.78]",loan_purpose_1,0.1000160009600576,0.7753314210403907,1.5825693546615123
"occupancy_type_3, purchaser_type_9",derived_loan_product_type_conventional:first lien,0.0016701002060123607,0.9881656804733728,1.5823880445399787
"occupancy_type_3, state_code_tx",derived_loan_product_type_conventional:first lien,0.006640398423905435,0.9880952380952381,1.5822752424267381
"debt_to_income_ratio_missing, loan_purpose_5",co_applicant_age_missing,0.003940236414184851,0.9974683544303797,1.5820329700997904
"loan_term_bin_(360.0, 674.0], state_code_other",purchaser_type_0,0.007170430225813549,0.9781718963165075,1.581939521272406
"applicant_age_35-44, purchaser_type_8",loan_purpose_1,0.001240074404464268,0.775,1.5818928739104698
"derived_loan_product_type_conventional:subordinate lien, state_code_pa",purchaser_type_0,0.007600456027361642,0.9781209781209782,1.5818571742880334
"lien_status_2, state_code_pa",purchaser_type_0,0.007600456027361642,0.9781209781209782,1.5818571742880334
"loan_type_2, total_units_2",loan_purpose_1,0.0023401404084245053,0.7748344370860926,1.5815549348218323
"derived_loan_product_type_fha:first lien, total_units_2",loan_purpose_1,0.0023401404084245053,0.7748344370860926,1.5815549348218323
"loan_purpose_2, state_code_oh",purchaser_type_0,0.003960237614256856,0.9777777777777777,1.5813021366830198
"interest_rate_bin_missing, reverse_mortgage_1",purchaser_type_0,0.0021901314078844733,0.9776785714285714,1.5811416961253206
"combined_loan_to_value_ratio_bin_(82.976, 27777.78], income_bracket_High",loan_purpose_1,0.044432665959957596,0.774581589958159,1.5810388353768428
"purchaser_type_6, state_code_other",loan_purpose_1,0.0097205832349941,0.7745019920318725,1.5808763639028163
"debt_to_income_ratio_>60%, state_code_nc",purchaser_type_0,0.0013000780046802808,0.9774436090225563,1.5807617053307699
"applicant_age_45-54, debt_to_income_ratio_>60%",purchaser_type_0,0.009090545432725963,0.9774193548387096,1.580722480474558
"occupancy_type_3, total_units_4",derived_loan_product_type_conventional:first lien,0.0023001380082804967,0.9871244635193132,1.5807207034326787
"loan_purpose_5, loan_term_bin_(300.0, 360.0]",co_applicant_age_missing,0.0028801728103686223,0.9965397923875434,1.5805602258668277
"applicant_age_35-44, loan_term_bin_(360.0, 674.0]",purchaser_type_0,0.004280256815408925,0.9771689497716894,1.5803175151782358
"derived_race_black or african american, loan_term_bin_(360.0, 674.0]",purchaser_type_0,0.0012800768046082765,0.9770992366412213,1.5802047722578407
"applicant_age_missing, occupancy_type_2",derived_loan_product_type_conventional:first lien,0.0014800888053283197,0.9866666666666667,1.5799876155702175
"loan_purpose_1, occupancy_type_2",derived_loan_product_type_conventional:first lien,0.01626097565853951,0.9866504854368932,1.5799617039391565
"loan_purpose_5, loan_type_2",co_applicant_age_missing,0.0025201512090725444,0.9960474308300394,1.579779316664324
"derived_loan_product_type_fha:first lien, loan_purpose_5",co_applicant_age_missing,0.002510150609036542,0.996031746031746,1.5797544398169339
"debt_to_income_ratio_47, loan_type_2",loan_purpose_1,0.0020201212072724363,0.7739463601532567,1.579742234729526
"debt_to_income_ratio_47, derived_loan_product_type_fha:first lien",loan_purpose_1,0.0020201212072724363,0.7739463601532567,1.579742234729526
"derived_loan_product_type_conventional:subordinate lien, loan_size_Large",purchaser_type_0,0.007530451827109627,0.9766536964980544,1.5794842265506464
"combined_loan_to_value_ratio_bin_(82.976, 27777.78], derived_dwelling_category_single family (1-4 units):site-built",loan_purpose_1,0.16326979618777127,0.7737807479027442,1.5794041949373738
"combined_loan_to_value_ratio_bin_(82.976, 27777.78], construction_method_1",loan_purpose_1,0.16327979678780727,0.7737181309828451,1.5792763842801163
"derived_race_asian, purchaser_type_71",loan_purpose_1,0.0024601476088565314,0.7735849056603774,1.5790044511340051
"debt_to_income_ratio_48, loan_type_2",loan_purpose_1,0.0022201332079924796,0.7735191637630662,1.578870261922555
"debt_to_income_ratio_48, derived_loan_product_type_fha:first lien",loan_purpose_1,0.0022201332079924796,0.7735191637630662,1.578870261922555
"purchaser_type_6, reverse_mortgage_2",loan_purpose_1,0.020591235474128448,0.7734785875281743,1.5787874396556834
"purchaser_type_6, total_units_1",loan_purpose_1,0.020351221073264397,0.773470163435956,1.5787702448022003
"applicant_age_missing, interest_rate_bin_(5.375, 15.25]",loan_purpose_1,0.025861551693101587,0.7733253588516746,1.5784746766215754
"applicant_age_>74, derived_loan_product_type_conventional:subordinate lien",purchaser_type_0,0.0040702442146528794,0.9760191846522782,1.5784580680918634
"applicant_age_>74, lien_status_2",purchaser_type_0,0.0040702442146528794,0.9760191846522782,1.5784580680918634
"derived_loan_product_type_conventional:subordinate lien, occupancy_type_2",purchaser_type_0,0.0020201212072724363,0.9758454106280193,1.578177033646097
"lien_status_2, occupancy_type_2",purchaser_type_0,0.0020201212072724363,0.9758454106280193,1.578177033646097
"combined_loan_to_value_ratio_bin_missing, loan_purpose_5",co_applicant_age_missing,0.003930235814148849,0.9949367088607595,1.5780176579929381
"loan_purpose_5, occupancy_type_1",co_applicant_age_missing,0.003820229213752825,0.9947916666666666,1.5777876140701497
"lien_status_2, loan_size_Large",purchaser_type_0,0.007530451827109627,0.9753886010362695,1.577438262526617
"loan_purpose_5, state_code_other",co_applicant_age_missing,0.0018301098065883954,0.9945652173913044,1.5774284545859547
"loan_size_Large, occupancy_type_3",derived_loan_product_type_conventional:first lien,0.02369142148528912,0.985031185031185,1.5773686553713457
"lien_status_2, total_units_2",purchaser_type_0,0.002370142208532512,0.9753086419753086,1.5773089494691739
"lien_status_2, state_code_oh",purchaser_type_0,0.006700402024121447,0.975254730713246,1.5772217619754216
"derived_loan_product_type_conventional:subordinate lien, state_code_oh",purchaser_type_0,0.006690401424085445,0.9752186588921283,1.5771634251538005
"income_bracket_Very High, loan_term_bin_(360.0, 674.0]",purchaser_type_0,0.005500330019801188,0.9751773049645389,1.5770965458939692
"interest_rate_bin_(5.375, 15.25], purchaser_type_1",loan_purpose_1,0.022051323079384764,0.7725998598458305,1.5769938228056088
"debt_to_income_ratio_>60%, derived_race_asian",purchaser_type_0,0.0027401644098645917,0.9750889679715302,1.5769536837028173
"co_applicant_age_missing, total_units_5-24",derived_loan_product_type_conventional:first lien,0.0025801548092885575,0.984732824427481,1.576890878960373
"co_applicant_age_55-64, debt_to_income_ratio_>60%",purchaser_type_0,0.00273016380982859,0.9750000000000001,1.5768098010674432
"derived_race_race not available, purchaser_type_9",loan_purpose_1,0.002240134408064484,0.7724137931034484,1.5766140322845172
"loan_purpose_2, total_units_2",purchaser_type_0,0.0015500930055803348,0.9748427672955975,1.5765555179193915
"loan_purpose_1, total_units_5-24",derived_loan_product_type_conventional:first lien,0.0012700762045722742,0.9844961240310076,1.576511841431628
"conforming_loan_limit_missing, interest_rate_bin_missing",derived_loan_product_type_conventional:first lien,0.0012700762045722742,0.9844961240310076,1.576511841431628
"debt_to_income_ratio_>60%, state_code_other",purchaser_type_0,0.01894113646818809,0.9747812660833761,1.5764560556484088
"applicant_age_missing, interest_rate_bin_missing",purchaser_type_0,0.007710462627757666,0.974715549936789,1.5763497768135093
"occupancy_type_3, state_code_oh",derived_loan_product_type_conventional:first lien,0.00250015000900054,0.984251968503937,1.5761208657130017
"derived_dwelling_category_multifamily:site-built, interest_rate_bin_missing",derived_loan_product_type_conventional:first lien,0.00125007500450027,0.984251968503937,1.5761208657130017
"applicant_age_65-74, derived_loan_product_type_conventional:subordinate lien",purchaser_type_0,0.014080844850691042,0.9743944636678201,1.5758305029920752
"lien_status_2, loan_purpose_2",purchaser_type_0,0.06912414744884693,0.9742071881606764,1.5755276333970352
"applicant_age_55-64, debt_to_income_ratio_>60%",purchaser_type_0,0.007930475828549713,0.9742014742014741,1.5755183925489602
"derived_loan_product_type_conventional:subordinate lien, loan_purpose_2",purchaser_type_0,0.06902414144848691,0.9741707833450953,1.5754687580431743
"co_applicant_age_35-44, loan_purpose_2",purchaser_type_0,0.01051063063783827,0.9740500463392029,1.5752734972285665
"loan_purpose_5, loan_size_Small",co_applicant_age_missing,0.002860171610296618,0.9930555555555555,1.575034058024652
"derived_loan_product_type_fsa/rhs:first lien, income_bracket_Medium",state_code_other,0.0014000840050403024,0.7692307692307693,1.574971570057364
"interest_rate_bin_(5.375, 15.25], loan_purpose_5",co_applicant_age_missing,0.0014000840050403024,0.9929078014184397,1.5747997128292908
"co_applicant_age_55-64, lien_status_2",purchaser_type_0,0.012600756045362722,0.973724884080371,1.5747476315499371
"applicant_age_65-74, lien_status_2",purchaser_type_0,0.014080844850691042,0.9737206085753803,1.5747407170287335
"derived_ethnicity_not hispanic or latino, purchaser_type_6",loan_purpose_1,0.014280856851411085,0.7714748784440844,1.5746975646601844
"co_applicant_age_55-64, derived_loan_product_type_conventional:subordinate lien",purchaser_type_0,0.012580754845290717,0.9736842105263158,1.5746818526179593
"derived_dwelling_category_single family (1-4 units):site-built, purchaser_type_6",loan_purpose_1,0.020721243274596474,0.7714072970960536,1.5745596208500436
"loan_size_Medium, purchaser_type_6",loan_purpose_1,0.0070504230253815225,0.7713347921225382,1.574411627171428
"debt_to_income_ratio_>60%, derived_race_race not available",purchaser_type_0,0.008080484829089745,0.9734939759036144,1.5743741974204435
"construction_method_1, purchaser_type_6",loan_purpose_1,0.020731243874632477,0.7712053571428571,1.574147430691438
"debt_to_income_ratio_>60%, loan_size_Medium",purchaser_type_0,0.010590635438126288,0.9733455882352942,1.574134218825813
"co_applicant_age_missing, debt_to_income_ratio_>60%",purchaser_type_0,0.028351701102066123,0.9732234809474768,1.573936741935339
"applicant_age_missing, reverse_mortgage_1111",purchaser_type_0,0.0032601956117367043,0.973134328358209,1.573792560728623
"derived_sex_female, loan_term_bin_(360.0, 674.0]",purchaser_type_0,0.002890173410404624,0.973063973063973,1.5736787792747682
"applicant_age_missing, debt_to_income_ratio_exempt",purchaser_type_0,0.003250195011700702,0.9730538922155689,1.5736624761152127
"applicant_age_25-34, loan_term_bin_(300.0, 360.0]",loan_purpose_1,0.11036662199731984,0.7709395738735593,1.5736049266143968
"applicant_age_25-34, debt_to_income_ratio_43",loan_purpose_1,0.0038702322139328358,0.7709163346613546,1.5735574918477104
"lien_status_1, loan_purpose_5",co_applicant_age_missing,0.0037602256135368124,0.9920844327176781,1.573493810315825
"co_applicant_age_65-74, loan_purpose_2",purchaser_type_0,0.003950237014220853,0.9729064039408867,1.5734239520566882
"purchaser_type_1, state_code_az",derived_loan_product_type_conventional:first lien,0.003930235814148849,0.9825,1.5733153705720324
total_units_5-24,derived_loan_product_type_conventional:first lien,0.0028001680100806048,0.9824561403508771,1.5732451364141566
"conforming_loan_limit_missing, total_units_5-24",derived_loan_product_type_conventional:first lien,0.0028001680100806048,0.9824561403508771,1.5732451364141566
"occupancy_type_3, total_units_5-24",derived_loan_product_type_conventional:first lien,0.0028001680100806048,0.9824561403508771,1.5732451364141566
"loan_purpose_5, purchaser_type_0",co_applicant_age_missing,0.003680220813248795,0.9919137466307277,1.5732230939408207
"preapproval_2, total_units_5-24",derived_loan_product_type_conventional:first lien,0.0027901674100446025,0.9823943661971831,1.5731462150650362
"derived_ethnicity_not hispanic or latino, loan_term_bin_(360.0, 674.0]",purchaser_type_0,0.01213072784367062,0.9727345629510826,1.5731460437931517
"derived_dwelling_category_multifamily:site-built, total_units_5-24",derived_loan_product_type_conventional:first lien,0.0027401644098645917,0.9820788530465949,1.5726409716152265
"construction_method_1, total_units_5-24",derived_loan_product_type_conventional:first lien,0.0027401644098645917,0.9820788530465949,1.5726409716152265
"state_code_other, total_units_5-24",purchaser_type_0,0.0014100846050763046,0.9724137931034483,1.5726272817012166
purchaser_type_6,loan_purpose_1,0.020831249874992498,0.7703402366863905,1.5723815882589751
"derived_race_asian, loan_purpose_2",purchaser_type_0,0.004550273016380983,0.9722222222222223,1.5723174654518666
"interest_rate_bin_(3.99, 5.375], purchaser_type_71",loan_purpose_1,0.014110846650799048,0.7701965065502183,1.5720882131903597
"derived_sex_female, reverse_mortgage_1",co_applicant_age_missing,0.002230133808028482,0.9911111111111113,1.571950075253695
"interest_rate_bin_(5.375, 15.25], occupancy_type_2",loan_purpose_1,0.0034502070124207453,0.7700892857142857,1.5718693591564288
"purchaser_type_0, total_units_5-24",derived_loan_product_type_conventional:first lien,0.0026601596095765746,0.981549815498155,1.5717938032624832
"loan_size_Medium, loan_term_bin_(360.0, 674.0]",purchaser_type_0,0.0034502070124207453,0.971830985915493,1.5716847421257287
"income_bracket_Medium, loan_type_4",state_code_other,0.0014200852051123067,0.7675675675675675,1.5715662261221046
"occupancy_type_3, total_units_3",derived_loan_product_type_conventional:first lien,0.0021101266075964557,0.9813953488372094,1.5715464498050717
"derived_sex_male, loan_term_bin_(360.0, 674.0]",purchaser_type_0,0.005480328819729183,0.9716312056737588,1.5713616493634457
"income_bracket_Very High, purchaser_type_6",loan_purpose_1,0.0065203912234734086,0.7697756788665879,1.5712292398821286
"debt_to_income_ratio_>60%, occupancy_type_1",purchaser_type_0,0.037902274136448186,0.9715457574980774,1.5712234590856018
"conforming_loan_limit_nc, purchaser_type_71",loan_purpose_1,0.0012700762045722742,0.7696969696969697,1.5710685824956376
"loan_purpose_4, state_code_ny",purchaser_type_0,0.003050183010980659,0.9713375796178344,1.570886785319517
"combined_loan_to_value_ratio_bin_missing, loan_purpose_2",purchaser_type_0,0.016821009260555634,0.9711316397228638,1.570553730914573
"debt_to_income_ratio_30%-<36%, loan_term_bin_(360.0, 674.0]",purchaser_type_0,0.001680100806048363,0.9710982658959537,1.5704997573993207
loan_purpose_5,co_applicant_age_missing,0.004020241214472868,0.9901477832512314,1.570422190756331
"co_applicant_age_35-44, loan_term_bin_(360.0, 674.0]",purchaser_type_0,0.002010120607236434,0.9710144927536232,1.5703642760537895
"loan_purpose_5, reverse_mortgage_2",co_applicant_age_missing,0.003950237014220853,0.9899749373433585,1.5701480488010626
"conforming_loan_limit_c, loan_purpose_5",co_applicant_age_missing,0.003930235814148849,0.9899244332493702,1.570067946869548
"loan_purpose_5, total_units_1",co_applicant_age_missing,0.003930235814148849,0.9899244332493702,1.570067946869548
"derived_race_race not available, total_units_5-24",derived_loan_product_type_conventional:first lien,0.002510150609036542,0.98046875,1.5700626511354172
"applicant_age_65-74, loan_term_bin_(360.0, 674.0]",purchaser_type_0,0.00199011940716443,0.9707317073170734,1.569906943902045
"conforming_loan_limit_c, debt_to_income_ratio_>60%",purchaser_type_0,0.03879232753965238,0.9707207207207207,1.569889175929933
"applicant_age_>74, debt_to_income_ratio_>60%",purchaser_type_0,0.002320139208352501,0.9707112970711298,1.569873935619126
"co_applicant_age_25-34, loan_purpose_2",purchaser_type_0,0.0043002580154809286,0.9706546275395034,1.5697822873392384
"construction_method_1, loan_purpose_5",co_applicant_age_missing,0.003820229213752825,0.9896373056994818,1.5696125487122734
"co_applicant_age_45-54, loan_purpose_2",purchaser_type_0,0.00889053343200592,0.9705240174672487,1.569571059398675
"debt_to_income_ratio_49, loan_type_2",loan_purpose_1,0.0020301218073084386,0.768939393939394,1.5695222551506618
"debt_to_income_ratio_49, derived_loan_product_type_fha:first lien",loan_purpose_1,0.0020301218073084386,0.768939393939394,1.5695222551506618
"combined_loan_to_value_ratio_bin_(82.976, 27777.78], loan_purpose_2",purchaser_type_0,0.013150789047342841,0.9704797047970479,1.5694993951395118
"lien_status_1, purchaser_type_8",loan_purpose_1,0.0052903174190451424,0.7688953488372092,1.5694323523980465
"derived_dwelling_category_single family (1-4 units):site-built, loan_purpose_5",co_applicant_age_missing,0.0037602256135368124,0.9894736842105263,1.5693530371307833
"income_bracket_Low, occupancy_type_3",derived_loan_product_type_conventional:first lien,0.008330499829989799,0.9799999999999999,1.5693120235731213
"loan_term_bin_missing, state_code_nc",purchaser_type_0,0.0022801368082084926,0.9702127659574469,1.5690676907512364
"applicant_age_missing, total_units_5-24",derived_loan_product_type_conventional:first lien,0.002430145808748525,0.9798387096774194,1.5690537431215787
"debt_to_income_ratio_exempt, loan_purpose_2",purchaser_type_0,0.0019501170070204213,0.9701492537313433,1.5689649761865105
"derived_race_asian, purchaser_type_3",loan_purpose_1,0.004080244814688882,0.768361581920904,1.5683428529383918
"co_applicant_age_missing, loan_term_bin_(360.0, 674.0]",purchaser_type_0,0.009280556833410005,0.9696969696969697,1.5682335239831602
"state_code_other, total_units_5-24",derived_loan_product_type_conventional:first lien,0.0014200852051123067,0.9793103448275862,1.5682076519872148
"loan_purpose_32, occupancy_type_3",derived_loan_product_type_conventional:first lien,0.015560933656019361,0.9792322215229705,1.5680825501083837
"conforming_loan_limit_missing, loan_purpose_31",derived_loan_product_type_conventional:first lien,0.0014100846050763046,0.9791666666666666,1.5679775745734843
"derived_race_race not available, purchaser_type_2",loan_purpose_1,0.027431645898753926,0.7681321758611034,1.5678746002787396
"combined_loan_to_value_ratio_bin_(82.976, 27777.78], derived_ethnicity_not hispanic or latino",loan_purpose_1,0.11518691121467288,0.7681227075691897,1.5678552740548604
"loan_term_bin_(360.0, 674.0], total_units_1",purchaser_type_0,0.016470988259295556,0.9693937610359034,1.5677431625590188
"debt_to_income_ratio_>60%, derived_race_white",purchaser_type_0,0.023091385483128987,0.9693534844668346,1.5676780256473664
"loan_term_bin_(360.0, 674.0], loan_type_1",purchaser_type_0,0.016120967258035482,0.9693325315694528,1.5676441397663896
"debt_to_income_ratio_>60%, reverse_mortgage_2",purchaser_type_0,0.04071244274656479,0.9692857142857142,1.5675684249439708
"applicant_age_missing, combined_loan_to_value_ratio_bin_(68.474, 82.976]",derived_loan_product_type_conventional:first lien,0.005570334220053203,0.9789103690685412,1.567567155285371
"derived_race_white, loan_term_bin_(360.0, 674.0]",purchaser_type_0,0.011040662439746385,0.9692712906057945,1.567545098380007
"loan_size_Large, occupancy_type_2",derived_loan_product_type_conventional:first lien,0.0115706942416545,0.978849407783418,1.5674695356142319
"debt_to_income_ratio_>60%, preapproval_2",purchaser_type_0,0.03963237794267656,0.9691856199559794,1.5674065483079123
"debt_to_income_ratio_>60%, total_units_1",purchaser_type_0,0.03929235754145249,0.969166255550074,1.5673752314001959
"combined_loan_to_value_ratio_bin_(0.129, 68.474], derived_loan_product_type_conventional:subordinate lien",purchaser_type_0,0.05088305298317899,0.9691428571428571,1.567337390540884
"combined_loan_to_value_ratio_bin_(0.129, 68.474], lien_status_2",purchaser_type_0,0.05088305298317899,0.9691428571428571,1.567337390540884
"applicant_age_45-54, purchaser_type_9",loan_purpose_1,0.0021501290077404643,0.7678571428571428,1.56731321608641
"derived_race_joint, loan_purpose_2",purchaser_type_0,0.0018801128067684062,0.9690721649484537,1.5672230642383258
"conforming_loan_limit_missing, interest_rate_bin_missing",purchaser_type_0,0.00125007500450027,0.9689922480620154,1.5670938193872421
"co_applicant_age_25-34, debt_to_income_ratio_46",loan_purpose_1,0.0011900714042842571,0.767741935483871,1.5670780603150545
"income_bracket_High, loan_term_bin_(360.0, 674.0]",purchaser_type_0,0.004370262215732944,0.9689578713968959,1.5670382240411
"derived_dwelling_category_multifamily:site-built, loan_purpose_31",derived_loan_product_type_conventional:first lien,0.0013700822049322959,0.9785714285714285,1.5670243967166009
"reverse_mortgage_2, total_units_5-24",derived_loan_product_type_conventional:first lien,0.0022801368082084926,0.9785407725321889,1.5669753060115252
debt_to_income_ratio_>60%,purchaser_type_0,0.040762445746744806,0.9688614214404564,1.5668822412343038
"debt_to_income_ratio_>60%, derived_ethnicity_hispanic or latino",purchaser_type_0,0.006510390623437406,0.96875,1.5667020459323955
"debt_to_income_ratio_missing, total_units_5-24",derived_loan_product_type_conventional:first lien,0.002260135608136488,0.9783549783549783,1.5666777865868249
"co_applicant_age_25-34, state_code_ny",loan_purpose_1,0.001980118807128428,0.7674418604651163,1.5664655615617555
"applicant_age_45-54, loan_term_bin_(360.0, 674.0]",purchaser_type_0,0.004010240614436866,0.9685990338164251,1.5664578972576357
"applicant_age_missing, occupancy_type_3",derived_loan_product_type_conventional:first lien,0.02014120847250835,0.9781447304516755,1.5663411084617391
"derived_ethnicity_not hispanic or latino, derived_loan_product_type_fsa/rhs:first lien",state_code_other,0.002930175810548633,0.7650130548302873,1.566335955704569
"derived_dwelling_category_multifamily:site-built, interest_rate_bin_missing",purchaser_type_0,0.0012300738044282657,0.9685039370078741,1.5663041028168425
"purchaser_type_71, state_code_fl",loan_purpose_1,0.0034302058123487408,0.7673378076062639,1.56625317385088
"lien_status_2, loan_size_Medium",purchaser_type_0,0.020541232473948436,0.9684111268269683,1.5661540064036208
"derived_race_race not available, reverse_mortgage_1111",purchaser_type_0,0.004290257415444926,0.9683972911963882,1.5661316308570539
"derived_loan_product_type_conventional:subordinate lien, loan_size_Medium",purchaser_type_0,0.020531231873912436,0.9683962264150944,1.5661299088492795
"conforming_loan_limit_c, loan_term_bin_(360.0, 674.0]",purchaser_type_0,0.015320919255155309,0.9683944374209862,1.5661270156149782
"interest_rate_bin_(3.99, 5.375], loan_purpose_5",co_applicant_age_missing,0.001570094205652339,0.9874213836477987,1.5660979893486975
"debt_to_income_ratio_>60%, derived_ethnicity_not hispanic or latino",purchaser_type_0,0.026321579294757685,0.9683590875643855,1.5660698463838456
"applicant_age_55-64, lien_status_2",purchaser_type_0,0.029961797707862472,0.9683257918552036,1.5660159992037723
"applicant_age_55-64, derived_loan_product_type_conventional:subordinate lien",purchaser_type_0,0.029921795307718463,0.968284789644013,1.5659496887540585
"income_bracket_Low, preapproval_1",state_code_other,0.005300318019081145,0.7647907647907647,1.5658808250642477
"loan_term_bin_(360.0, 674.0], preapproval_2",purchaser_type_0,0.016650999059943595,0.9680232558139534,1.5655267255678549
"derived_race_joint, loan_purpose_4",purchaser_type_0,0.0012100726043562614,0.9680000000000001,1.5654891153161898
"co_applicant_age_55-64, debt_to_income_ratio_exempt",purchaser_type_0,0.0012100726043562614,0.9680000000000001,1.5654891153161898
"conforming_loan_limit_nc, derived_race_joint",loan_purpose_1,0.0010200612036722204,0.7669172932330828,1.5653948400569286
"derived_dwelling_category_single family (1-4 units):site-built, loan_term_bin_(360.0, 674.0]",purchaser_type_0,0.016210972658359503,0.9677611940298507,1.5651029085528207
"construction_method_1, loan_term_bin_(360.0, 674.0]",purchaser_type_0,0.016210972658359503,0.9677611940298507,1.5651029085528207
"co_applicant_age_25-34, income_bracket_Very High",loan_purpose_1,0.017901074064443866,0.7665952890792291,1.564737580603573
"debt_to_income_ratio_missing, loan_purpose_2",purchaser_type_0,0.01454087245234714,0.9673985362608117,1.5645164036044577
"derived_ethnicity_not hispanic or latino, loan_type_4",state_code_other,0.002980178810728644,0.7641025641025642,1.564471759590315
"loan_purpose_2, loan_term_bin_(0.999, 300.0]",purchaser_type_0,0.04238254295257715,0.9673590504451037,1.5644525455314202
"loan_term_bin_(300.0, 360.0], purchaser_type_71",loan_purpose_1,0.034652079124747485,0.7664233576642335,1.5643866424355952
"loan_term_bin_(360.0, 674.0]",purchaser_type_0,0.01685101106066364,0.9672789896670494,1.564323067972941
"loan_term_bin_(360.0, 674.0], reverse_mortgage_2",purchaser_type_0,0.01685101106066364,0.9672789896670494,1.564323067972941
"applicant_age_25-34, debt_to_income_ratio_45",loan_purpose_1,0.0032801968118087083,0.7663551401869158,1.5642474001888271
"applicant_age_35-44, debt_to_income_ratio_>60%",purchaser_type_0,0.009150549032941976,0.96723044397463,1.564244557897447
"combined_loan_to_value_ratio_bin_(82.976, 27777.78], state_code_other",loan_purpose_1,0.0874852491149469,0.7662929222144359,1.5641204038439305
"combined_loan_to_value_ratio_bin_missing, debt_to_income_ratio_>60%",purchaser_type_0,0.005300318019081145,0.9671532846715328,1.5641197727227116
"debt_to_income_ratio_>60%, income_bracket_Very High",purchaser_type_0,0.0026301578094685683,0.9669117647058824,1.5637291767750285
"occupancy_type_3, reverse_mortgage_1111",purchaser_type_0,0.004640278416705002,0.9666666666666668,1.563332794220713
"conforming_loan_limit_c, purchaser_type_6",loan_purpose_1,0.018781126867612057,0.765905383360522,1.5633293781002275
"interest_rate_bin_(5.375, 15.25], purchaser_type_3",loan_purpose_1,0.017471048262895774,0.7658921525646646,1.5633023720335397
"derived_race_black or african american, loan_purpose_2",purchaser_type_0,0.0063603816228973735,0.9665653495440729,1.5631689400341264
"applicant_age_missing, reverse_mortgage_1111",derived_loan_product_type_conventional:first lien,0.0032701962117727065,0.9761194029850747,1.5630978730076477
"debt_to_income_ratio_exempt, occupancy_type_3",purchaser_type_0,0.004610276616596996,0.9664570230607965,1.5629937500233106
"applicant_age_missing, debt_to_income_ratio_exempt",derived_loan_product_type_conventional:first lien,0.0032601956117367043,0.9760479041916168,1.5629833792155616
"debt_to_income_ratio_exempt, derived_race_race not available",purchaser_type_0,0.004310258615516931,0.9663677130044842,1.5628493141544622
"debt_to_income_ratio_<20%, loan_purpose_2",purchaser_type_0,0.0077404644278656716,0.9662921348314606,1.562727086047826
"debt_to_income_ratio_47, purchaser_type_71",loan_purpose_1,0.0011100666039962398,0.7655172413793103,1.5625371212819767
"applicant_age_35-44, loan_purpose_2",purchaser_type_0,0.023031381882912975,0.9660234899328859,1.5622926225513343
"applicant_age_missing, purchaser_type_1",loan_purpose_1,0.009390563433806029,0.7652811735941321,1.5620552710276112
"loan_purpose_2, loan_size_Small",purchaser_type_0,0.07244434666079964,0.9658666666666665,1.5620390015634265
"loan_purpose_2, reverse_mortgage_1111",purchaser_type_0,0.001980118807128428,0.9658536585365854,1.5620179642844465
"combined_loan_to_value_ratio_bin_(82.976, 27777.78], occupancy_type_3",loan_purpose_1,0.002510150609036542,0.7652439024390244,1.5619791949312665
"loan_purpose_4, state_code_pa",purchaser_type_0,0.00338020281216873,0.9657142857142856,1.5617925648668007
"debt_to_income_ratio_exempt, occupancy_type_3",derived_loan_product_type_conventional:first lien,0.004650279016741005,0.9748427672955975,1.5610535467451792
"applicant_age_35-44, purchaser_type_6",loan_purpose_1,0.00546032761965718,0.7647058823529412,1.5608810141052074
"derived_race_white, purchaser_type_6",loan_purpose_1,0.013580814848890933,0.7646396396396397,1.560745802652149
"debt_to_income_ratio_47, loan_purpose_2",purchaser_type_0,0.001380082804968298,0.965034965034965,1.560693939733241
"construction_method_1, debt_to_income_ratio_>60%",purchaser_type_0,0.035842150529031745,0.9649973074851912,1.5606330384065052
"debt_to_income_ratio_44, occupancy_type_3",derived_loan_product_type_conventional:first lien,0.0011500690041402483,0.9745762711864406,1.5606267961856533
"debt_to_income_ratio_>60%, derived_dwelling_category_single family (1-4 units):site-built",purchaser_type_0,0.03583214992899574,0.9649878804201455,1.5606177925720854
"conforming_loan_limit_missing, loan_purpose_1",derived_loan_product_type_conventional:first lien,0.0019101146068764125,0.9744897959183674,1.560488319983685
"debt_to_income_ratio_>60%, state_code_az",purchaser_type_0,0.0010900654039242355,0.9646017699115045,1.5599933588958594
"co_applicant_age_55-64, loan_purpose_2",purchaser_type_0,0.007290437426245575,0.9642857142857143,1.5594822208359327
"co_applicant_age_35-44, debt_to_income_ratio_>60%",purchaser_type_0,0.002690161409684581,0.96415770609319,1.5592752007614823
"debt_to_income_ratio_missing, occupancy_type_3",derived_loan_product_type_conventional:first lien,0.0351921115266916,0.9737133370226895,1.5592449462277689
"combined_loan_to_value_ratio_bin_(68.474, 82.976], derived_loan_product_type_conventional:subordinate lien",purchaser_type_0,0.04888293297597856,0.9641025641025641,1.5591860228832575
"derived_ethnicity_not hispanic or latino, loan_purpose_2",purchaser_type_0,0.06471388283296999,0.9640941597139453,1.5591724309629025
"combined_loan_to_value_ratio_bin_(68.474, 82.976], lien_status_2",purchaser_type_0,0.04888293297597856,0.963912443305068,1.55887855176851
"co_applicant_age_45-54, debt_to_income_ratio_>60%",purchaser_type_0,0.002670160209612577,0.9638989169675091,1.558856676423243
"loan_term_bin_(300.0, 360.0], occupancy_type_3",derived_loan_product_type_conventional:first lien,0.0458327499649979,0.9734494477485132,1.5588223700942416
"derived_dwelling_category_multifamily:site-built, loan_purpose_1",derived_loan_product_type_conventional:first lien,0.0018301098065883954,0.973404255319149,1.5587500017036542
"lien_status_2, loan_term_bin_missing",purchaser_type_0,0.008250495029701783,0.9637850467289719,1.5586725208251144
"derived_loan_product_type_conventional:subordinate lien, loan_term_bin_missing",purchaser_type_0,0.00824049442966578,0.9637426900584796,1.558604019888527
"loan_term_bin_missing, occupancy_type_3",purchaser_type_0,0.005050303018181091,0.9637404580152672,1.5586004101371282
"loan_term_bin_(360.0, 674.0], state_code_tx",purchaser_type_0,0.001320079204752285,0.9635036496350365,1.5582174339577204
"debt_to_income_ratio_46, purchaser_type_71",loan_purpose_1,0.0012900774046442787,0.7633136094674557,1.5580391733876742
"occupancy_type_3, reverse_mortgage_1111",derived_loan_product_type_conventional:first lien,0.004670280216813009,0.9729166666666668,1.557969207076207
"co_applicant_age_45-54, lien_status_2",purchaser_type_0,0.017331039862391744,0.9633129516397999,1.557909029375225
"applicant_age_65-74, loan_purpose_2",purchaser_type_0,0.009710582634958097,0.9632936507936507,1.557877815258941
"co_applicant_age_45-54, derived_loan_product_type_conventional:subordinate lien",purchaser_type_0,0.017311038662319738,0.9632721202003338,1.5578429951045154
"applicant_age_missing, derived_loan_product_type_fha:first lien",loan_purpose_1,0.018341100466027962,0.7632126508531003,1.5578331015004372
"debt_to_income_ratio_exempt, loan_size_Large",derived_loan_product_type_conventional:first lien,0.004270256215372923,0.9726651480637815,1.5575664405785945
"derived_race_white, loan_type_4",state_code_other,0.0030201812108726525,0.760705289672544,1.557515965754461
"applicant_age_55-64, loan_purpose_2",purchaser_type_0,0.018231093865631938,0.9630216587427364,1.5574379386110495
"occupancy_type_3, state_code_il",derived_loan_product_type_conventional:first lien,0.002120127207632458,0.9724770642201834,1.5572652546222698
"derived_race_white, loan_purpose_2",purchaser_type_0,0.060493629617777066,0.9629099013053166,1.557257199921136
"applicant_age_missing, loan_type_2",loan_purpose_1,0.018341100466027962,0.7628951747088186,1.557185084403307
"applicant_age_25-34, debt_to_income_ratio_36",loan_purpose_1,0.0029601776106566394,0.7628865979381444,1.557167577909874
"loan_size_Large, reverse_mortgage_1111",derived_loan_product_type_conventional:first lien,0.004230253815228914,0.9724137931034482,1.55716393612815
"interest_rate_bin_(3.99, 5.375], occupancy_type_3",derived_loan_product_type_conventional:first lien,0.016210972658359503,0.9724055188962208,1.5571506863190812
"loan_purpose_2, state_code_fl",purchaser_type_0,0.0075104506270376225,0.9628205128205128,1.5571126372145296
"income_bracket_Low, loan_purpose_2",purchaser_type_0,0.019091145468728123,0.9626828038325769,1.5568899286177373
"loan_term_bin_(0.999, 300.0], total_units_5-24",derived_loan_product_type_conventional:first lien,0.001750105006300378,0.9722222222222222,1.556857166243176
"construction_method_2, reverse_mortgage_1111",derived_loan_product_type_conventional:first lien,0.0010500630037802267,0.9722222222222222,1.556857166243176
"loan_term_bin_missing, reverse_mortgage_2",purchaser_type_0,0.009790587435246115,0.9626352015732547,1.5568129443007608
"combined_loan_to_value_ratio_bin_missing, occupancy_type_3",derived_loan_product_type_conventional:first lien,0.025171510290617437,0.9721900347624566,1.5568056232149938
"income_bracket_Very High, loan_purpose_2",purchaser_type_0,0.026001560093605616,0.9626064420584969,1.5567664332394848
"debt_to_income_ratio_30%-<36%, derived_dwelling_category_single family (1-4 units):manufactured",loan_purpose_1,0.002860171610296618,0.7626666666666667,1.5567186647342601
"construction_method_2, debt_to_income_ratio_30%-<36%",loan_purpose_1,0.002860171610296618,0.7626666666666667,1.5567186647342601
"occupancy_type_3, state_code_fl",derived_loan_product_type_conventional:first lien,0.0073204392263535815,0.9721115537848606,1.5566799485805416
"derived_loan_product_type_fsa/rhs:first lien, derived_race_white",state_code_other,0.002980178810728644,0.7602040816326532,1.5564897608168953
"derived_dwelling_category_single family (1-4 units):manufactured, reverse_mortgage_1111",derived_loan_product_type_conventional:first lien,0.0010400624037442247,0.9719626168224299,1.556441450043912
"construction_method_2, loan_term_bin_(0.999, 300.0]",derived_loan_product_type_conventional:first lien,0.029061743704622278,0.9719063545150501,1.5563513550281518
"loan_purpose_2, occupancy_type_1",purchaser_type_0,0.0842450547032822,0.9623029472241261,1.5562756090041934
"debt_to_income_ratio_>60%, derived_sex_male",purchaser_type_0,0.014790887453247194,0.9622641509433962,1.5562128660752703
"derived_dwelling_category_single family (1-4 units):manufactured, loan_term_bin_(0.999, 300.0]",derived_loan_product_type_conventional:first lien,0.028951737104226254,0.9718026183282981,1.5561852382473869
"applicant_age_65-74, debt_to_income_ratio_>60%",purchaser_type_0,0.005340320419225154,0.9621621621621621,1.5560479256549127
"loan_purpose_2, loan_term_bin_missing",purchaser_type_0,0.0043002580154809286,0.9619686800894853,1.5557350185487304
"derived_race_native hawaiian or other pacific islander, derived_sex_male",co_applicant_age_missing,0.0010200612036722204,0.9807692307692308,1.555547353702669
"loan_size_Medium, occupancy_type_3",derived_loan_product_type_conventional:first lien,0.023271396283777026,0.9712020033388982,1.555223450161261
"construction_method_2, debt_to_income_ratio_exempt",derived_loan_product_type_conventional:first lien,0.0010100606036362182,0.9711538461538461,1.5551463341923593
"loan_size_Large, purchaser_type_2",loan_purpose_1,0.024061443686621196,0.7618746041798606,1.5551019447296532
"combined_loan_to_value_ratio_bin_(0.129, 68.474], loan_term_bin_(360.0, 674.0]",purchaser_type_0,0.0044902694161649695,0.9614561027837257,1.5549060576056264
"derived_dwelling_category_single family (1-4 units):manufactured, purchaser_type_1",derived_loan_product_type_conventional:first lien,0.001000060003600216,0.9708737864077669,1.5546978636547664
"construction_method_2, purchaser_type_1",derived_loan_product_type_conventional:first lien,0.001000060003600216,0.9708737864077669,1.5546978636547664
"debt_to_income_ratio_exempt, derived_dwelling_category_single family (1-4 units):manufactured",derived_loan_product_type_conventional:first lien,0.001000060003600216,0.9708737864077669,1.5546978636547664
"interest_rate_bin_(5.375, 15.25], lien_status_1",loan_purpose_1,0.12358741524491469,0.761570222468725,1.554480655362177
"loan_purpose_2, loan_type_1",purchaser_type_0,0.08824529471768307,0.9611153469121011,1.5543549732998325
"loan_term_bin_(0.999, 300.0], total_units_5-24",purchaser_type_0,0.0017301038062283738,0.9611111111111111,1.5543481229895593
"co_applicant_age_>74, derived_loan_product_type_conventional:subordinate lien",purchaser_type_0,0.0014800888053283197,0.9610389610389611,1.5542314389475964
"loan_purpose_2, state_code_il",purchaser_type_0,0.0022101326079564773,0.9608695652173913,1.553957485109944
"combined_loan_to_value_ratio_bin_(68.474, 82.976], purchaser_type_8",loan_purpose_1,0.0015300918055083305,0.7611940298507464,1.5537127890117277
"derived_sex_female, loan_purpose_2",purchaser_type_0,0.019561173670420224,0.9607072691552063,1.5536950132929923
"derived_ethnicity_hispanic or latino, loan_purpose_2",purchaser_type_0,0.008300498029881793,0.9606481481481483,1.5535994003869633
"co_applicant_age_55-64, reverse_mortgage_1111",purchaser_type_0,0.0012200732043922634,0.9606299212598425,1.5535699231191444
"derived_race_asian, occupancy_type_3",derived_loan_product_type_conventional:first lien,0.0074704482268936135,0.9701298701298701,1.5535066016553427
"purchaser_type_71, state_code_nc",loan_purpose_1,0.001560093605616337,0.7609756097560977,1.553266960377865
"applicant_age_25-34, loan_purpose_2",purchaser_type_0,0.010180610836650198,0.960377358490566,1.5531614682986523
"derived_race_black or african american, loan_purpose_4",purchaser_type_0,0.005090305418325099,0.960377358490566,1.5531614682986523
"applicant_age_missing, income_bracket_Very High",loan_purpose_1,0.00264015840950457,0.7608069164265129,1.5529226316347085
"income_bracket_Medium, loan_purpose_2",purchaser_type_0,0.01876112566754005,0.9600818833162742,1.5526836137850157
"co_applicant_age_55-64, occupancy_type_3",derived_loan_product_type_conventional:first lien,0.0034502070124207453,0.9691011235955056,1.5518592299149474
"loan_purpose_1, reverse_mortgage_1111",derived_loan_product_type_conventional:first lien,0.00875052503150189,0.9689922480620154,1.5516848832988464
"derived_sex_male, income_bracket_Low",co_applicant_age_missing,0.08299497969878193,0.9783095602970647,1.5516461975754956
"income_bracket_Very High, lien_status_2",purchaser_type_0,0.050853051183070985,0.959433962264151,1.5516357694103433
"derived_loan_product_type_conventional:subordinate lien, income_bracket_Very High",purchaser_type_0,0.05084305058303498,0.9594263068503491,1.5516233887626365
"derived_loan_product_type_conventional:first lien, purchaser_type_9",loan_purpose_1,0.006750405024301458,0.7601351351351351,1.5515514238441834
"loan_purpose_2, reverse_mortgage_2",purchaser_type_0,0.08677520651239075,0.9593145384190161,1.5514426322929178
"derived_ethnicity_joint, derived_loan_product_type_conventional:subordinate lien",purchaser_type_0,0.004240254415264916,0.9592760180995475,1.5513803356598117
"derived_ethnicity_joint, lien_status_2",purchaser_type_0,0.004240254415264916,0.9592760180995475,1.5513803356598117
"applicant_age_25-34, loan_term_bin_(360.0, 674.0]",purchaser_type_0,0.002120127207632458,0.9592760180995475,1.5513803356598117
"combined_loan_to_value_ratio_bin_(82.976, 27777.78], derived_loan_product_type_fsa/rhs:first lien",state_code_other,0.0027201632097925877,0.7576601671309192,1.5512811898949412
"co_applicant_age_35-44, derived_loan_product_type_conventional:subordinate lien",purchaser_type_0,0.020111206672400343,0.9589890319504052,1.5509162099441829
"conforming_loan_limit_missing, purchaser_type_0",derived_loan_product_type_conventional:first lien,0.003690221413284797,0.968503937007874,1.5509029318615934
"income_bracket_High, loan_purpose_2",purchaser_type_0,0.022901374082444945,0.958961474036851,1.5508716421614246
"applicant_age_missing, income_bracket_Very High",derived_loan_product_type_conventional:first lien,0.003360201612096726,0.968299711815562,1.5505758981372957
"derived_dwelling_category_single family (1-4 units):site-built, loan_purpose_2",purchaser_type_0,0.08787527251635098,0.9587561374795417,1.5505395634987758
"construction_method_1, loan_purpose_2",purchaser_type_0,0.08802528151689101,0.9587190937806339,1.5504796549167186
"combined_loan_to_value_ratio_bin_(82.976, 27777.78], state_code_nc",loan_purpose_1,0.006920415224913495,0.7596048298572997,1.550468990115145
loan_purpose_2,purchaser_type_0,0.08885533131987919,0.9585715826950048,1.5502410939673996
"co_applicant_age_35-44, lien_status_2",purchaser_type_0,0.020121207272436346,0.9585516912815627,1.5502089247615816
"debt_to_income_ratio_50%-60%, state_code_tx",loan_purpose_1,0.004010240614436866,0.759469696969697,1.5501931633384614
"loan_purpose_2, total_units_1",purchaser_type_0,0.08667520051203072,0.9584208780272033,1.5499973682266242
"interest_rate_bin_(-0.001, 3.99], loan_term_bin_(360.0, 674.0]",purchaser_type_0,0.002760165609936596,0.9583333333333333,1.5498557873739824
"interest_rate_bin_(3.99, 5.375], loan_type_3",loan_purpose_1,0.01403084185051103,0.7591991341991342,1.5496409035723984
"derived_loan_product_type_va:first lien, interest_rate_bin_(3.99, 5.375]",loan_purpose_1,0.01403084185051103,0.7591991341991342,1.5496409035723984
"applicant_age_35-44, combined_loan_to_value_ratio_bin_(82.976, 27777.78]",loan_purpose_1,0.045812748764925894,0.7591978786874378,1.5496383408820686
"interest_rate_bin_(-0.001, 3.99], occupancy_type_2",derived_loan_product_type_conventional:first lien,0.006570394223653419,0.96759941089838,1.5494544791072418
"conforming_loan_limit_c, loan_purpose_2",purchaser_type_0,0.08674520471228274,0.9580296001767175,1.5493645777142275
"derived_dwelling_category_multifamily:site-built, purchaser_type_0",derived_loan_product_type_conventional:first lien,0.0035702142128527714,0.967479674796748,1.54926274104199
"combined_loan_to_value_ratio_bin_missing, interest_rate_bin_(3.99, 5.375]",loan_purpose_1,0.02875172510350621,0.7589757127771911,1.5491848664688492
"derived_loan_product_type_conventional:subordinate lien, state_code_ga",purchaser_type_0,0.004780286817209032,0.9579158316633266,1.5491805866301582
"lien_status_2, state_code_ga",purchaser_type_0,0.004780286817209032,0.9579158316633266,1.5491805866301582
"applicant_age_45-54, loan_purpose_2",purchaser_type_0,0.02273136388183291,0.9578592498946481,1.5490890802840926
"purchaser_type_8, reverse_mortgage_2",loan_purpose_1,0.005190311418685121,0.7587719298245613,1.5487689144680885
"debt_to_income_ratio_48, loan_purpose_2",purchaser_type_0,0.001130067804068244,0.9576271186440678,1.5487136681496834
"debt_to_income_ratio_>60%, preapproval_1",purchaser_type_0,0.001130067804068244,0.9576271186440678,1.5487136681496834
"debt_to_income_ratio_missing, purchaser_type_1",loan_purpose_1,0.011950717043022582,0.7587301587301588,1.548683653311223
"loan_purpose_2, state_code_other",purchaser_type_0,0.04425265515930956,0.9575849383250379,1.5486454524158797
"derived_loan_product_type_conventional:subordinate lien, derived_race_joint",purchaser_type_0,0.00361021661299678,0.9575596816976129,1.5486046063669918
"applicant_age_55-64, loan_term_bin_(360.0, 674.0]",purchaser_type_0,0.0031501890113406804,0.9574468085106383,1.5484220632413517
"combined_loan_to_value_ratio_bin_(82.976, 27777.78], loan_purpose_4",purchaser_type_0,0.012580754845290717,0.9573820395738204,1.5483173162727577
"applicant_age_25-34, debt_to_income_ratio_40",loan_purpose_1,0.003550213012780767,0.7585470085470086,1.5483098159311188
"debt_to_income_ratio_>60%, loan_purpose_32",purchaser_type_0,0.006960417625057503,0.9573590096286108,1.5482800713052451
"debt_to_income_ratio_exempt, loan_purpose_1",derived_loan_product_type_conventional:first lien,0.008740524431465889,0.9668141592920355,1.548197025242582
"debt_to_income_ratio_>60%, state_code_tx",purchaser_type_0,0.003360201612096726,0.9572649572649573,1.5481279659833762
"lien_status_1, purchaser_type_71",loan_purpose_1,0.036062163729823786,0.758359621451104,1.5479273303676682
"combined_loan_to_value_ratio_bin_(82.976, 27777.78], derived_sex_male",loan_purpose_1,0.0587935276116567,0.7581893216404437,1.547579722552298
"derived_dwelling_category_single family (1-4 units):manufactured, state_code_ca",loan_purpose_1,0.0016300978058683521,0.758139534883721,1.547478100209492
"co_applicant_age_25-34, debt_to_income_ratio_44",loan_purpose_1,0.0016600996059763587,0.7579908675799086,1.5471746476308026
"derived_loan_product_type_conventional:subordinate lien, state_code_nc",purchaser_type_0,0.00639038342300538,0.9565868263473054,1.5470312649809552
"combined_loan_to_value_ratio_bin_(82.976, 27777.78], loan_term_bin_(360.0, 674.0]",purchaser_type_0,0.003080184811088665,0.9565217391304347,1.546926003276867
"debt_to_income_ratio_missing, loan_term_bin_(360.0, 674.0]",purchaser_type_0,0.004600276016560993,0.9563409563409563,1.5466336339698785
"applicant_age_25-34, derived_loan_product_type_fsa/rhs:first lien",state_code_other,0.0014200852051123067,0.7553191489361701,1.5464880416627094
"conforming_loan_limit_nc, loan_term_bin_(360.0, 674.0]",purchaser_type_0,0.0015300918055083305,0.95625,1.5464865356623
"co_applicant_age_65-74, debt_to_income_ratio_>60%",purchaser_type_0,0.0015300918055083305,0.95625,1.5464865356623
"derived_sex_female, loan_type_4",co_applicant_age_missing,0.001560093605616337,0.9750000000000001,1.5463970751514768
"derived_loan_product_type_conventional:subordinate lien, state_code_fl",purchaser_type_0,0.012810768646118766,0.9559701492537312,1.5460339496114768
"derived_race_american indian or alaska native, derived_sex_male",co_applicant_age_missing,0.003080184811088665,0.9746835443037973,1.54589516113812
"derived_loan_product_type_fsa/rhs:first lien, derived_sex_female",co_applicant_age_missing,0.0015400924055443326,0.9746835443037973,1.54589516113812
"combined_loan_to_value_ratio_bin_(68.474, 82.976], occupancy_type_3",derived_loan_product_type_conventional:first lien,0.026451587095225715,0.9653284671532848,1.5458179287765927
"construction_method_2, state_code_nc",loan_purpose_1,0.001810108606516391,0.7573221757322177,1.5458097458647324
"derived_dwelling_category_multifamily:site-built, loan_size_Large",derived_loan_product_type_conventional:first lien,0.0033402004120247214,0.9653179190751444,1.5458010377298057
"loan_purpose_2, occupancy_type_2",purchaser_type_0,0.0017301038062283738,0.9558011049723757,1.5457605642990093
"combined_loan_to_value_ratio_bin_(0.129, 68.474], purchaser_type_6",derived_loan_product_type_conventional:first lien,0.005560333620017201,0.9652777777777778,1.5457367579128676
"derived_loan_product_type_conventional:first lien, purchaser_type_6",loan_purpose_1,0.016781006860411625,0.7572202166064982,1.5456016317816281
"applicant_age_missing, total_units_5-24",purchaser_type_0,0.002370142208532512,0.9556451612903225,1.545508365810521
"derived_loan_product_type_conventional:subordinate lien, loan_purpose_4",purchaser_type_0,0.055803348200892056,0.9556430895701319,1.5455050153400578
"lien_status_2, loan_purpose_4",purchaser_type_0,0.055803348200892056,0.9556430895701319,1.5455050153400578
"derived_loan_product_type_fsa/rhs:first lien, interest_rate_bin_missing",state_code_other,0.0011700702042122526,0.7548387096774193,1.5455043600369358
"debt_to_income_ratio_30%-<36%, occupancy_type_3",derived_loan_product_type_conventional:first lien,0.004700282016921015,0.9650924024640656,1.5454399092305389
"income_bracket_Low, loan_term_bin_(360.0, 674.0]",purchaser_type_0,0.0030101806108366502,0.9555555555555556,1.5453634517584058
"lien_status_2, state_code_fl",purchaser_type_0,0.012850771046262775,0.9553903345724907,1.5450962496400071
"derived_loan_product_type_fsa/rhs:first lien, loan_size_Small",state_code_other,0.0024601476088565314,0.754601226993865,1.545018123019463
"lien_status_2, state_code_nc",purchaser_type_0,0.006410384623077385,0.9552906110283159,1.5449349726534922
"derived_race_joint, lien_status_2",purchaser_type_0,0.003620217213032782,0.9551451187335093,1.5446996765751015
"derived_race_race not available, loan_term_bin_(360.0, 674.0]",purchaser_type_0,0.002980178810728644,0.9551282051282052,1.5446723232021633
"applicant_age_45-54, derived_loan_product_type_conventional:subordinate lien",purchaser_type_0,0.042512550753045185,0.9550662772410695,1.5445721708950917
"derived_ethnicity_not hispanic or latino, derived_loan_product_type_conventional:subordinate lien",purchaser_type_0,0.115756945416725,0.95503300330033,1.544518358919832
"derived_loan_product_type_conventional:subordinate lien, derived_race_asian",purchaser_type_0,0.009130547832869972,0.9550209205020921,1.5444988181252823
"combined_loan_to_value_ratio_bin_(0.129, 68.474], loan_purpose_2",purchaser_type_0,0.03449206952417145,0.9548726467331118,1.5442590237333138
"derived_race_asian, state_code_tx",loan_purpose_1,0.005190311418685121,0.7565597667638484,1.5442535532014179
"co_applicant_age_>74, lien_status_2",purchaser_type_0,0.0014800888053283197,0.9548387096774194,1.5442041393414827
"applicant_age_25-34, income_bracket_Very High",loan_purpose_1,0.02495149708982539,0.7565191024863553,1.5441705512262063
"derived_race_race not available, occupancy_type_3",derived_loan_product_type_conventional:first lien,0.030681840910454627,0.9641734758013827,1.5439683963116304
"applicant_age_45-54, lien_status_2",purchaser_type_0,0.04255255315318919,0.9546780345523895,1.5439442889702677
"loan_term_bin_missing, state_code_pa",purchaser_type_0,0.0014700882052923175,0.9545454545454546,1.5437298751709234
"derived_dwelling_category_single family (1-4 units):manufactured, state_code_nc",loan_purpose_1,0.0018001080064803888,0.7563025210084033,1.5437284754886667
"derived_ethnicity_not hispanic or latino, lien_status_2",purchaser_type_0,0.11587695261715703,0.9545267320207595,1.543699596339703
"derived_loan_product_type_conventional:subordinate lien, derived_race_white",purchaser_type_0,0.1073864431865912,0.9544888888888888,1.5436383948820243
"applicant_age_25-34, loan_type_4",state_code_other,0.0014400864051843112,0.7539267015706808,1.5436370571452283
"applicant_age_missing, state_code_il",loan_purpose_1,0.00273016380982859,0.7562326869806094,1.543585933616507
"debt_to_income_ratio_48, derived_loan_product_type_conventional:subordinate lien",purchaser_type_0,0.002510150609036542,0.9543726235741444,1.5434503658688825
"debt_to_income_ratio_48, lien_status_2",purchaser_type_0,0.002510150609036542,0.9543726235741444,1.5434503658688825
"applicant_age_35-44, derived_loan_product_type_conventional:subordinate lien",purchaser_type_0,0.04600276016560994,0.9543568464730291,1.5434248504969121
"derived_loan_product_type_conventional:subordinate lien, income_bracket_High",purchaser_type_0,0.044292657559453566,0.9543201896143072,1.543365567528595
"derived_sex_male, loan_purpose_2",purchaser_type_0,0.029621777306638397,0.9542525773195876,1.5432562221655322
"interest_rate_bin_(5.375, 15.25], state_code_tx",loan_purpose_1,0.013170790247414845,0.7560275545350174,1.5431672270953587
"applicant_age_35-44, lien_status_2",purchaser_type_0,0.04603276196571794,0.9541873963515753,1.5431508088432708
"derived_race_white, lien_status_2",purchaser_type_0,0.10750645038702322,0.9541137836158694,1.543031759322097
"debt_to_income_ratio_30%-<36%, purchaser_type_6",loan_purpose_1,0.003500210012600756,0.755939524838013,1.5429875450948636
"derived_race_asian, lien_status_2",purchaser_type_0,0.009130547832869972,0.9540229885057471,1.5428849217636047
"derived_sex_male, loan_type_3",co_applicant_age_missing,0.028521711302678162,0.9727148703956344,1.5427727492678531
"derived_loan_product_type_va:first lien, derived_sex_male",co_applicant_age_missing,0.028521711302678162,0.9727148703956344,1.5427727492678531
"income_bracket_High, lien_status_2",purchaser_type_0,0.04433265995959758,0.9539487841618249,1.5427649154694731
"preapproval_1, purchaser_type_0",state_code_other,0.013140788447306838,0.753440366972477,1.54264130502981
"applicant_age_25-34, occupancy_type_2",loan_purpose_1,0.0013300798047882873,0.7556818181818181,1.542461526613581
"debt_to_income_ratio_30%-<36%, loan_purpose_2",purchaser_type_0,0.010720643238594316,0.9537366548042705,1.5424218512129748
"construction_method_2, reverse_mortgage_1111",purchaser_type_0,0.0010300618037082225,0.9537037037037037,1.5423685613480214
"derived_ethnicity_hispanic or latino, purchaser_type_2",loan_purpose_1,0.005380322819369162,0.7556179775280898,1.5423312181294537
"interest_rate_bin_(-0.001, 3.99], occupancy_type_3",derived_loan_product_type_conventional:first lien,0.008090485429125747,0.9630952380952381,1.5422417724376278
"occupancy_type_3, purchaser_type_71",derived_loan_product_type_conventional:first lien,0.003390203412204732,0.9630681818181818,1.5421984461714058
"co_applicant_age_45-54, loan_purpose_4",purchaser_type_0,0.006980418825129508,0.953551912568306,1.542123078527498
"derived_dwelling_category_single family (1-4 units):manufactured, reverse_mortgage_1111",purchaser_type_0,0.0010200612036722204,0.9532710280373832,1.5416688205979314
"derived_sex_male, loan_purpose_4",co_applicant_age_missing,0.02699161949716983,0.9719121353979114,1.5414995728036474
"derived_race_black or african american, derived_sex_male",co_applicant_age_missing,0.02866171970318219,0.9718548660562902,1.541408740862746
"derived_loan_product_type_fsa/rhs:first lien, income_bracket_Low",state_code_other,0.002040122407344441,0.7527675276752768,1.5412636914362101
"co_applicant_age_25-34, loan_purpose_4",purchaser_type_0,0.0036502190131407885,0.9530026109660574,1.541234725552967
"derived_sex_female, income_bracket_Low",co_applicant_age_missing,0.08139488369302159,0.971704871060172,1.541170841556813
"derived_loan_product_type_conventional:subordinate lien, interest_rate_bin_(3.99, 5.375]",purchaser_type_0,0.024281456887413243,0.9529042386185244,1.5410756337768192
"interest_rate_bin_(3.99, 5.375], lien_status_2",purchaser_type_0,0.024281456887413243,0.9529042386185244,1.5410756337768192
"debt_to_income_ratio_>60%, lien_status_1",purchaser_type_0,0.02556153369202152,0.952664927320164,1.5406886097760388
"debt_to_income_ratio_45, derived_loan_product_type_conventional:subordinate lien",purchaser_type_0,0.0030101806108366502,0.9525316455696202,1.5404730610882842
"debt_to_income_ratio_45, lien_status_2",purchaser_type_0,0.0030101806108366502,0.9525316455696202,1.5404730610882842
"construction_method_2, state_code_ca",loan_purpose_1,0.0016300978058683521,0.7546296296296297,1.540313849745559
"debt_to_income_ratio_20%-<30%, lien_status_2",purchaser_type_0,0.023401404084245056,0.9523809523809524,1.5402293539120324
"debt_to_income_ratio_20%-<30%, derived_loan_product_type_conventional:subordinate lien",purchaser_type_0,0.023371402284137047,0.952322738386308,1.5401352078635047
"derived_race_joint, loan_size_Large",loan_purpose_1,0.006730403824229454,0.7544843049327354,1.5400172199359847
"derived_race_asian, loan_size_Large",loan_purpose_1,0.025101506090365423,0.7544334235046588,1.5399133632024506
"derived_race_2 or more minority races, derived_sex_female",co_applicant_age_missing,0.001000060003600216,0.9708737864077669,1.5398527011714978
"applicant_age_missing, loan_size_Large",loan_purpose_1,0.03299197951877113,0.7544020123485022,1.5398492482552437
"debt_to_income_ratio_38, occupancy_type_3",derived_loan_product_type_conventional:first lien,0.00125007500450027,0.9615384615384616,1.5397488457350093
"occupancy_type_3, state_code_ga",derived_loan_product_type_conventional:first lien,0.002750165009900594,0.9615384615384615,1.539748845735009
"loan_purpose_2, state_code_az",purchaser_type_0,0.0025801548092885575,0.952029520295203,1.5396610035969358
"co_applicant_age_>74, loan_purpose_2",purchaser_type_0,0.0011900714042842571,0.9520000000000001,1.5396132621704677
"loan_purpose_31, occupancy_type_3",derived_loan_product_type_conventional:first lien,0.011640698441906515,0.9611890999174236,1.5391893994161625
"applicant_age_25-34, debt_to_income_ratio_41",loan_purpose_1,0.003770226213572814,0.754,1.5390286799077344
"applicant_age_missing, interest_rate_bin_(3.99, 5.375]",loan_purpose_1,0.0250115006900414,0.7539945734097075,1.5390176034115883
"derived_dwelling_category_single family (1-4 units):manufactured, derived_race_black or african american",purchaser_type_0,0.004110246614796888,0.9513888888888888,1.5386249483350405
"construction_method_2, derived_race_black or african american",purchaser_type_0,0.004110246614796888,0.9513888888888888,1.5386249483350405
"derived_ethnicity_hispanic or latino, loan_term_bin_(360.0, 674.0]",purchaser_type_0,0.0013700822049322959,0.9513888888888887,1.5386249483350405
"debt_to_income_ratio_>60%, derived_race_black or african american",purchaser_type_0,0.005270316218973139,0.9512635379061373,1.5384222256087061
"debt_to_income_ratio_46, loan_purpose_2",purchaser_type_0,0.001560093605616337,0.951219512195122,1.538351025431652
"combined_loan_to_value_ratio_bin_missing, debt_to_income_ratio_20%-<30%",loan_purpose_1,0.0025701542092525552,0.7536656891495601,1.5383463006148548
"occupancy_type_2, state_code_tx",derived_loan_product_type_conventional:first lien,0.0012200732043922634,0.9606299212598425,1.5382939649358895
"derived_loan_product_type_conventional:subordinate lien, derived_sex_male",co_applicant_age_missing,0.05569334160049603,0.9698711250435389,1.538262431837129
"applicant_age_25-34, debt_to_income_ratio_>60%",purchaser_type_0,0.005840350421025262,0.9511400651465798,1.5382225404215932
"derived_sex_male, lien_status_2",co_applicant_age_missing,0.055803348200892056,0.9697601668404588,1.538086446769737
"derived_sex_male, loan_purpose_2",co_applicant_age_missing,0.0301018061083665,0.9697164948453608,1.5380171808769312
"co_applicant_age_missing, loan_purpose_2",purchaser_type_0,0.05253315198911935,0.9509413468501087,1.5379011650805399
total_units_5-24,purchaser_type_0,0.0027101626097565854,0.9508771929824562,1.5377974128269083
"loan_type_1, total_units_5-24",purchaser_type_0,0.0027101626097565854,0.9508771929824562,1.5377974128269083
"conforming_loan_limit_missing, total_units_5-24",purchaser_type_0,0.0027101626097565854,0.9508771929824562,1.5377974128269083
"occupancy_type_3, total_units_5-24",purchaser_type_0,0.0027101626097565854,0.9508771929824562,1.5377974128269083
"combined_loan_to_value_ratio_bin_(68.474, 82.976], loan_term_bin_missing",purchaser_type_0,0.0017401044062643758,0.9508196721311475,1.537704387758078
"applicant_age_55-64, occupancy_type_3",derived_loan_product_type_conventional:first lien,0.009180550833049982,0.9602510460251046,1.5376872573223097
"applicant_age_25-34, debt_to_income_ratio_39",loan_purpose_1,0.003970238214292858,0.7533206831119544,1.537642090818281
"co_applicant_age_65-74, occupancy_type_3",derived_loan_product_type_conventional:first lien,0.001930115806948417,0.9601990049751244,1.5376039219698063
"preapproval_2, total_units_5-24",purchaser_type_0,0.002700162009720583,0.9507042253521127,1.5375176825143
"combined_loan_to_value_ratio_bin_(68.474, 82.976], occupancy_type_2",loan_purpose_1,0.005950357021421286,0.7531645569620253,1.5373234136002116
"loan_purpose_4, purchaser_type_1",derived_loan_product_type_conventional:first lien,0.0012000720043202592,0.96,1.5372852475818333
"debt_to_income_ratio_>60%, loan_term_bin_(300.0, 360.0]",purchaser_type_0,0.023261395683741023,0.9505516959542296,1.537271005745548
"debt_to_income_ratio_47, loan_size_Large",loan_purpose_1,0.004850291017461048,0.7531055900621118,1.5372030531888956
"loan_purpose_4, state_code_il",purchaser_type_0,0.0021101266075964557,0.9504504504504504,1.5371072673838322
"co_applicant_age_missing, total_units_5-24",purchaser_type_0,0.0024901494089645377,0.9503816793893128,1.5369960480164153
"interest_rate_bin_(5.375, 15.25], loan_purpose_5",purchaser_type_0,0.0013400804048242895,0.950354609929078,1.5369522701803047
"co_applicant_age_65-74, occupancy_type_2",derived_loan_product_type_conventional:first lien,0.0016701002060123607,0.9597701149425287,1.5369171237198644
"debt_to_income_ratio_44, loan_purpose_2",purchaser_type_0,0.0019101146068764125,0.9502487562189055,1.536781079239095
"debt_to_income_ratio_41, occupancy_type_3",derived_loan_product_type_conventional:first lien,0.0011900714042842571,0.9596774193548387,1.536768686678748
"debt_to_income_ratio_>60%, state_code_fl",purchaser_type_0,0.004770286217173031,0.950199203187251,1.536700940053469
"derived_loan_product_type_conventional:first lien, total_units_5-24",purchaser_type_0,0.0026601596095765746,0.9500000000000001,1.5363787805272524
"lien_status_1, total_units_5-24",purchaser_type_0,0.0026601596095765746,0.9500000000000001,1.5363787805272524
"derived_sex_male, purchaser_type_8",loan_purpose_1,0.0014000840050403024,0.7526881720430108,1.536351039524563
"loan_purpose_2, state_code_ga",purchaser_type_0,0.0026501590095405723,0.9498207885304659,1.5360889524230215
"derived_dwelling_category_multifamily:site-built, total_units_5-24",purchaser_type_0,0.0026501590095405723,0.9498207885304659,1.5360889524230215
"construction_method_1, total_units_5-24",purchaser_type_0,0.0026501590095405723,0.9498207885304659,1.5360889524230215
"combined_loan_to_value_ratio_bin_(82.976, 27777.78], loan_type_4",state_code_other,0.002760165609936596,0.75,1.53559728080593
"income_bracket_Low, loan_type_4",state_code_other,0.002070124207452447,0.75,1.53559728080593
"interest_rate_bin_(3.99, 5.375], loan_type_4",state_code_other,0.0017401044062643758,0.75,1.53559728080593
"derived_loan_product_type_fsa/rhs:first lien, interest_rate_bin_(3.99, 5.375]",state_code_other,0.0017401044062643758,0.75,1.53559728080593
"interest_rate_bin_(3.99, 5.375], state_code_tx",loan_purpose_1,0.014140848450907054,0.7521276595744681,1.5352069483249173
"applicant_age_25-34, loan_purpose_4",purchaser_type_0,0.008410504630277817,0.9492099322799098,1.535101050758488
"derived_loan_product_type_conventional:subordinate lien, derived_sex_female",purchaser_type_0,0.03227193631617897,0.9491176470588236,1.5349518033317162
"interest_rate_bin_(3.99, 5.375], loan_term_bin_(360.0, 674.0]",purchaser_type_0,0.002980178810728644,0.9490445859872613,1.5348336459843153
"combined_loan_to_value_ratio_bin_(68.474, 82.976], loan_purpose_2",purchaser_type_0,0.024391463487809267,0.9490272373540856,1.5348055890665444
"occupancy_type_3, total_units_2",derived_loan_product_type_conventional:first lien,0.006910414624877493,0.9583911234396671,1.5347088911220625
"loan_purpose_2, state_code_tx",purchaser_type_0,0.0035302118127087624,0.9489247311827957,1.5346398119018678
"combined_loan_to_value_ratio_bin_(68.474, 82.976], loan_term_bin_(360.0, 674.0]",purchaser_type_0,0.004450267016020961,0.9488272921108744,1.534482229457137
"applicant_age_missing, income_bracket_Medium",loan_purpose_1,0.0022101326079564773,0.7517006802721089,1.5343354186272278
"derived_sex_female, lien_status_2",purchaser_type_0,0.032281936916214976,0.9485747869526889,1.534073867807653
"co_applicant_age_missing, occupancy_type_3",derived_loan_product_type_conventional:first lien,0.0523031381882913,0.9578754578754579,1.533883135846495
"debt_to_income_ratio_50%-60%, loan_term_bin_(0.999, 300.0]",purchaser_type_0,0.011030661839710383,0.948409286328461,1.53380621344215
"derived_loan_product_type_fsa/rhs:first lien, derived_sex_male",derived_race_white,0.0015800948056883413,0.8876404494382022,1.5337869861432476
conforming_loan_limit_missing,derived_loan_product_type_conventional:first lien,0.0040702442146528794,0.9576470588235294,1.5335173915828582
"conforming_loan_limit_missing, occupancy_type_3",derived_loan_product_type_conventional:first lien,0.0040702442146528794,0.9576470588235294,1.5335173915828582
"debt_to_income_ratio_missing, purchaser_type_6",loan_purpose_1,0.0014800888053283197,0.751269035532995,1.5334543660635307
"derived_loan_product_type_conventional:subordinate lien, state_code_il",purchaser_type_0,0.0038302298137888272,0.948019801980198,1.5331763234547617
"debt_to_income_ratio_>60%, derived_dwelling_category_single family (1-4 units):manufactured",derived_loan_product_type_conventional:first lien,0.0047202832169930195,0.9574036511156186,1.5331276133760676
"construction_method_2, debt_to_income_ratio_>60%",derived_loan_product_type_conventional:first lien,0.0047202832169930195,0.9574036511156186,1.5331276133760676
"conforming_loan_limit_missing, preapproval_2",derived_loan_product_type_conventional:first lien,0.004040242414544873,0.957345971563981,1.5330352488720889
"loan_purpose_5, loan_size_Small",purchaser_type_0,0.00273016380982859,0.9479166666666666,1.5330095288155696
"combined_loan_to_value_ratio_bin_(68.474, 82.976], purchaser_type_6",derived_loan_product_type_conventional:first lien,0.008740524431465889,0.9572836801752466,1.5329354992544295
"derived_sex_female, occupancy_type_3",derived_loan_product_type_conventional:first lien,0.010080604836290178,0.9572649572649573,1.5329055175317425
"applicant_age_45-54, occupancy_type_3",derived_loan_product_type_conventional:first lien,0.0134308058483509,0.9572344975053457,1.5328567411368512
"derived_sex_male, loan_type_4",state_code_other,0.0013700822049322959,0.7486338797814207,1.532800200148724
"debt_to_income_ratio_30%-<36%, derived_loan_product_type_conventional:subordinate lien",purchaser_type_0,0.01972118327099626,0.9476213358962038,1.5325319078377002
"derived_loan_product_type_conventional:subordinate lien, state_code_other",purchaser_type_0,0.08191491489489369,0.9475937066173068,1.5324872246399965
"co_applicant_age_missing, conforming_loan_limit_missing",derived_loan_product_type_conventional:first lien,0.0037802268136088164,0.9569620253164557,1.5324204208489793
"co_applicant_age_45-54, loan_term_bin_(360.0, 674.0]",purchaser_type_0,0.00162009720583235,0.9473684210526315,1.5321228836282847
"derived_sex_male, state_code_nc",co_applicant_age_missing,0.011910714642878573,0.9659367396593673,1.5320223066570247
"conforming_loan_limit_missing, derived_race_race not available",derived_loan_product_type_conventional:first lien,0.00375022501350081,0.9566326530612246,1.5318929842771778
"co_applicant_age_missing, purchaser_type_6",loan_purpose_1,0.011460687641258476,0.75049115913556,1.5318666020249685
"derived_dwelling_category_multifamily:site-built, derived_race_race not available",co_applicant_age_missing,0.0036702202132127926,0.9657894736842104,1.5317887357100994
"lien_status_2, state_code_other",purchaser_type_0,0.0819449166950017,0.9470642625982433,1.531630986159611
derived_dwelling_category_multifamily:site-built,derived_loan_product_type_conventional:first lien,0.003950237014220853,0.9564164648910412,1.5315467937722562
"conforming_loan_limit_missing, derived_dwelling_category_multifamily:site-built",derived_loan_product_type_conventional:first lien,0.003950237014220853,0.9564164648910412,1.5315467937722562
"conforming_loan_limit_missing, construction_method_1",derived_loan_product_type_conventional:first lien,0.003950237014220853,0.9564164648910412,1.5315467937722562
"derived_dwelling_category_multifamily:site-built, occupancy_type_3",derived_loan_product_type_conventional:first lien,0.003950237014220853,0.9564164648910412,1.5315467937722562
"construction_method_1, derived_dwelling_category_multifamily:site-built",derived_loan_product_type_conventional:first lien,0.003950237014220853,0.9564164648910412,1.5315467937722562
"loan_purpose_4, state_code_nc",purchaser_type_0,0.003390203412204732,0.946927374301676,1.531409604818402
"combined_loan_to_value_ratio_bin_(68.474, 82.976], preapproval_1",derived_loan_product_type_conventional:first lien,0.00810048602916175,0.9563164108618654,1.531386573373284
"debt_to_income_ratio_missing, derived_loan_product_type_conventional:subordinate lien",purchaser_type_0,0.02532151929115747,0.9468960359012715,1.5313589230779838
"interest_rate_bin_(5.375, 15.25], occupancy_type_3",derived_loan_product_type_conventional:first lien,0.020541232473948436,0.9562383612662942,1.5312615895276058
"conforming_loan_limit_nc, state_code_ny",purchaser_type_0,0.0017801068064083846,0.9468085106382979,1.531217373649781
"debt_to_income_ratio_47, derived_loan_product_type_conventional:subordinate lien",purchaser_type_0,0.0024901494089645377,0.9467680608365018,1.5311519565790905
"debt_to_income_ratio_47, lien_status_2",purchaser_type_0,0.0024901494089645377,0.9467680608365018,1.5311519565790905
"applicant_age_35-44, loan_purpose_4",purchaser_type_0,0.01903114186851211,0.946766169154229,1.5311488972732974
"derived_loan_product_type_conventional:subordinate lien, income_bracket_Low",purchaser_type_0,0.02648158889533372,0.9467286378262424,1.5310882000775883
"derived_dwelling_category_multifamily:site-built, preapproval_2",derived_loan_product_type_conventional:first lien,0.003920235214112847,0.9560975609756098,1.531036120559143
"debt_to_income_ratio_missing, lien_status_2",purchaser_type_0,0.025381522891373482,0.9466616933979858,1.5309799348154325
"derived_dwelling_category_single family (1-4 units):manufactured, loan_size_Large",loan_purpose_1,0.0012000720043202592,0.75,1.5308640715262611
occupancy_type_3,derived_loan_product_type_conventional:first lien,0.0707842470548233,0.9559697460831984,1.5308314456127623
"conforming_loan_limit_c, occupancy_type_3",derived_loan_product_type_conventional:first lien,0.06425385523131388,0.9559589346823391,1.5308141328970888
"derived_dwelling_category_single family (1-4 units):site-built, derived_loan_product_type_conventional:subordinate lien",purchaser_type_0,0.15890953457207432,0.9465094114843936,1.5307336582883788
"applicant_age_missing, conforming_loan_limit_missing",derived_loan_product_type_conventional:first lien,0.003680220813248795,0.9558441558441558,1.530630333090137
"debt_to_income_ratio_43, occupancy_type_3",derived_loan_product_type_conventional:first lien,0.0010800648038882333,0.9557522123893806,1.5304831004686394
"co_applicant_age_missing, derived_dwelling_category_multifamily:site-built",derived_loan_product_type_conventional:first lien,0.0036702202132127926,0.9557291666666666,1.5304461964586935
"construction_method_1, derived_loan_product_type_conventional:subordinate lien",purchaser_type_0,0.15902954177250636,0.9463223042132826,1.5304310607715184
"applicant_age_>74, occupancy_type_3",derived_loan_product_type_conventional:first lien,0.0015100906054363262,0.9556962025316456,1.5303934097102903
"derived_race_race not available, total_units_5-24",co_applicant_age_missing,0.0024701482088925336,0.96484375,1.5302887722853156
"derived_sex_male, loan_size_Small",co_applicant_age_missing,0.11090665439926396,0.9647672901261418,1.530167503233725
"combined_loan_to_value_ratio_bin_missing, conforming_loan_limit_missing",purchaser_type_0,0.0012300738044282657,0.9461538461538461,1.530158623521069
"applicant_age_65-74, debt_to_income_ratio_exempt",purchaser_type_0,0.0015800948056883413,0.9461077844311377,1.5300841306227915
"derived_dwelling_category_single family (1-4 units):site-built, lien_status_2",purchaser_type_0,0.15905954357261437,0.9461067158408186,1.5300824024549058
"debt_to_income_ratio_50%-60%, purchaser_type_2",loan_purpose_1,0.009730583835030102,0.7496147919876733,1.5300778033847477
"derived_loan_product_type_conventional:subordinate lien, reverse_mortgage_2",purchaser_type_0,0.15709942596555793,0.9460973259455553,1.5300672167329754
"construction_method_1, occupancy_type_3",derived_loan_product_type_conventional:first lien,0.06966417985079104,0.9554244959539158,1.5299583154252745
"derived_ethnicity_hispanic or latino, loan_purpose_4",purchaser_type_0,0.006660399623977438,0.9460227272727272,1.52994657271404
"combined_loan_to_value_ratio_bin_missing, purchaser_type_1",loan_purpose_1,0.012150729043742625,0.7495373226403454,1.5299196766641228
"interest_rate_bin_(-0.001, 3.99], loan_purpose_2",purchaser_type_0,0.014890893453607217,0.9459974587039389,1.529905707353092
"derived_dwelling_category_single family (1-4 units):site-built, occupancy_type_3",derived_loan_product_type_conventional:first lien,0.0657139428365702,0.9553649316661822,1.5298629328202584
"debt_to_income_ratio_39, occupancy_type_3",derived_loan_product_type_conventional:first lien,0.0010700642038522312,0.9553571428571429,1.5298504602981413
"derived_loan_product_type_fsa/rhs:first lien, derived_sex_male",state_code_other,0.0013300798047882873,0.747191011235955,1.529845980128754
"debt_to_income_ratio_50%-60%, derived_loan_product_type_fha:first lien",loan_purpose_1,0.014210852651159069,0.7494725738396624,1.529787514513936
"derived_dwelling_category_multifamily:site-built, derived_race_race not available",derived_loan_product_type_conventional:first lien,0.003630217813068784,0.9552631578947368,1.529699958531265
"construction_method_1, lien_status_2",purchaser_type_0,0.15917955077304638,0.945864036130259,1.5296899309204128
"occupancy_type_3, preapproval_2",derived_loan_product_type_conventional:first lien,0.06938416304978298,0.9552526504199366,1.5296831325041818
"debt_to_income_ratio_30%-<36%, lien_status_2",purchaser_type_0,0.019741184471068263,0.9458552946813608,1.5296757938924146
"derived_sex_male, loan_type_4",derived_race_white,0.00162009720583235,0.8852459016393442,1.5296493578344985
"lien_status_2, state_code_il",purchaser_type_0,0.0038402304138248295,0.9458128078817734,1.5296070825057424
"applicant_age_65-74, reverse_mortgage_1111",purchaser_type_0,0.001570094205652339,0.9457831325301204,1.5295590903156535
"loan_size_Small, loan_type_4",state_code_other,0.002510150609036542,0.7470238095238095,1.5295036408027318
"debt_to_income_ratio_20%-<30%, loan_purpose_2",purchaser_type_0,0.01412084725083505,0.9457468184862692,1.52950036176154
"conforming_loan_limit_missing, derived_race_race not available",co_applicant_age_missing,0.0037802268136088164,0.9642857142857143,1.5294037006992627
"derived_loan_product_type_conventional:subordinate lien, preapproval_2",purchaser_type_0,0.1597495849750985,0.9456547478096139,1.5293514613047798
"debt_to_income_ratio_36, loan_purpose_2",purchaser_type_0,0.0017401044062643758,0.9456521739130435,1.5293472986941756
"lien_status_2, reverse_mortgage_2",purchaser_type_0,0.15724943496609797,0.9455770040291057,1.529225730889316
"derived_loan_product_type_conventional:subordinate lien, loan_term_bin_(0.999, 300.0]",purchaser_type_0,0.07904474268456108,0.9455676516329704,1.5292106058125061
"income_bracket_Low, lien_status_2",purchaser_type_0,0.026551593095585736,0.9455128205128205,1.5291219306867052
"debt_to_income_ratio_50%-60%, loan_type_2",loan_purpose_1,0.014210852651159069,0.7490774907749077,1.5289810898884673
derived_loan_product_type_conventional:subordinate lien,purchaser_type_0,0.15987959277556654,0.9454169130691898,1.5289668252537696
"lien_status_2, loan_type_1",purchaser_type_0,0.15987959277556654,0.9454169130691898,1.5289668252537696
"occupancy_type_3, reverse_mortgage_2",derived_loan_product_type_conventional:first lien,0.06611396683801028,0.9547949162333912,1.5289501449913796
"debt_to_income_ratio_missing, derived_race_american indian or alaska native",purchaser_type_0,0.0017301038062283738,0.9453551912568305,1.5288670062192387
"co_applicant_age_25-34, occupancy_type_3",derived_loan_product_type_conventional:first lien,0.002320139208352501,0.9547325102880658,1.5288502119298066
"derived_race_race not available, total_units_5-24",purchaser_type_0,0.002420145208712523,0.9453125,1.5287979641759666
"debt_to_income_ratio_49, purchaser_type_71",loan_purpose_1,0.0017301038062283738,0.748917748917749,1.5286550324620096
"derived_loan_product_type_conventional:subordinate lien, occupancy_type_1",purchaser_type_0,0.1550793047582855,0.9452029745215165,1.5286208351011568
"lien_status_2, preapproval_2",purchaser_type_0,0.15989959397563855,0.9451998108299835,1.5286157186500626
"income_bracket_Low, purchaser_type_6",loan_purpose_1,0.003130187811268676,0.748803827751196,1.5284225020341933
"co_applicant_age_35-44, loan_purpose_4",purchaser_type_0,0.007570454227253635,0.9450686641697877,1.5284036229175766
"applicant_age_missing, derived_dwelling_category_multifamily:site-built",derived_loan_product_type_conventional:first lien,0.003560213612816769,0.9544235924932977,1.5283555298791685
"derived_loan_product_type_conventional:subordinate lien, total_units_1",purchaser_type_0,0.15681940916454987,0.9450370638220936,1.5283525175453088
"lien_status_2, loan_term_bin_(0.999, 300.0]",purchaser_type_0,0.0791547492849571,0.9449617956064947,1.5282307907144725
lien_status_2,purchaser_type_0,0.16002960177610656,0.9449069973427812,1.5281421687254417
"combined_loan_to_value_ratio_bin_missing, derived_dwelling_category_multifamily:site-built",purchaser_type_0,0.0012000720043202592,0.9448818897637795,1.5281015637237485
"combined_loan_to_value_ratio_bin_missing, lien_status_2",purchaser_type_0,0.029131747904874293,0.9448589036652612,1.5280643896668953
"interest_rate_bin_missing, loan_type_4",purchaser_type_0,0.0015400924055443326,0.9447852760736195,1.5279453161200958
"lien_status_2, occupancy_type_1",purchaser_type_0,0.15522931375882554,0.9447352404138771,1.5278643964086243
"combined_loan_to_value_ratio_bin_missing, derived_loan_product_type_conventional:subordinate lien",purchaser_type_0,0.029011740704442266,0.9446434386193423,1.5277159307990056
"lien_status_2, total_units_1",purchaser_type_0,0.1569694181650899,0.9446316803081368,1.527696914778131
"conforming_loan_limit_nc, loan_type_3",loan_purpose_1,0.0021701302078124688,0.7482758620689656,1.527344843775626
"conforming_loan_limit_nc, derived_loan_product_type_va:first lien",loan_purpose_1,0.0021701302078124688,0.7482758620689656,1.527344843775626
"applicant_age_25-34, debt_to_income_ratio_42",loan_purpose_1,0.004220253215192911,0.7482269503546098,1.527245007527381
"conforming_loan_limit_c, derived_loan_product_type_conventional:subordinate lien",purchaser_type_0,0.1545792747564854,0.9442849288288838,1.5271361341309302
"derived_loan_product_type_conventional:subordinate lien, derived_sex_male",purchaser_type_0,0.05422325339520371,0.9442702890978752,1.5271124581603257
"derived_sex_male, loan_term_bin_(360.0, 674.0]",co_applicant_age_missing,0.005430325819549173,0.9627659574468085,1.5269932929755443
"income_bracket_Medium, loan_purpose_4",purchaser_type_0,0.01675100506030362,0.9441939120631343,1.5269889381019095
"debt_to_income_ratio_20%-<30%, occupancy_type_3",derived_loan_product_type_conventional:first lien,0.005320319219153149,0.953405017921147,1.526724446896534
"combined_loan_to_value_ratio_bin_(0.129, 68.474], preapproval_1",derived_loan_product_type_conventional:first lien,0.0026601596095765746,0.953405017921147,1.526724446896534
"occupancy_type_3, total_units_1",derived_loan_product_type_conventional:first lien,0.05539332359941596,0.9533562822719449,1.5266464046105448
"conforming_loan_limit_c, lien_status_2",purchaser_type_0,0.1547292837570254,0.9438174830720428,1.5263801617710797
"loan_purpose_2, loan_term_bin_(300.0, 360.0]",purchaser_type_0,0.03746224773486409,0.9438145628621818,1.5263754390884847
"debt_to_income_ratio_>60%, derived_sex_male",co_applicant_age_missing,0.014790887453247194,0.9622641509433962,1.5261974036328072
"debt_to_income_ratio_>60%, income_bracket_Medium",purchaser_type_0,0.00838050283016981,0.9436936936936936,1.526179964535132
"derived_sex_male, lien_status_2",purchaser_type_0,0.054293257595455724,0.943517553006604,1.5258951026256247
"conforming_loan_limit_nc, occupancy_type_2",derived_loan_product_type_conventional:first lien,0.003630217813068784,0.952755905511811,1.5256849980101854
"applicant_age_missing, loan_term_bin_(300.0, 360.0]",loan_purpose_1,0.05934356061363682,0.7473551637279597,1.52546555842768
"derived_sex_male, loan_type_4",co_applicant_age_missing,0.0017601056063363803,0.9617486338797815,1.525379768679613
"applicant_age_65-74, occupancy_type_3",derived_loan_product_type_conventional:first lien,0.00440026401584095,0.9523809523809523,1.5250845710137233
"derived_sex_male, income_bracket_Medium",co_applicant_age_missing,0.0777546652799168,0.9615384615384617,1.5250464251986953
"income_bracket_Medium, purchaser_type_71",loan_purpose_1,0.01046062763765826,0.7471428571428571,1.5250322083966372
"loan_term_bin_missing, occupancy_type_3",derived_loan_product_type_conventional:first lien,0.004990299417965078,0.9522900763358778,1.5249390476767946
"derived_ethnicity_not hispanic or latino, derived_loan_product_type_fsa/rhs:first lien",derived_race_white,0.00338020281216873,0.8825065274151436,1.5249158911049072
"derived_loan_product_type_conventional:subordinate lien, income_bracket_Medium",purchaser_type_0,0.03418205092305538,0.9428965517241379,1.5248907940013496
"conforming_loan_limit_missing, state_code_other",derived_loan_product_type_conventional:first lien,0.00199011940716443,0.9521531100478469,1.5247197182455383
"derived_loan_product_type_conventional:first lien, interest_rate_bin_(5.375, 15.25]",loan_purpose_1,0.09169550173010381,0.7469653767820774,1.524669943986345
"conforming_loan_limit_missing, reverse_mortgage_2",derived_loan_product_type_conventional:first lien,0.00338020281216873,0.952112676056338,1.5246549697261138
"debt_to_income_ratio_36, loan_purpose_4",purchaser_type_0,0.0016400984059043542,0.9425287356321839,1.5242959468025974
"conforming_loan_limit_missing, debt_to_income_ratio_missing",derived_loan_product_type_conventional:first lien,0.003360201612096726,0.9518413597733711,1.5242205004352454
"loan_purpose_4, loan_term_bin_(0.999, 300.0]",purchaser_type_0,0.03341200472028322,0.9424541607898448,1.5241753413233017
"applicant_age_25-34, debt_to_income_ratio_50%-60%",loan_purpose_1,0.009110546632797967,0.7467213114754098,1.5241717695742336
"conforming_loan_limit_nc, occupancy_type_3",derived_loan_product_type_conventional:first lien,0.002370142208532512,0.9518072289156627,1.5241658453685345
"debt_to_income_ratio_37, derived_loan_product_type_conventional:subordinate lien",purchaser_type_0,0.003930235814148849,0.9424460431654675,1.5241622131697843
"applicant_age_missing, occupancy_type_2",loan_purpose_1,0.001120067204032242,0.7466666666666667,1.5240602312083666
"debt_to_income_ratio_<20%, derived_loan_product_type_conventional:subordinate lien",purchaser_type_0,0.009800588035282116,0.9423076923076923,1.5239384665148858
"debt_to_income_ratio_<20%, lien_status_2",purchaser_type_0,0.009800588035282116,0.9423076923076923,1.5239384665148858
"debt_to_income_ratio_38, loan_purpose_2",purchaser_type_0,0.0019601176070564233,0.9423076923076922,1.5239384665148856
"derived_sex_male, state_code_oh",co_applicant_age_missing,0.011260675640538433,0.9607508532423208,1.5237972404135491
"income_bracket_Medium, lien_status_2",purchaser_type_0,0.03421205272316339,0.9421646929220601,1.5237072020709765
"derived_loan_product_type_fsa/rhs:first lien, derived_sex_male",co_applicant_age_missing,0.0017101026061563695,0.9606741573033708,1.5236755969513254
"occupancy_type_3, state_code_other",derived_loan_product_type_conventional:first lien,0.03135188111286677,0.9514415781487101,1.5235803146083229
"derived_ethnicity_hispanic or latino, occupancy_type_3",derived_loan_product_type_conventional:first lien,0.006060363621817309,0.9513343799058085,1.5234086539027194
"co_applicant_age_missing, derived_loan_product_type_fsa/rhs:first lien",state_code_other,0.004010240614436866,0.7439703153988868,1.5232517244358141
"loan_type_4, purchaser_type_2",state_code_other,0.0021501290077404643,0.7439446366782007,1.5231991482042673
"derived_loan_product_type_fsa/rhs:first lien, purchaser_type_2",state_code_other,0.0021501290077404643,0.7439446366782007,1.5231991482042673
"derived_sex_male, loan_purpose_32",co_applicant_age_missing,0.0643638618317099,0.9600238663484488,1.5226442040993369
"derived_loan_product_type_conventional:subordinate lien, loan_purpose_32",purchaser_type_0,0.010290617437046222,0.9414455626715461,1.5225441952737924
"lien_status_2, loan_purpose_32",purchaser_type_0,0.010290617437046222,0.9414455626715461,1.5225441952737924
"derived_sex_male, state_code_pa",co_applicant_age_missing,0.010530631837910275,0.9598906107566089,1.5224328542968046
"derived_dwelling_category_multifamily:site-built, reverse_mortgage_2",derived_loan_product_type_conventional:first lien,0.0032701962117727065,0.9505813953488372,1.5222028705161685
"debt_to_income_ratio_45, loan_purpose_4",purchaser_type_0,0.0014400864051843112,0.9411764705882354,1.522109008571891
"derived_race_asian, loan_purpose_4",purchaser_type_0,0.004640278416705002,0.9411764705882353,1.5221090085718907
"debt_to_income_ratio_<20%, loan_term_bin_missing",purchaser_type_0,0.001120067204032242,0.9411764705882353,1.5221090085718907
"debt_to_income_ratio_40, loan_purpose_2",purchaser_type_0,0.0019201152069124147,0.9411764705882352,1.5221090085718907
"loan_term_bin_(360.0, 674.0], state_code_fl",purchaser_type_0,0.0019201152069124147,0.9411764705882352,1.5221090085718907
"derived_dwelling_category_multifamily:site-built, state_code_other",derived_loan_product_type_conventional:first lien,0.0019201152069124147,0.9504950495049505,1.5220646015661714
"construction_method_2, loan_size_Large",loan_purpose_1,0.0012600756045362722,0.7455621301775148,1.5218057042391235
"debt_to_income_ratio_missing, derived_dwelling_category_multifamily:site-built",derived_loan_product_type_conventional:first lien,0.003250195011700702,0.9502923976608186,1.52174008730536
"combined_loan_to_value_ratio_bin_(82.976, 27777.78], derived_race_race not available",loan_purpose_1,0.025711542692561554,0.7454334589736156,1.521543066741671
"combined_loan_to_value_ratio_bin_(68.474, 82.976], conforming_loan_limit_missing",derived_loan_product_type_conventional:first lien,0.0011400684041042463,0.9500000000000001,1.5212718595861892
"conforming_loan_limit_nc, preapproval_1",derived_loan_product_type_conventional:first lien,0.0015200912054723283,0.95,1.5212718595861892
"derived_sex_male, purchaser_type_6",loan_purpose_1,0.00611036662199732,0.7451219512195123,1.5209072320366597
"derived_race_race not available, purchaser_type_6",loan_purpose_1,0.003800228013680821,0.7450980392156863,1.5208584239999456
"debt_to_income_ratio_37, lien_status_2",purchaser_type_0,0.003940236414184851,0.9403341288782817,1.5207467391728111
"co_applicant_age_25-34, debt_to_income_ratio_47",loan_purpose_1,0.0011100666039962398,0.7449664429530201,1.5205898160126619
"derived_loan_product_type_conventional:subordinate lien, loan_size_Small",purchaser_type_0,0.13181790907454446,0.9402239817390684,1.520568604722892
"derived_loan_product_type_conventional:first lien, loan_term_bin_(360.0, 674.0]",purchaser_type_0,0.0077004620277216634,0.9401709401709402,1.520482823733673
"debt_to_income_ratio_39, loan_purpose_2",purchaser_type_0,0.0018801128067684062,0.9400000000000002,1.5202063723111763
"reverse_mortgage_2, total_units_5-24",purchaser_type_0,0.0021901314078844733,0.9399141630901288,1.5200675533565315
"income_bracket_Very High, purchaser_type_6",derived_loan_product_type_conventional:first lien,0.008040482428945736,0.9492325855962218,1.5200429691260746
"debt_to_income_ratio_>60%, state_code_ca",purchaser_type_0,0.004060243614616877,0.9398148148148149,1.5199068832701377
"construction_method_2, loan_term_bin_(0.999, 300.0]",purchaser_type_0,0.02810168610116607,0.9397993311036789,1.5198818423804183
"lien_status_2, loan_size_Small",purchaser_type_0,0.1319579174750485,0.9396809571286141,1.5196904031557277
"debt_to_income_ratio_39, derived_race_asian",loan_purpose_1,0.0010200612036722204,0.7445255474452556,1.5196898812231499
"co_applicant_age_missing, loan_type_4",state_code_other,0.004060243614616877,0.7422303473491774,1.5196892041613834
"derived_ethnicity_not hispanic or latino, occupancy_type_3",derived_loan_product_type_conventional:first lien,0.03385203112186731,0.9489767311466218,1.5196332594688888
"derived_dwelling_category_single family (1-4 units):manufactured, loan_term_bin_(0.999, 300.0]",purchaser_type_0,0.027991679500770045,0.9395770392749244,1.519522342960647
"income_bracket_Medium, occupancy_type_3",derived_loan_product_type_conventional:first lien,0.007610456627397644,0.9488778054862844,1.5194748459707181
"debt_to_income_ratio_missing, total_units_5-24",purchaser_type_0,0.0021701302078124688,0.9393939393939394,1.5192262263586864
"loan_purpose_4, loan_size_Small",purchaser_type_0,0.0592535552133128,0.939283449587825,1.5190475377338666
"loan_term_bin_(300.0, 360.0], occupancy_type_2",derived_loan_product_type_conventional:first lien,0.018231093865631938,0.9484911550468261,1.518855687620145
"derived_sex_male, state_code_ga",co_applicant_age_missing,0.011490689441366482,0.9575,1.5186412302128605
"loan_type_1, purchaser_type_6",loan_purpose_1,0.01703102186131168,0.7439930100480558,1.5186028913989937
"combined_loan_to_value_ratio_bin_(68.474, 82.976], derived_dwelling_category_multifamily:site-built",derived_loan_product_type_conventional:first lien,0.0011000660039602375,0.9482758620689654,1.5185109306214228
"debt_to_income_ratio_41, derived_sex_male",co_applicant_age_missing,0.007380442826569594,0.9571984435797665,1.5181629471705607
"lien_status_1, loan_term_bin_(360.0, 674.0]",purchaser_type_0,0.008420505230313818,0.9386845039018952,1.5180788983206552
"combined_loan_to_value_ratio_bin_(0.129, 68.474], derived_sex_male",co_applicant_age_missing,0.062243734624077444,0.9570967245886515,1.518001615939435
"applicant_age_<25, preapproval_1",state_code_other,0.0012900774046442787,0.7413793103448276,1.5179467373483906
"derived_sex_male, loan_term_bin_(0.999, 300.0]",co_applicant_age_missing,0.0634438066283977,0.9570070900588322,1.5178594512473886
"derived_sex_male, occupancy_type_3",derived_loan_product_type_conventional:first lien,0.02181130867852071,0.9478487614080834,1.5178269977618328
"applicant_age_missing, combined_loan_to_value_ratio_bin_(82.976, 27777.78]",derived_loan_product_type_conventional:first lien,0.0014500870052203132,0.9477124183006536,1.5176086662538522
"derived_sex_male, interest_rate_bin_missing",co_applicant_age_missing,0.1255075304518271,0.9568465995730404,1.517604905588088
"loan_term_bin_(0.999, 300.0], purchaser_type_5",co_applicant_age_missing,0.0017701062063723823,0.9567567567567568,1.5174624105436527
"income_bracket_High, loan_purpose_4",purchaser_type_0,0.019011140668440108,0.9383020730503456,1.5174604155360871
"derived_sex_female, loan_purpose_4",co_applicant_age_missing,0.01722103326199572,0.9566666666666668,1.5173195233110217
"applicant_age_45-54, loan_purpose_4",purchaser_type_0,0.01880112806768406,0.9381237524950099,1.5171720282546663
"occupancy_type_2, purchaser_type_1",loan_purpose_1,0.002200132007920475,0.7432432432432432,1.5170725033143126
"debt_to_income_ratio_<20%, derived_dwelling_category_single family (1-4 units):manufactured",loan_purpose_1,0.0013600816048962938,0.7431693989071039,1.5169217757928708
"construction_method_2, debt_to_income_ratio_<20%",loan_purpose_1,0.0013600816048962938,0.7431693989071039,1.5169217757928708
"loan_size_Large, occupancy_type_2",loan_purpose_1,0.008780526831609896,0.7428087986463621,1.5161857358150672
"co_applicant_age_missing, derived_loan_product_type_conventional:subordinate lien",purchaser_type_0,0.09271556293377603,0.9373167526033769,1.5158669150868846
"derived_ethnicity_not hispanic or latino, loan_purpose_4",purchaser_type_0,0.054553273196391784,0.9372852233676976,1.51581592471987
"derived_race_white, occupancy_type_3",derived_loan_product_type_conventional:first lien,0.027801668100086004,0.9465440926115083,1.515737780997296
"debt_to_income_ratio_<20%, derived_sex_male",co_applicant_age_missing,0.014830889853391203,0.9555412371134021,1.5155345377013216
"combined_loan_to_value_ratio_bin_missing, loan_purpose_4",purchaser_type_0,0.016660999659979598,0.937007874015748,1.5153673840260506
"derived_ethnicity_not hispanic or latino, loan_type_4",derived_race_white,0.003420205212312739,0.8769230769230769,1.5152680390856272
"loan_size_Large, total_units_5-24",purchaser_type_0,0.0020801248074884494,0.9369369369369369,1.5152526616864317
"occupancy_type_3, state_code_pa",derived_loan_product_type_conventional:first lien,0.00264015840950457,0.9462365591397849,1.5152453157168606
"derived_sex_female, loan_purpose_2",co_applicant_age_missing,0.0194511670700242,0.9553045186640471,1.5151590908113555
"combined_loan_to_value_ratio_bin_(68.474, 82.976], loan_purpose_1",derived_loan_product_type_conventional:first lien,0.08966537992279537,0.9461798227100042,1.5151544614705041
"derived_sex_female, state_code_oh",co_applicant_age_missing,0.007260435626137568,0.9552631578947368,1.5150934906342404
"co_applicant_age_missing, lien_status_2",purchaser_type_0,0.09280556833410004,0.9366168752523213,1.5147350448646388
"applicant_age_>74, loan_purpose_2",purchaser_type_0,0.003250195011700702,0.9365994236311239,1.5147068213904353
"co_applicant_age_45-54, occupancy_type_3",derived_loan_product_type_conventional:first lien,0.0047202832169930195,0.9458917835671343,1.5146932132152333
"derived_loan_product_type_conventional:subordinate lien, loan_term_bin_(300.0, 360.0]",purchaser_type_0,0.06417385043102586,0.9365148861646235,1.5145701039486554
"co_applicant_age_<25, debt_to_income_ratio_missing",purchaser_type_0,0.0022101326079564773,0.9364406779661016,1.514450091420708
"conforming_loan_limit_missing, interest_rate_bin_(3.99, 5.375]",derived_loan_product_type_conventional:first lien,0.0012200732043922634,0.945736434108527,1.514444446099674
"debt_to_income_ratio_47, derived_race_asian",derived_ethnicity_not hispanic or latino,0.001240074404464268,0.9612403100775194,1.5143411829766114
"loan_purpose_4, state_code_oh",purchaser_type_0,0.0035302118127087624,0.9363395225464191,1.5142864987466704
"loan_purpose_2, loan_size_Medium",purchaser_type_0,0.011610696641798509,0.9362903225806453,1.5142069305535995
"derived_sex_male, loan_purpose_31",co_applicant_age_missing,0.038272296337780266,0.95460214517336,1.5140450925429838
"derived_sex_male, purchaser_type_0",co_applicant_age_missing,0.19006140368422106,0.9545933999698628,1.5140312222279997
"derived_sex_female, loan_purpose_4",purchaser_type_0,0.01685101106066364,0.9361111111111111,1.5139171024493685
"derived_sex_male, loan_size_Medium",co_applicant_age_missing,0.09329559773586416,0.9544710456312667,1.5138371623394486
"co_applicant_age_55-64, loan_purpose_4",purchaser_type_0,0.006000360021601296,0.9360374414976599,1.513797960943183
"derived_loan_product_type_conventional:subordinate lien, occupancy_type_3",purchaser_type_0,0.0027801668100086007,0.9360269360269361,1.5137809710670784
"lien_status_2, loan_term_bin_(300.0, 360.0]",purchaser_type_0,0.06419385163109786,0.9359871682706328,1.5137166570282008
"loan_purpose_4, total_units_2",purchaser_type_0,0.0010200612036722204,0.9357798165137615,1.5133813193025567
"combined_loan_to_value_ratio_bin_(82.976, 27777.78], debt_to_income_ratio_20%-<30%",loan_purpose_1,0.019611176670600236,0.741398865784499,1.5133078483997469
"co_applicant_age_35-44, occupancy_type_2",derived_loan_product_type_conventional:first lien,0.002230133808028482,0.9449152542372882,1.513129458910438
"debt_to_income_ratio_missing, derived_sex_male",co_applicant_age_missing,0.0791647498849931,0.9539648107977825,1.513034249451408
"applicant_age_25-34, state_code_ny",loan_purpose_1,0.004520271216272976,0.740983606557377,1.5124602411581858
derived_loan_product_type_fsa/rhs:first lien,state_code_other,0.005060303618217093,0.7386861313868615,1.512432552968955
"lien_status_1, loan_type_4",state_code_other,0.005060303618217093,0.7386861313868615,1.512432552968955
"derived_loan_product_type_fsa/rhs:first lien, occupancy_type_1",state_code_other,0.005060303618217093,0.7386861313868615,1.512432552968955
"loan_purpose_4, state_code_other",purchaser_type_0,0.037792267536052165,0.935164563226924,1.5123863065714547
"loan_purpose_31, occupancy_type_2",derived_loan_product_type_conventional:first lien,0.0025501530091805507,0.9444444444444444,1.5123755329219424
"combined_loan_to_value_ratio_bin_missing, preapproval_1",purchaser_type_0,0.0021601296077764665,0.935064935064935,1.5122251838409044
"derived_loan_product_type_fsa/rhs:first lien, loan_purpose_1",state_code_other,0.004800288017281037,0.7384615384615384,1.5119727072550693
"derived_race_asian, purchaser_type_6",derived_loan_product_type_conventional:first lien,0.0018601116066964017,0.9441624365482233,1.5119239427359399
"co_applicant_age_55-64, occupancy_type_2",derived_loan_product_type_conventional:first lien,0.00338020281216873,0.9441340782122905,1.5118785314323195
"debt_to_income_ratio_50%-60%, preapproval_1",state_code_other,0.001750105006300378,0.7383966244725738,1.5118397982618157
"co_applicant_age_25-34, debt_to_income_ratio_50%-60%",loan_purpose_1,0.003170190211412685,0.7406542056074766,1.5117878837190801
"debt_to_income_ratio_37, loan_purpose_4",purchaser_type_0,0.0017201032061923715,0.9347826086956522,1.511768594111484
"applicant_age_25-34, derived_race_black or african american",loan_purpose_1,0.009450567034022042,0.7405956112852665,1.5116682837955244
"derived_loan_product_type_fsa/rhs:first lien, total_units_1",state_code_other,0.005050303018181091,0.7383040935672515,1.511650344653011
"interest_rate_bin_missing, loan_term_bin_missing",purchaser_type_0,0.02560153609216553,0.9346476816356334,1.5115503845620821
"debt_to_income_ratio_40, occupancy_type_3",derived_loan_product_type_conventional:first lien,0.0010100606036362182,0.9439252336448597,1.5115441005234145
"combined_loan_to_value_ratio_bin_missing, derived_sex_male",co_applicant_age_missing,0.08820529231753906,0.9529983792544571,1.5115014423622464
"derived_race_asian, purchaser_type_6",derived_ethnicity_not hispanic or latino,0.0018901134068044082,0.9593908629441624,1.511427557808775
"debt_to_income_ratio_missing, occupancy_type_2",derived_loan_product_type_conventional:first lien,0.006380382822969378,0.9437869822485208,1.511322713198363
"derived_race_american indian or alaska native, derived_sex_female",co_applicant_age_missing,0.0018201092065523931,0.9528795811518325,1.511313022835649
"derived_sex_female, loan_term_bin_(360.0, 674.0]",co_applicant_age_missing,0.0028301698101886115,0.9528619528619529,1.5112850635167674
"interest_rate_bin_(-0.001, 3.99], loan_type_4",state_code_other,0.001240074404464268,0.7380952380952381,1.5112227207931375
"derived_race_white, loan_purpose_4",purchaser_type_0,0.0504430265815949,0.9344201556131901,1.5111824201906088
"loan_purpose_4, occupancy_type_1",purchaser_type_0,0.07203432205932356,0.9343624335192632,1.5110890696640014
"interest_rate_bin_missing, occupancy_type_3",derived_loan_product_type_conventional:first lien,0.025941556493389605,0.9436158603128411,1.5110486890033026
"derived_dwelling_category_multifamily:site-built, interest_rate_bin_(3.99, 5.375]",derived_loan_product_type_conventional:first lien,0.0011700702042122526,0.943548387096774,1.510940641524483
"interest_rate_bin_(5.375, 15.25], loan_term_bin_(360.0, 674.0]",purchaser_type_0,0.00412024721483289,0.9342403628117913,1.5108916519327555
"conforming_loan_limit_c, derived_loan_product_type_fsa/rhs:first lien",state_code_other,0.005040302418145089,0.7379209370424598,1.5108658458295534
"derived_loan_product_type_fsa/rhs:first lien, reverse_mortgage_2",state_code_other,0.005040302418145089,0.7379209370424598,1.5108658458295534
"derived_dwelling_category_single family (1-4 units):site-built, derived_loan_product_type_fsa/rhs:first lien",state_code_other,0.004980298817929075,0.7377777777777778,1.5105727325261296
"construction_method_1, derived_loan_product_type_fsa/rhs:first lien",state_code_other,0.004980298817929075,0.7377777777777778,1.5105727325261296
"combined_loan_to_value_ratio_bin_missing, purchaser_type_6",loan_purpose_1,0.0018501110066603996,0.74,1.5104525505725777
"loan_purpose_4, loan_term_bin_missing",purchaser_type_0,0.0053703222193331596,0.9339130434782608,1.5103622977448683
"derived_ethnicity_not hispanic or latino, derived_sex_male",co_applicant_age_missing,0.21931315878952737,0.9522362136343899,1.5102926108897818
"loan_size_Large, state_code_il",loan_purpose_1,0.005320319219153149,0.7399165507649513,1.5102822179916011
"applicant_age_missing, interest_rate_bin_missing",derived_loan_product_type_conventional:first lien,0.007460447626857611,0.943109987357775,1.510238615012705
"co_applicant_age_65-74, loan_purpose_4",purchaser_type_0,0.003810228613716823,0.9338235294117646,1.5102175319424227
"applicant_age_25-34, loan_size_Medium",loan_purpose_1,0.04470268216092966,0.7398212512413109,1.510087697169235
"combined_loan_to_value_ratio_bin_(0.129, 68.474], derived_dwelling_category_multifamily:site-built",co_applicant_age_missing,0.0015900954057243434,0.9520958083832335,1.5100699213823723
"conforming_loan_limit_missing, loan_purpose_1",purchaser_type_0,0.0018301098065883954,0.9336734693877552,1.5099748487459033
"income_bracket_Low, loan_purpose_4",purchaser_type_0,0.01703102186131168,0.9336622807017543,1.5099567539461625
"interest_rate_bin_(3.99, 5.375], occupancy_type_2",derived_loan_product_type_conventional:first lien,0.004790287417245034,0.9429133858267716,1.5099237893530555
"debt_to_income_ratio_42, loan_purpose_2",purchaser_type_0,0.0025301518091085467,0.933579335793358,1.5098226120543594
"derived_loan_product_type_fsa/rhs:first lien, purchaser_type_0",state_code_other,0.0017401044062643758,0.7372881355932204,1.5095702082498972
"applicant_age_55-64, loan_purpose_4",purchaser_type_0,0.0152809168550113,0.93341478313989,1.5095564907858672
"interest_rate_bin_(3.99, 5.375], loan_type_2",loan_purpose_1,0.024421465287917277,0.7395517867958814,1.5095376792518191
"derived_loan_product_type_fha:first lien, interest_rate_bin_(3.99, 5.375]",loan_purpose_1,0.024421465287917277,0.7395517867958814,1.5095376792518191
"derived_sex_female, loan_purpose_31",co_applicant_age_missing,0.02602156129367762,0.9517190929041697,1.5094724324439226
"derived_race_black or african american, derived_sex_female",co_applicant_age_missing,0.030541832509950597,0.9516983483951387,1.5094395306510087
"debt_to_income_ratio_46, derived_race_asian",derived_ethnicity_not hispanic or latino,0.0011400684041042463,0.957983193277311,1.5092099103316647
"income_bracket_Very High, occupancy_type_3",derived_loan_product_type_conventional:first lien,0.019651179070744245,0.9424460431654677,1.5091754154168178
"derived_loan_product_type_fsa/rhs:first lien, preapproval_2",state_code_other,0.004850291017461048,0.737082066869301,1.509148290153751
"derived_sex_female, loan_purpose_32",co_applicant_age_missing,0.04080244814688881,0.9514925373134328,1.50911310433841
"co_applicant_age_25-34, derived_sex_female",loan_purpose_1,0.002070124207452447,0.7392857142857143,1.5089945847901718
"debt_to_income_ratio_20%-<30%, derived_sex_male",co_applicant_age_missing,0.032301938116286975,0.9513991163475698,1.508964934175981
"debt_to_income_ratio_45, loan_purpose_2",purchaser_type_0,0.0015300918055083305,0.9329268292682927,1.5087673518656586
"lien_status_2, occupancy_type_3",purchaser_type_0,0.0027801668100086007,0.9328859060402684,1.5087011691507457
"derived_sex_male, state_code_tx",co_applicant_age_missing,0.024081444886693202,0.9510268562401264,1.5083745116720362
"applicant_age_55-64, debt_to_income_ratio_missing",purchaser_type_0,0.035302118127087626,0.9326287978863936,1.5082853633487312
"combined_loan_to_value_ratio_bin_(0.129, 68.474], conforming_loan_limit_missing",derived_loan_product_type_conventional:first lien,0.00162009720583235,0.9418604651162791,1.508237706566479
"derived_sex_female, lien_status_2",co_applicant_age_missing,0.03236194171650299,0.9509256538348516,1.508213999770995
"co_applicant_age_35-44, purchaser_type_71",loan_purpose_1,0.003820229213752825,0.7388781431334622,1.5081626700787407
"derived_loan_product_type_conventional:subordinate lien, derived_sex_female",co_applicant_age_missing,0.032331939916394985,0.9508823529411765,1.5081453224629635
"derived_loan_product_type_fsa/rhs:first lien, interest_rate_bin_(-0.001, 3.99]",state_code_other,0.0012300738044282657,0.7365269461077845,1.5080117009112126
"combined_loan_to_value_ratio_bin_missing, derived_race_american indian or alaska native",purchaser_type_0,0.002070124207452447,0.9324324324324325,1.5079677931206317
"debt_to_income_ratio_40, loan_type_2",loan_purpose_1,0.0014700882052923175,0.7386934673366833,1.5077857186891814
"derived_sex_female, loan_size_Small",co_applicant_age_missing,0.0860651639098346,0.9506241025074561,1.5077357248061822
"derived_dwelling_category_multifamily:site-built, state_code_other",co_applicant_age_missing,0.0019201152069124147,0.9504950495049505,1.5075310405132445
"derived_sex_male, state_code_az",co_applicant_age_missing,0.008250495029701783,0.9504608294930876,1.5074767659222124
"interest_rate_bin_missing, loan_type_4",state_code_other,0.0012000720043202592,0.7361963190184049,1.50733475416533
"combined_loan_to_value_ratio_bin_(68.474, 82.976], loan_purpose_4",purchaser_type_0,0.01996119767186031,0.9318394024276377,1.5070087207884395
"derived_ethnicity_joint, loan_purpose_4",purchaser_type_0,0.0016400984059043542,0.9318181818181818,1.506974401952568
"debt_to_income_ratio_43, loan_purpose_2",purchaser_type_0,0.0016400984059043542,0.9318181818181818,1.506974401952568
"combined_loan_to_value_ratio_bin_missing, occupancy_type_2",derived_loan_product_type_conventional:first lien,0.007180430825849551,0.9410222804718217,1.5068954889741102
"debt_to_income_ratio_38, derived_loan_product_type_conventional:subordinate lien",purchaser_type_0,0.003960237614256856,0.9317647058823529,1.5068879184861719
"debt_to_income_ratio_38, lien_status_2",purchaser_type_0,0.003960237614256856,0.9317647058823529,1.5068879184861719
"loan_purpose_4, reverse_mortgage_2",purchaser_type_0,0.07399443966637999,0.931746631406624,1.5068586877061938
"conforming_loan_limit_missing, loan_term_bin_(0.999, 300.0]",derived_loan_product_type_conventional:first lien,0.0027101626097565854,0.9409722222222222,1.5068153287567883
"loan_type_4, total_units_1",state_code_other,0.0051003060183611015,0.7359307359307359,1.5067909826089931
"derived_sex_male, occupancy_type_1",co_applicant_age_missing,0.264025841550493,0.9500179920834831,1.5067744044094125
"combined_loan_to_value_ratio_bin_(82.976, 27777.78], debt_to_income_ratio_>60%",purchaser_type_0,0.01023061383683021,0.9316939890710384,1.5067735523721402
"debt_to_income_ratio_30%-<36%, derived_sex_male",co_applicant_age_missing,0.03204192251535092,0.9498962348058108,1.5065812914883139
"loan_purpose_4, loan_type_1",purchaser_type_0,0.07440446426785607,0.93151370977839,1.5064819973407786
"interest_rate_bin_(3.99, 5.375], purchaser_type_2",loan_purpose_1,0.024311458687521253,0.7380085003035823,1.5063875967943092
"conforming_loan_limit_nc, debt_to_income_ratio_>60%",purchaser_type_0,0.0019001140068404105,0.9313725490196078,1.5062537063992667
"co_applicant_age_25-34, debt_to_income_ratio_39",loan_purpose_1,0.0018301098065883954,0.7379032258064516,1.506172715533902
"derived_sex_male, total_units_1",co_applicant_age_missing,0.2832569954197252,0.9495775781145233,1.5060758865904837
"conforming_loan_limit_nc, derived_race_asian",loan_purpose_1,0.004080244814688882,0.7377938517179023,1.5059494663838806
"loan_purpose_32, occupancy_type_2",derived_loan_product_type_conventional:first lien,0.0022101326079564773,0.9404255319148936,1.5059398923563172
"derived_sex_male, purchaser_type_9",co_applicant_age_missing,0.005430325819549173,0.9493006993006993,1.5056367434234388
"conforming_loan_limit_c, derived_sex_male",co_applicant_age_missing,0.28019681180870853,0.9492800271048619,1.5056039563227415
"interest_rate_bin_(3.99, 5.375], loan_purpose_2",purchaser_type_0,0.013880832849970999,0.9309188464118042,1.5055199600210571
"lien_status_2, state_code_az",purchaser_type_0,0.004850291017461048,0.9309021113243763,1.5054928953545155
"loan_type_4, purchaser_type_0",state_code_other,0.001750105006300378,0.7352941176470588,1.505487530201892
"combined_loan_to_value_ratio_bin_(0.129, 68.474], derived_dwelling_category_multifamily:site-built",derived_loan_product_type_conventional:first lien,0.001570094205652339,0.9401197604790419,1.5054502486922892
"derived_race_race not available, loan_purpose_2",purchaser_type_0,0.014140848450907054,0.9308755760368663,1.5054499814043412
"derived_dwelling_category_multifamily:site-built, loan_purpose_1",purchaser_type_0,0.001750105006300378,0.9308510638297872,1.5054103392624252
"derived_sex_male, total_units_4",co_applicant_age_missing,0.001120067204032242,0.9491525423728815,1.5054017593825764
loan_type_4,state_code_other,0.005110306618397104,0.7352517985611511,1.5054008834375638
"loan_type_4, occupancy_type_1",state_code_other,0.005110306618397104,0.7352517985611511,1.5054008834375638
"derived_race_white, derived_sex_male",co_applicant_age_missing,0.20017201032061924,0.9490753911806543,1.5052793938666742
"derived_loan_product_type_conventional:subordinate lien, state_code_az",purchaser_type_0,0.004840290417425046,0.9307692307692308,1.5052779954963362
"derived_sex_male, state_code_other",co_applicant_age_missing,0.14124847490849451,0.9490022172949002,1.5051633365508716
"debt_to_income_ratio_40, derived_loan_product_type_fha:first lien",loan_purpose_1,0.0014600876052563154,0.7373737373737373,1.5050919491099939
"applicant_age_45-54, loan_term_bin_missing",purchaser_type_0,0.00523031381882913,0.9306049822064058,1.5050123660156451
"debt_to_income_ratio_37, loan_purpose_2",purchaser_type_0,0.002010120607236434,0.9305555555555556,1.504932431218215
"combined_loan_to_value_ratio_bin_(68.474, 82.976], purchaser_type_9",derived_loan_product_type_conventional:first lien,0.003120187211232674,0.9397590361445783,1.5048726068195657
"debt_to_income_ratio_missing, derived_race_joint",purchaser_type_0,0.0041502490149408966,0.9304932735426009,1.5048317062044128
"derived_sex_male, preapproval_2",co_applicant_age_missing,0.28366702002120125,0.9486939362520485,1.5046743879324196
"loan_purpose_1, loan_type_4",state_code_other,0.004850291017461048,0.7348484848484849,1.5045751135169212
"co_applicant_age_55-64, purchaser_type_6",derived_loan_product_type_conventional:first lien,0.0017101026061563695,0.9395604395604397,1.5045545864039236
"derived_sex_male, reverse_mortgage_2",co_applicant_age_missing,0.28682720963257796,0.9485712395819552,1.504479785089586
"derived_sex_female, loan_term_bin_missing",co_applicant_age_missing,0.007190431425885553,0.9485488126649076,1.5044442149163273
"derived_dwelling_category_single family (1-4 units):site-built, derived_sex_male",co_applicant_age_missing,0.2797267836070164,0.9485231781342195,1.5044035573129642
"derived_sex_male, state_code_il",co_applicant_age_missing,0.00921055263315799,0.9485066941297632,1.5043774128860123
"construction_method_1, derived_sex_male",co_applicant_age_missing,0.27990679440766447,0.9484260106401002,1.5042494449758301
"derived_sex_female, loan_type_3",co_applicant_age_missing,0.005700342020521231,0.9484193011647254,1.5042388034239373
"derived_loan_product_type_va:first lien, derived_sex_female",co_applicant_age_missing,0.005700342020521231,0.9484193011647254,1.5042388034239373
"derived_loan_product_type_fsa/rhs:first lien, loan_term_bin_(300.0, 360.0]",state_code_other,0.004900294017641058,0.7346326836581709,1.5041332685555335
derived_sex_male,co_applicant_age_missing,0.2925175510530632,0.9483513276918588,1.5041309942140617
"debt_to_income_ratio_missing, purchaser_type_8",co_applicant_age_missing,0.0016500990059403564,0.9482758620689655,1.504011302092506
"applicant_age_25-34, debt_to_income_ratio_38",loan_purpose_1,0.0032201932115926957,0.7368421052631579,1.5040068071135195
"combined_loan_to_value_ratio_bin_missing, construction_method_2",purchaser_type_0,0.02802168130087805,0.9299701294390972,1.5039856562046432
"combined_loan_to_value_ratio_bin_missing, derived_dwelling_category_single family (1-4 units):manufactured",purchaser_type_0,0.027991679500770045,0.9299003322259136,1.5038727773022482
"derived_race_asian, purchaser_type_1",loan_purpose_1,0.004730283817029022,0.7367601246105919,1.503839472132755
"conforming_loan_limit_c, loan_type_4",state_code_other,0.005090305418325099,0.7344877344877344,1.5038364904862305
"loan_type_4, reverse_mortgage_2",state_code_other,0.005090305418325099,0.7344877344877344,1.5038364904862305
"applicant_age_25-34, occupancy_type_3",derived_loan_product_type_conventional:first lien,0.0069404164249854995,0.939106901217862,1.5038283178588638
"debt_to_income_ratio_missing, loan_purpose_4",purchaser_type_0,0.014670880252815169,0.9296577946768062,1.503480535677059
"derived_sex_male, interest_rate_bin_(-0.001, 3.99]",co_applicant_age_missing,0.055663339800388026,0.9478882833787466,1.5033965835766645
"co_applicant_age_25-34, combined_loan_to_value_ratio_bin_missing",loan_purpose_1,0.01514090845450727,0.7363813229571984,1.5030662803442016
"derived_dwelling_category_multifamily:site-built, loan_term_bin_(0.999, 300.0]",derived_loan_product_type_conventional:first lien,0.0026001560093605615,0.9386281588447652,1.5030616891218285
"combined_loan_to_value_ratio_bin_(0.129, 68.474], conforming_loan_limit_missing",co_applicant_age_missing,0.0016300978058683521,0.9476744186046512,1.503057383719086
"co_applicant_age_25-34, derived_ethnicity_hispanic or latino",loan_purpose_1,0.005810348620917255,0.7363751584283904,1.5030536976033084
"combined_loan_to_value_ratio_bin_(82.976, 27777.78], loan_type_1",loan_purpose_1,0.10301618097085825,0.736311651179414,1.5029240696489892
"occupancy_type_3, purchaser_type_0",derived_loan_product_type_conventional:first lien,0.04467268036082165,0.9384453781512605,1.502768995305508
"derived_ethnicity_hispanic or latino, derived_loan_product_type_conventional:subordinate lien",purchaser_type_0,0.01444086645198712,0.9292149292149292,1.5027643155736314
"derived_dwelling_category_single family (1-4 units):site-built, loan_type_4",state_code_other,0.005020301218073084,0.7339181286549707,1.5026702435956663
"construction_method_1, loan_type_4",state_code_other,0.005020301218073084,0.7339181286549707,1.5026702435956663
"occupancy_type_2, purchaser_type_3",loan_purpose_1,0.0017301038062283738,0.7361702127659575,1.5026353723349968
"conforming_loan_limit_missing, state_code_other",co_applicant_age_missing,0.001980118807128428,0.9473684210526315,1.5025720568273457
"derived_loan_product_type_conventional:subordinate lien, derived_race_black or african american",purchaser_type_0,0.010860651639098346,0.9289991445680069,1.5024153398339526
"derived_dwelling_category_single family (1-4 units):site-built, loan_purpose_4",purchaser_type_0,0.07492449546972818,0.928952262864228,1.5023395208288148
"derived_sex_male, loan_type_1",co_applicant_age_missing,0.2309938596315779,0.9472216526553209,1.502339275062909
"combined_loan_to_value_ratio_bin_(0.129, 68.474], derived_sex_female",co_applicant_age_missing,0.049352961177670664,0.9472168905950096,1.5023317222053325
"income_bracket_Very High, loan_purpose_4",purchaser_type_0,0.020491229473768427,0.92883046237534,1.5021425401060933
"loan_term_bin_(300.0, 360.0], loan_type_4",state_code_other,0.004930295817749065,0.7336309523809523,1.50208226078834
"loan_purpose_4, total_units_1",purchaser_type_0,0.07421445286717203,0.9287859824780976,1.5020706054005322
"construction_method_1, loan_purpose_4",purchaser_type_0,0.07495449726983619,0.9287484510532839,1.50200990804823
loan_purpose_4,purchaser_type_0,0.07556453387203232,0.9287118977384464,1.50195079253531
"applicant_age_<25, debt_to_income_ratio_missing",purchaser_type_0,0.00546032761965718,0.9285714285714287,1.5017236200642317
"applicant_age_55-64, debt_to_income_ratio_exempt",purchaser_type_0,0.0026001560093605615,0.9285714285714286,1.5017236200642317
"derived_sex_male, purchaser_type_2",co_applicant_age_missing,0.018691121467288036,0.9468085106382979,1.5016840118765022
"derived_sex_male, loan_term_bin_missing",co_applicant_age_missing,0.008710522631357881,0.9467391304347826,1.5015739715238976
"derived_dwelling_category_single family (1-4 units):manufactured, derived_sex_male",co_applicant_age_missing,0.012610756645398725,0.9466966966966968,1.501506669566499
"construction_method_2, derived_sex_male",co_applicant_age_missing,0.012610756645398725,0.9466966966966968,1.501506669566499
"applicant_age_55-64, combined_loan_to_value_ratio_bin_missing",purchaser_type_0,0.03941236474188451,0.9283863368669021,1.5014242822039303
"derived_ethnicity_joint, loan_size_Large",loan_purpose_1,0.006700402024121447,0.7354555433589463,1.50117662337738
"loan_type_4, preapproval_2",state_code_other,0.004890293417605056,0.7331334332833583,1.5010636088237876
"derived_ethnicity_hispanic or latino, lien_status_2",purchaser_type_0,0.014450867052023121,0.9280667951188183,1.5009075062447215
"debt_to_income_ratio_>60%, loan_purpose_1",purchaser_type_0,0.012380742844570674,0.9280359820089955,1.5008576740256754
"derived_sex_male, loan_purpose_4",purchaser_type_0,0.025771546292777565,0.927979834353619,1.5007668697453629
"combined_loan_to_value_ratio_bin_missing, conforming_loan_limit_missing",co_applicant_age_missing,0.0012300738044282657,0.9461538461538461,1.5006456823955159
"occupancy_type_3, state_code_nc",derived_loan_product_type_conventional:first lien,0.0023801428085685142,0.9370078740157481,1.5004670641587776
"debt_to_income_ratio_46, derived_race_black or african american",derived_ethnicity_not hispanic or latino,0.0014000840050403024,0.9523809523809524,1.5003841213823568
"derived_ethnicity_hispanic or latino, derived_sex_male",co_applicant_age_missing,0.04114246854811289,0.9459645895608186,1.5003455123012484
"derived_ethnicity_not hispanic or latino, reverse_mortgage_1111",derived_race_white,0.010800648038882333,0.8681672025723473,1.5001384377476592
"derived_sex_male, state_code_fl",co_applicant_age_missing,0.027561653699221953,0.9457789979409745,1.5000511550314026
"loan_purpose_2, state_code_ca",purchaser_type_0,0.009600576034562073,0.9275362318840579,1.5000494577230226
