pca_x,pca_y,cluster,cluster_name,loan_amount,income,interest_rate,ltv
0.5361215784655339,-0.2517160900564433,2,Konservatif HNW (Grup 3),465000,172.0,4.25,95.0
0.7082559000166124,0.6684410523462802,1,Peminjam Agresif (Grup 2),125000,407.0,5.25,39.063
-0.7365943850330975,2.9301996127160814,2,Konservatif HNW (Grup 3),65000,46.0,3.19,25.833
0.16275423915669424,1.215958069305411,2,Konservatif HNW (Grup 3),355000,98.0,3.03,56.27
-0.032350350464633,0.0633867099796899,2,Konservatif HNW (Grup 3),455000,94.0,3.625,95.0
0.9275145386337795,-0.6963013005013763,1,Peminjam Agresif (Grup 2),605000,275.0,4.45,89.985
0.8890413787571948,0.5284786792377382,2,Konservatif HNW (Grup 3),485000,203.0,3.625,82.759
0.8717010676072808,-0.3133211619380196,1,Peminjam Agresif (Grup 2),595000,182.0,5.75,55.23
-0.6110026087436737,-0.08989236873071191,2,Konservatif HNW (Grup 3),325000,55.0,4.25,90.0
-1.288836780985235,0.5380499893582767,2,Konservatif HNW (Grup 3),75000,36.0,8.49,17.2
-0.7908185426517987,0.5866129825341253,2,Konservatif HNW (Grup 3),165000,52.0,3.99,75.64
6.298615228518067,-1.5685221637721745,0,Kelas Menengah (Grup 1),1575000,774.0,5.0,85.0
-0.9408264269291705,3.3809815404022485,2,Konservatif HNW (Grup 3),45000,52.0,2.45,27.027
-0.05602164807224782,0.0772281605999968,2,Konservatif HNW (Grup 3),305000,126.0,3.25,95.0
-0.7015126733366074,1.4700923831139434,2,Konservatif HNW (Grup 3),115000,133.0,2.875,62.0
-0.37739076339334626,-0.1665022643892434,2,Konservatif HNW (Grup 3),125000,132.0,5.25,80.0
-0.4485367600632321,-0.3831309193246073,1,Peminjam Agresif (Grup 2),235000,55.0,4.75,72.813
-1.2241062476661462,-2.223503914195245,1,Peminjam Agresif (Grup 2),115000,96.0,9.5,81.05
-0.08532949602852177,0.44072356424316605,2,Konservatif HNW (Grup 3),365000,53.0,3.25,73.7
-0.3283019305616818,0.41792061821015825,2,Konservatif HNW (Grup 3),105000,119.0,4.29,71.837
0.5268814576140981,-0.8770629023393811,1,Peminjam Agresif (Grup 2),265000,99.0,4.5,96.5
-0.4817082610492566,0.1564042541143679,2,Konservatif HNW (Grup 3),125000,97.0,3.25,95.0
-0.3637812110779519,0.937586713618222,2,Konservatif HNW (Grup 3),235000,41.0,3.375,49.0
-0.3346761126593718,0.43776929360271266,2,Konservatif HNW (Grup 3),455000,146.0,4.125,80.0
1.1382875770673613,2.338326657857625,2,Konservatif HNW (Grup 3),205000,322.0,2.74,39.04
0.9394138451262698,-0.8336255365776893,1,Peminjam Agresif (Grup 2),415000,151.0,4.25,91.209
-1.06226113153144,0.25849922677031345,2,Konservatif HNW (Grup 3),85000,33.0,5.25,63.566
-1.0468128505831718,0.3246204864671278,2,Konservatif HNW (Grup 3),185000,72.0,6.25,56.3
-0.4321404026353632,-0.297006679803085,1,Peminjam Agresif (Grup 2),135000,60.0,4.5,85.0
-0.23059207638034757,1.81758618227489,2,Konservatif HNW (Grup 3),255000,52.0,3.25,63.0
-0.15700686908495118,-1.5519886567921921,1,Peminjam Agresif (Grup 2),335000,135.0,6.5,99.927
-0.586136355496309,0.7186079679633599,2,Konservatif HNW (Grup 3),245000,40.0,3.25,71.045
0.18192901894970037,-0.7708061926092294,1,Peminjam Agresif (Grup 2),335000,125.0,3.875,89.362
0.5785922768017372,0.2372274481578448,1,Peminjam Agresif (Grup 2),215000,83.0,3.0,80.0
0.9642997878661239,-0.44564531509664945,1,Peminjam Agresif (Grup 2),405000,177.0,4.5,80.0
-0.004832446440155532,-1.6495442886132592,1,Peminjam Agresif (Grup 2),405000,150.0,5.5,100.0
1.834967645789214,0.8297551617087884,1,Peminjam Agresif (Grup 2),435000,253.0,3.75,80.0
-0.07572257433006986,-0.4594320691451998,1,Peminjam Agresif (Grup 2),265000,89.0,3.25,95.0
0.9607526519907577,-1.482731843234837,1,Peminjam Agresif (Grup 2),975000,212.0,4.75,76.441
1.5517007141522072,-1.04169268532128,1,Peminjam Agresif (Grup 2),615000,215.0,5.99,75.0
-0.3166635008377867,0.800973855443996,2,Konservatif HNW (Grup 3),405000,96.0,5.99,37.771
0.9178133381001087,-0.3989295542392862,1,Peminjam Agresif (Grup 2),575000,197.0,5.125,80.0
-0.36412859570382355,-0.6628589586833642,2,Konservatif HNW (Grup 3),335000,96.0,5.0,95.0
-0.2321611110745365,-1.1760024462597505,1,Peminjam Agresif (Grup 2),245000,107.0,6.999,80.0
1.378495269307141,0.23520495653884432,1,Peminjam Agresif (Grup 2),615000,203.0,3.75,80.0
-0.6319593358430311,1.7890168411867424,2,Konservatif HNW (Grup 3),85000,107.0,5.75,14.159
-0.5480831058444926,-0.3507731870255783,2,Konservatif HNW (Grup 3),135000,46.0,4.5,96.5
0.9624699055787831,0.6472187709833874,2,Konservatif HNW (Grup 3),485000,164.0,5.125,66.58
-0.10306613357172782,0.19134422104844154,1,Peminjam Agresif (Grup 2),105000,177.0,3.0,75.652
-0.12229241491104749,0.06646975073686937,1,Peminjam Agresif (Grup 2),315000,48.0,3.99,66.38
-0.9411834187048332,0.5231142984603548,2,Konservatif HNW (Grup 3),205000,35.0,6.25,49.51
1.697804421648391,-1.472690580093613,1,Peminjam Agresif (Grup 2),715000,268.0,6.75,85.0
-0.6730453871285931,-1.6221803019170615,1,Peminjam Agresif (Grup 2),245000,68.0,5.75,100.0
1.4336775806123525,-0.3278020091520303,1,Peminjam Agresif (Grup 2),505000,122.0,4.375,78.308
-0.1075615533302476,0.4325970985243451,2,Konservatif HNW (Grup 3),185000,226.0,5.09,60.0
4.690286456082635,0.5912908987319315,0,Kelas Menengah (Grup 1),985000,436.0,3.375,70.0
0.6516537583280291,-0.5283341258453734,1,Peminjam Agresif (Grup 2),375000,178.0,4.5,80.0
-0.42493240546804517,-0.9721954907733968,1,Peminjam Agresif (Grup 2),335000,97.0,5.5,85.0
0.8207189901346299,1.0551907386856536,2,Konservatif HNW (Grup 3),645000,218.0,2.99,65.35
-0.9660159300759052,-1.4854934344798152,1,Peminjam Agresif (Grup 2),215000,124.0,7.125,96.5
-0.8976414448323741,0.020770332464981014,2,Konservatif HNW (Grup 3),245000,142.0,6.125,80.0
-0.21423662952321118,1.5554280446870254,2,Konservatif HNW (Grup 3),335000,130.0,4.375,43.0
-0.03194375706864689,1.700693848285457,2,Konservatif HNW (Grup 3),115000,140.0,2.75,45.161
-1.0215190452884662,0.793423423505022,1,Peminjam Agresif (Grup 2),45000,32.0,4.0,38.596
0.8298702472182912,0.8146885471065228,1,Peminjam Agresif (Grup 2),245000,164.0,3.125,61.538
0.7270711357312123,1.4775789708349052,1,Peminjam Agresif (Grup 2),205000,198.0,2.49,40.0
0.029787820888381583,-0.4724682771601282,2,Konservatif HNW (Grup 3),135000,520.0,6.999,80.0
-0.5387397529254531,1.1535630101222152,2,Konservatif HNW (Grup 3),305000,45.0,3.25,54.818
-0.1352522280525422,-0.13114516745600802,1,Peminjam Agresif (Grup 2),195000,46.0,3.875,77.62
1.8117469633786605,0.23273035056601482,1,Peminjam Agresif (Grup 2),385000,155.0,6.0,60.0
0.40716891600439115,1.4525556192191997,2,Konservatif HNW (Grup 3),205000,217.0,1.99,60.0
0.7922756615222774,3.3256712095235943,2,Konservatif HNW (Grup 3),105000,175.0,0.99,48.179
-1.2308767957601903,-1.312369323110729,2,Konservatif HNW (Grup 3),145000,88.0,6.75,96.5
0.561944858037194,0.35388627134177403,2,Konservatif HNW (Grup 3),575000,118.0,3.125,80.0
-1.4368855975999077,0.0557016685117247,2,Konservatif HNW (Grup 3),65000,104.0,7.13,66.327
-0.9899792644391039,1.7862318619284074,2,Konservatif HNW (Grup 3),75000,21.0,4.375,42.0
-0.3779425385409366,-0.9744849596304545,1,Peminjam Agresif (Grup 2),345000,82.0,5.375,97.0
-0.7837424712044732,-0.3424762005611041,2,Konservatif HNW (Grup 3),135000,91.0,4.95,91.228
-1.6209821328623715,-0.8625383939161148,2,Konservatif HNW (Grup 3),25000,162.0,5.99,99.612
0.7201747716305146,-0.8850767221251775,1,Peminjam Agresif (Grup 2),635000,184.0,6.125,67.742
-0.3004145369320839,0.5543821329049001,2,Konservatif HNW (Grup 3),295000,85.0,4.5,58.2
-0.4951311578276026,-0.6403536899484809,1,Peminjam Agresif (Grup 2),245000,68.0,3.25,100.582
2.0209265764158952,-1.5111439552832302,1,Peminjam Agresif (Grup 2),655000,173.0,4.25,100.0
-0.8245914663309375,2.463970618926781,2,Konservatif HNW (Grup 3),115000,43.0,3.625,20.0
-0.4441475178126315,-0.7753636548915172,1,Peminjam Agresif (Grup 2),105000,113.0,6.0,80.496
-0.3158776538889336,1.8821457161743322,2,Konservatif HNW (Grup 3),155000,98.0,4.5,30.286
-0.42173267529879316,0.5735513852400173,2,Konservatif HNW (Grup 3),275000,98.0,3.5,80.0
-0.4909711944166028,0.7580627505716006,2,Konservatif HNW (Grup 3),125000,104.0,3.99,55.183
0.790810259937182,-0.48245490007229813,1,Peminjam Agresif (Grup 2),315000,67.0,3.25,95.0
-1.1937941432579804,-0.5478179562371686,1,Peminjam Agresif (Grup 2),95000,27.0,7.0,68.0
-0.6146221550833803,-0.7573789571639022,2,Konservatif HNW (Grup 3),365000,103.0,6.25,90.494
0.3683073519724078,-1.2980740435292037,1,Peminjam Agresif (Grup 2),415000,98.0,6.25,91.57
-0.5193228329357837,1.0323304296996383,2,Konservatif HNW (Grup 3),175000,71.0,3.875,56.452
-0.4097661190344276,-0.12872102444987402,2,Konservatif HNW (Grup 3),505000,93.0,5.375,80.0
0.8504634419538952,0.3130362207463246,2,Konservatif HNW (Grup 3),685000,110.0,2.875,90.0
0.1631752281675605,-0.3053800830020678,1,Peminjam Agresif (Grup 2),325000,63.0,3.75,96.891
-0.916797900598222,0.8854998641667394,2,Konservatif HNW (Grup 3),15000,58.0,0.0,104.19
1.6710032070679233,-0.9038665296000864,1,Peminjam Agresif (Grup 2),555000,182.0,5.375,79.83
-0.49416044902401124,1.7138921746741496,2,Konservatif HNW (Grup 3),155000,54.0,3.375,44.78
-2.0057951436443426,0.03336120413223111,2,Konservatif HNW (Grup 3),45000,93.0,7.0,70.0
-1.1329953939765331,-0.44224460384540887,2,Konservatif HNW (Grup 3),25000,86.0,6.0,89.0
-0.04269589251439761,0.48806330672352294,2,Konservatif HNW (Grup 3),265000,82.0,3.875,67.0
-0.41047694388116746,0.7644594960631294,1,Peminjam Agresif (Grup 2),125000,61.0,3.75,55.62
0.34315682935515823,-1.5698612714734104,1,Peminjam Agresif (Grup 2),495000,173.0,5.99,95.0
-0.1248578873646787,-1.1720328968097815,1,Peminjam Agresif (Grup 2),215000,138.0,6.95,80.0
-1.1016466109204288,1.377556437344953,2,Konservatif HNW (Grup 3),105000,42.0,4.875,35.088
0.2919890419763018,-0.1732970323896517,1,Peminjam Agresif (Grup 2),355000,94.0,2.99,90.0
-0.533083709926418,0.7399789654770466,2,Konservatif HNW (Grup 3),145000,43.0,3.25,74.5
-1.4067507880759604,0.39770599621504843,2,Konservatif HNW (Grup 3),35000,77.0,7.25,56.361
-0.010058993839475146,1.9251223027840403,2,Konservatif HNW (Grup 3),205000,107.0,2.75,34.783
-0.5593916059475428,0.09008773780172631,2,Konservatif HNW (Grup 3),55000,125.0,6.5,61.47
1.2687928418647634,-1.206150249442302,1,Peminjam Agresif (Grup 2),415000,218.0,5.99,90.0
-0.3267254900462213,-1.7127789072496573,1,Peminjam Agresif (Grup 2),325000,108.0,8.125,80.0
-0.6387417480293133,0.9934754265364059,2,Konservatif HNW (Grup 3),25000,96.0,2.45,78.87
-0.884633307466871,0.05990468081044145,2,Konservatif HNW (Grup 3),65000,178.0,6.125,65.0
-1.4363466321020582,1.0878080675969088,2,Konservatif HNW (Grup 3),75000,38.0,4.25,66.0
0.02320063744144604,0.2648836468998534,2,Konservatif HNW (Grup 3),375000,182.0,4.25,80.0
-0.04247400740697143,-0.8032820823117083,1,Peminjam Agresif (Grup 2),325000,102.0,3.75,100.0
-1.1161451374490752,-0.26110676218837037,2,Konservatif HNW (Grup 3),125000,56.0,3.75,89.925
-0.4611597433408925,-1.187700856302652,1,Peminjam Agresif (Grup 2),205000,46.0,7.125,90.0
-0.6617025104790984,-0.9719946295866042,2,Konservatif HNW (Grup 3),265000,80.0,5.625,96.5
-1.3202073605477105,1.477731951176384,2,Konservatif HNW (Grup 3),45000,64.0,1.99,80.0
-0.8669893854181429,1.0789126102348559,2,Konservatif HNW (Grup 3),155000,53.0,2.75,68.86
0.5607791384988461,-1.1955220383621863,1,Peminjam Agresif (Grup 2),455000,165.0,5.0,100.0
-0.3473975832496504,0.0411461562644705,2,Konservatif HNW (Grup 3),285000,69.0,3.625,95.0
-1.5494631642875818,0.7776856744109152,2,Konservatif HNW (Grup 3),15000,88.0,2.99,89.979
-0.5621025399169822,0.30188007472314704,2,Konservatif HNW (Grup 3),375000,133.0,3.25,90.0
-1.1658627547855724,1.9200872874032433,2,Konservatif HNW (Grup 3),105000,118.0,3.55,40.65
1.1944182241932852,-0.8867530991260818,1,Peminjam Agresif (Grup 2),625000,189.0,3.625,95.0
-0.4069934879675354,1.155796299491913,2,Konservatif HNW (Grup 3),125000,47.0,4.25,41.667
6.756149204710776,-1.0730874979259266,0,Kelas Menengah (Grup 1),2375000,517.0,4.75,70.36
-0.6855258528156835,2.8655952812950276,2,Konservatif HNW (Grup 3),85000,95.0,2.712,18.018
-0.4943881771590538,0.40288947291823723,2,Konservatif HNW (Grup 3),175000,64.0,3.25,74.0
0.014211143034604787,-2.042410885912482,1,Peminjam Agresif (Grup 2),425000,106.0,7.219,95.6
-0.9561325440452163,1.2535297498151008,2,Konservatif HNW (Grup 3),85000,120.0,6.25,22.99
-0.021156892843431436,-0.005561017817646014,1,Peminjam Agresif (Grup 2),185000,32.0,3.125,97.0
-0.32150640105322875,-0.5401321668814498,1,Peminjam Agresif (Grup 2),265000,99.0,5.75,80.0
-0.5471858671897559,-0.6431088732608756,1,Peminjam Agresif (Grup 2),175000,82.0,6.125,69.388
-0.8504980946557203,-0.7699926393373472,1,Peminjam Agresif (Grup 2),65000,60.0,4.25,100.0
-0.5542791443870969,-0.7725183829616964,1,Peminjam Agresif (Grup 2),125000,65.0,5.5,100.0
0.5205454608890331,-0.21306859938370043,1,Peminjam Agresif (Grup 2),315000,134.0,3.625,77.0
-0.39283169791670297,-1.0972004248419227,1,Peminjam Agresif (Grup 2),45000,134.0,8.31,64.932
-0.2382551473082383,0.6137608481769249,2,Konservatif HNW (Grup 3),475000,91.0,5.0,66.901
-0.33692486998339843,0.48423542944405873,1,Peminjam Agresif (Grup 2),205000,55.0,2.75,58.69
0.22895961640483517,1.1632998914876973,1,Peminjam Agresif (Grup 2),215000,109.0,2.75,53.466
-0.8735669963032607,0.9259655855479769,2,Konservatif HNW (Grup 3),165000,145.0,5.75,64.0
0.5580297390716913,-0.4598937695364939,1,Peminjam Agresif (Grup 2),295000,305.0,4.5,90.0
-0.6646213751201926,-1.690018134297139,1,Peminjam Agresif (Grup 2),185000,62.0,7.125,97.0
-1.1903808707976031,-0.687136133132516,2,Konservatif HNW (Grup 3),195000,106.0,4.625,95.0
0.020290326716688234,-1.2864108951625457,1,Peminjam Agresif (Grup 2),445000,90.0,5.0,94.687
-0.40783605052585914,-1.1886670370031966,1,Peminjam Agresif (Grup 2),215000,68.0,5.5,102.3
-0.6223486969519642,-0.3289531123593365,2,Konservatif HNW (Grup 3),355000,82.0,4.99,84.11
2.500405871096238,0.8198889078190789,1,Peminjam Agresif (Grup 2),375000,333.0,2.24,64.49
1.5683283709579912,0.6547527152385011,2,Konservatif HNW (Grup 3),755000,250.0,2.5,79.79
0.7674150942898164,-0.24279316545830582,1,Peminjam Agresif (Grup 2),415000,144.0,5.5,60.22
0.19223359911103022,-0.04151659648496759,1,Peminjam Agresif (Grup 2),265000,72.0,2.5,95.0
0.0951600813912675,0.3877113749822782,1,Peminjam Agresif (Grup 2),295000,73.0,2.874,76.66
-0.8060771995834511,-0.33338805394025073,2,Konservatif HNW (Grup 3),155000,42.0,3.5,96.5
0.08952119379615964,-0.7855785343230539,1,Peminjam Agresif (Grup 2),265000,157.0,5.75,80.0
0.5034734376943654,2.3436135491177468,2,Konservatif HNW (Grup 3),75000,225.0,3.375,27.076
-0.2652458388633307,1.1982027873763816,2,Konservatif HNW (Grup 3),5000,112.0,0.0,98.43
-0.5680929838021425,-0.30860716690739187,1,Peminjam Agresif (Grup 2),155000,50.0,5.75,75.0
0.37854507036102797,-0.11652076891795375,1,Peminjam Agresif (Grup 2),255000,118.0,6.875,52.0
-0.23635015581739574,-1.0609241655796424,1,Peminjam Agresif (Grup 2),315000,99.0,5.5,96.5
-1.73477441288074,1.5026768264208388,2,Konservatif HNW (Grup 3),55000,24.0,7.375,24.222
0.34111241568413897,-0.21977199054817032,2,Konservatif HNW (Grup 3),515000,150.0,4.625,90.0
0.17179999097669152,-0.18362800485186173,1,Peminjam Agresif (Grup 2),315000,108.0,2.99,87.222
-1.5810183108449503,-0.4386687979023269,2,Konservatif HNW (Grup 3),95000,41.0,5.625,95.0
-0.36682262872369537,-0.4542766548011428,1,Peminjam Agresif (Grup 2),405000,209.0,5.375,50.0
0.10948796154324168,-1.4151895239456096,1,Peminjam Agresif (Grup 2),415000,88.0,5.25,98.168
0.2474630630687216,1.1901991178424325,1,Peminjam Agresif (Grup 2),275000,114.0,5.25,27.503
-1.4274788729143475,0.7699781472574312,2,Konservatif HNW (Grup 3),35000,46.0,5.49,62.185
0.643777949933163,-0.28745159090738426,1,Peminjam Agresif (Grup 2),515000,169.0,3.99,90.0
-0.8457544962753507,0.0009456544993675342,2,Konservatif HNW (Grup 3),195000,75.0,5.25,82.251
-0.9750798995132057,1.253661504081297,2,Konservatif HNW (Grup 3),145000,49.0,5.235,32.582
-0.7643748894933877,0.19036064663264593,2,Konservatif HNW (Grup 3),65000,96.0,6.25,61.35
-0.9222537651955124,0.33672009992074453,2,Konservatif HNW (Grup 3),145000,59.0,4.375,80.0
-2.096726615722026,1.5186948538843492,2,Konservatif HNW (Grup 3),25000,65.0,7.125,27.78
-0.6699399208401722,-0.6495284395105575,2,Konservatif HNW (Grup 3),365000,102.0,5.375,95.0
0.2309730278047824,-0.5351048252033568,1,Peminjam Agresif (Grup 2),345000,110.0,5.75,80.0
-0.1924649169393829,2.593162550981797,2,Konservatif HNW (Grup 3),75000,69.0,3.125,17.5
0.7858320679714348,0.9812588212439907,2,Konservatif HNW (Grup 3),425000,196.0,3.375,56.0
-0.8737102518607966,-0.45876035043435626,1,Peminjam Agresif (Grup 2),165000,68.0,4.75,80.0
0.9020497087606876,1.6045197203931258,2,Konservatif HNW (Grup 3),475000,67.0,3.085,56.56
-1.302161209868969,-1.073949459682881,2,Konservatif HNW (Grup 3),165000,62.0,5.75,97.0
-0.35624838879115234,0.4539218532265422,2,Konservatif HNW (Grup 3),325000,82.0,3.187,79.27
0.07580932665060676,0.8540772958061791,2,Konservatif HNW (Grup 3),455000,186.0,5.565,56.821
-0.6690362845708554,0.22258003378789096,2,Konservatif HNW (Grup 3),125000,60.0,4.49,77.281
-1.0142818227162258,0.3778754762047052,2,Konservatif HNW (Grup 3),135000,67.0,7.625,36.0
-0.21646050463347363,0.44830685155172034,1,Peminjam Agresif (Grup 2),165000,46.0,4.25,60.83
-1.1277067896427309,0.6107387483970151,2,Konservatif HNW (Grup 3),35000,60.0,3.5,71.129
2.0673615291170435,-0.46849443583895206,1,Peminjam Agresif (Grup 2),545000,260.0,3.125,95.0
-0.4454723356553145,-0.09633333288714623,1,Peminjam Agresif (Grup 2),235000,52.0,4.875,62.078
0.648437179525383,-0.32769925275051026,1,Peminjam Agresif (Grup 2),195000,218.0,6.75,64.576
0.26324999530783,-0.4201834286741264,1,Peminjam Agresif (Grup 2),505000,161.0,5.0,80.0
0.7728884761392015,-1.2454645046272883,1,Peminjam Agresif (Grup 2),485000,204.0,5.325,90.0
2.0054378027014144,-1.2485719179905537,1,Peminjam Agresif (Grup 2),615000,344.0,4.875,89.99
-1.4054167158663837,-0.7452180613457716,2,Konservatif HNW (Grup 3),55000,22.0,5.0,99.231
-0.7447032752549007,-0.09354760250687141,2,Konservatif HNW (Grup 3),285000,72.0,3.625,94.967
1.6836321880485297,1.0379153888556565,2,Konservatif HNW (Grup 3),655000,288.0,4.6,62.741
-0.23461322717518338,1.8377027459170805,2,Konservatif HNW (Grup 3),105000,110.0,2.99,59.923
-0.8903251523831844,-1.0471574073835925,1,Peminjam Agresif (Grup 2),195000,80.0,5.875,95.0
0.30195154662218143,0.7286527476349286,2,Konservatif HNW (Grup 3),355000,200.0,3.125,68.0
0.5573895186597432,-0.08868561678493495,1,Peminjam Agresif (Grup 2),335000,146.0,3.875,80.0
-1.192622031167072,-0.1627171458569644,2,Konservatif HNW (Grup 3),125000,47.0,3.875,100.472
-0.9559159190293463,-0.7839043073363203,1,Peminjam Agresif (Grup 2),155000,69.0,7.25,73.0
0.3248917076427305,-0.7187927511726385,1,Peminjam Agresif (Grup 2),415000,169.0,4.75,91.556
0.6600514812585795,0.2803430035131262,2,Konservatif HNW (Grup 3),425000,202.0,3.625,80.0
1.867397248757958,-1.1734442346430978,1,Peminjam Agresif (Grup 2),625000,255.0,3.875,92.0
-1.1047930992109922,1.642501523469501,2,Konservatif HNW (Grup 3),145000,36.0,4.375,52.593
1.0035489746463575,-1.6401964759993626,1,Peminjam Agresif (Grup 2),485000,113.0,6.25,88.108
0.9062119415870277,0.13578099738280874,1,Peminjam Agresif (Grup 2),385000,106.0,4.0,57.659
-0.8254126566174109,-1.1914058024584284,1,Peminjam Agresif (Grup 2),125000,40.0,5.99,75.0
-0.125098303526081,-0.7473155774599305,1,Peminjam Agresif (Grup 2),285000,128.0,5.5,80.0
0.4692318499054772,-0.4327372198679212,1,Peminjam Agresif (Grup 2),505000,195.0,4.5,80.0
0.9677514585217424,-0.6597096557663006,1,Peminjam Agresif (Grup 2),435000,141.0,3.99,95.0
-1.1472757366917687,-0.7811620778119739,1,Peminjam Agresif (Grup 2),205000,65.0,3.75,80.0
-0.6929576942664764,0.9556115260474434,2,Konservatif HNW (Grup 3),195000,76.0,5.124,46.463
-1.0520013097193535,1.546837720548087,2,Konservatif HNW (Grup 3),105000,32.0,4.875,33.333
-0.10968559210249273,-1.0024811209166709,1,Peminjam Agresif (Grup 2),415000,121.0,4.75,100.0
1.3198847078193559,-0.05158163138812227,2,Konservatif HNW (Grup 3),1185000,0.0,4.49,74.448
1.0997966563656556,-1.0528703044131948,1,Peminjam Agresif (Grup 2),465000,132.0,4.875,90.0
-0.599240250582476,0.5344232706025726,2,Konservatif HNW (Grup 3),75000,99.0,6.25,59.21
-0.5516447876320981,1.0563193485477105,2,Konservatif HNW (Grup 3),225000,72.0,3.5,67.365
-1.3126924246138876,0.9446969222977282,2,Konservatif HNW (Grup 3),135000,61.0,4.99,58.0
0.8971082125750277,-1.4503539033897157,1,Peminjam Agresif (Grup 2),325000,105.0,6.375,95.0
0.7371675081658461,-0.7616321867068376,1,Peminjam Agresif (Grup 2),305000,98.0,5.125,80.0
-0.35849246252853467,-0.27378483819918864,2,Konservatif HNW (Grup 3),335000,120.0,4.99,95.0
-0.3193744813317684,-0.14359514828447512,2,Konservatif HNW (Grup 3),195000,71.0,3.99,90.0
0.2808204857483798,0.9952959052449466,1,Peminjam Agresif (Grup 2),135000,179.0,5.625,30.0
0.8170110692955105,-1.1713527600960472,1,Peminjam Agresif (Grup 2),465000,150.0,4.375,100.0
3.350654967915952,-0.2791792604611192,0,Kelas Menengah (Grup 1),615000,782.0,4.75,80.0
-0.6865225318894717,-1.0210508588770302,1,Peminjam Agresif (Grup 2),295000,66.0,5.375,97.0
-0.1644378725852484,-0.8864493019417374,1,Peminjam Agresif (Grup 2),255000,203.0,5.25,90.0
-1.0481834413168227,0.17520753656258273,2,Konservatif HNW (Grup 3),55000,89.0,7.25,48.0
-0.6030589822277901,0.4795659589159141,2,Konservatif HNW (Grup 3),135000,126.0,3.25,80.0
-0.8195104531732595,0.7242365478914339,2,Konservatif HNW (Grup 3),305000,60.0,3.49,69.205
1.1560541091864154,-1.6476934269520427,1,Peminjam Agresif (Grup 2),265000,91.0,6.625,95.0
0.5016928640840216,-0.036186866624733485,2,Konservatif HNW (Grup 3),535000,169.0,3.0,100.0
1.121625624753879,0.8517774397545067,2,Konservatif HNW (Grup 3),585000,133.0,3.5,66.158
5.617824425768227,1.641078813018808,0,Kelas Menengah (Grup 1),1205000,900.0,2.65,43.64
-0.5659064203095289,-0.2967581811001381,2,Konservatif HNW (Grup 3),305000,134.0,5.375,75.604
-1.457307025991182,-0.6412024384534365,2,Konservatif HNW (Grup 3),155000,57.0,7.625,70.0
-0.09178362426054769,-0.5292565242936829,1,Peminjam Agresif (Grup 2),415000,90.0,5.375,79.04
1.2433596339694815,1.4566695369594844,2,Konservatif HNW (Grup 3),765000,172.0,3.0,55.58
1.0458606929136178,0.4127696080708456,1,Peminjam Agresif (Grup 2),515000,280.0,3.75,63.086
-0.9005180705033811,1.4452312129930318,2,Konservatif HNW (Grup 3),125000,85.0,1.99,80.0
-1.4477806503027728,0.2551923070567322,2,Konservatif HNW (Grup 3),65000,42.0,4.84,70.818
-1.3467681458140974,2.614638872368025,2,Konservatif HNW (Grup 3),25000,61.0,5.25,15.564
0.027498769475600968,-0.23129451386200284,2,Konservatif HNW (Grup 3),365000,131.0,3.5,100.0
6.712495146567596,0.10844553553909483,0,Kelas Menengah (Grup 1),2005000,398.0,4.25,57.14
0.10434912818750833,2.6591554667191697,2,Konservatif HNW (Grup 3),45000,145.0,2.99,11.56
-0.9813378315480679,-0.6246424136760034,2,Konservatif HNW (Grup 3),345000,80.0,4.375,100.0
-0.7990872038092682,0.6359959402691231,2,Konservatif HNW (Grup 3),165000,112.0,5.375,53.974
-0.6335927908717879,0.48363203776100505,2,Konservatif HNW (Grup 3),55000,75.0,3.5,69.891
0.2378361579836124,-0.1321024684802897,1,Peminjam Agresif (Grup 2),385000,114.0,4.25,81.143
-0.46112134689247747,1.0864029530432853,2,Konservatif HNW (Grup 3),155000,33.0,3.75,47.619
0.8457821242711528,-0.24005437980261762,1,Peminjam Agresif (Grup 2),365000,361.0,4.375,80.0
0.16376768061400201,-0.15257914039305873,1,Peminjam Agresif (Grup 2),405000,106.0,3.25,90.0
-0.17793342421709524,0.10861571432148868,1,Peminjam Agresif (Grup 2),225000,57.0,3.375,76.724
-0.18563722816828993,0.14094600089729564,1,Peminjam Agresif (Grup 2),215000,60.0,3.625,80.009
-1.2134971494729605,0.2600208829756181,2,Konservatif HNW (Grup 3),195000,72.0,3.875,97.0
-0.1422041929719612,-1.8018916681178296,1,Peminjam Agresif (Grup 2),155000,257.0,7.7,86.66
0.1347675738839368,-1.141810513044216,1,Peminjam Agresif (Grup 2),95000,189.0,7.0,78.387
-1.044711007817217,-0.26076167299108466,2,Konservatif HNW (Grup 3),75000,84.0,6.75,66.983
2.5771264175464275,0.4964633873254443,0,Kelas Menengah (Grup 1),205000,756.0,2.95,64.99
-0.5493773690790746,0.010678316794486721,2,Konservatif HNW (Grup 3),305000,59.0,5.0,80.0
0.2212997542705617,2.6718744198367874,2,Konservatif HNW (Grup 3),255000,145.0,1.75,23.364
-0.6480475739062731,-1.0310712284890913,1,Peminjam Agresif (Grup 2),195000,88.0,5.375,95.0
0.3911157063095137,-1.0267749107052242,1,Peminjam Agresif (Grup 2),365000,81.0,4.375,96.5
0.21393786645482904,-1.17054132189663,1,Peminjam Agresif (Grup 2),395000,124.0,5.25,100.0
3.507151355232786,-1.2483724073816727,0,Kelas Menengah (Grup 1),775000,624.0,5.75,90.0
-1.1454850481269139,-0.691970117755621,2,Konservatif HNW (Grup 3),15000,89.0,7.0,78.124
2.2115341755869062,-0.6295836829489863,0,Kelas Menengah (Grup 1),585000,668.0,5.375,75.0
0.49679419259305263,-1.0345281611192692,1,Peminjam Agresif (Grup 2),405000,136.0,4.49,96.999
-0.3446891951989844,0.19344014340482957,2,Konservatif HNW (Grup 3),105000,220.0,6.0,56.5
-0.37492876712448525,0.6372065373851028,2,Konservatif HNW (Grup 3),545000,66.0,3.125,77.615
-1.2372144329229382,0.08967041741396128,2,Konservatif HNW (Grup 3),85000,71.0,5.125,80.0
-0.7242982138594689,-0.05751476753631625,2,Konservatif HNW (Grup 3),275000,73.0,5.375,70.0
3.0478821496132387,-0.3800060689621418,0,Kelas Menengah (Grup 1),1255000,250.0,3.375,80.0
-0.8311217757408517,-0.46614112825757603,1,Peminjam Agresif (Grup 2),125000,43.0,7.0,66.667
-0.002837808366325454,0.3951141701857119,1,Peminjam Agresif (Grup 2),255000,95.0,4.875,56.236
-1.2675218215488957,-0.16212031070342145,2,Konservatif HNW (Grup 3),245000,93.0,5.875,80.0
-0.9341219422956321,-0.6418622923914028,2,Konservatif HNW (Grup 3),215000,88.0,5.5,93.0
1.0869705430491632,0.37274901569909347,1,Peminjam Agresif (Grup 2),315000,257.0,4.375,56.76
0.5862746556672969,-0.642367718738408,1,Peminjam Agresif (Grup 2),585000,220.0,6.0,72.86
-0.5391177068116215,-1.1329263642433764,1,Peminjam Agresif (Grup 2),65000,207.0,7.74,80.0
-1.3565189539912579,0.6712088035501207,2,Konservatif HNW (Grup 3),75000,108.0,3.75,87.073
-0.48340749081119166,-0.2431853055622079,2,Konservatif HNW (Grup 3),295000,165.0,4.625,90.0
-0.8905012973761431,1.389049847572427,2,Konservatif HNW (Grup 3),155000,61.0,3.875,50.43
0.1071243555323618,-0.8218103051854069,1,Peminjam Agresif (Grup 2),545000,113.0,5.375,90.0
0.4392398615735072,1.2895103113222584,2,Konservatif HNW (Grup 3),125000,211.0,1.99,72.12
-0.4103849827235689,0.03438313771330798,2,Konservatif HNW (Grup 3),225000,54.0,4.875,75.0
-1.705560529718067,-0.1137109031872159,2,Konservatif HNW (Grup 3),145000,40.0,6.999,60.0
-0.4949205118543065,1.8373141960175154,2,Konservatif HNW (Grup 3),105000,41.0,3.375,57.34
-1.671768691309573,2.794504927827001,2,Konservatif HNW (Grup 3),25000,35.0,4.5,12.346
1.630975643290673,0.5584386232551927,1,Peminjam Agresif (Grup 2),655000,187.0,4.365,56.257
0.09101200227658011,0.5246291068786549,1,Peminjam Agresif (Grup 2),35000,209.0,4.875,58.07
0.04052812423741547,0.701007037661779,2,Konservatif HNW (Grup 3),285000,85.0,4.0,73.711
0.039677344737363195,1.3312868938380484,2,Konservatif HNW (Grup 3),45000,74.0,2.99,61.553
-0.5764151242646287,0.6895152851566169,2,Konservatif HNW (Grup 3),145000,88.0,5.25,61.458
0.8944964034319828,-2.3724594660782032,1,Peminjam Agresif (Grup 2),585000,193.0,7.125,95.0
0.9142766855677137,0.6095348650414898,1,Peminjam Agresif (Grup 2),305000,117.0,3.536,50.84
-0.4815388806335507,-0.5472886816216997,1,Peminjam Agresif (Grup 2),185000,59.0,4.625,94.974
0.2068081934193855,0.5210230020924199,2,Konservatif HNW (Grup 3),145000,176.0,5.49,72.85
0.9334867790503405,-0.42891673871938163,1,Peminjam Agresif (Grup 2),405000,359.0,5.6,66.28
-1.361813333285926,0.4469074100457768,2,Konservatif HNW (Grup 3),55000,12.0,4.99,66.0
-0.8204011928434795,-0.7003969459336521,2,Konservatif HNW (Grup 3),285000,64.0,5.375,95.0
-1.7276444630024759,-0.9230644685327434,2,Konservatif HNW (Grup 3),145000,37.0,7.0,95.0
0.4260765971071012,-1.3114469677813312,1,Peminjam Agresif (Grup 2),395000,116.0,4.875,97.0
-0.005217476836921959,0.8155178973997026,1,Peminjam Agresif (Grup 2),285000,130.0,4.875,39.72
-1.1575960102445995,-0.8422584266538892,2,Konservatif HNW (Grup 3),215000,109.0,7.375,70.0
-0.02814864775004873,-0.0014250269339348004,2,Konservatif HNW (Grup 3),265000,133.0,3.875,95.0
-0.31490507998998335,1.0769282729634142,2,Konservatif HNW (Grup 3),205000,85.0,2.5,77.82
-1.1414961819530374,0.0608321519373805,2,Konservatif HNW (Grup 3),145000,34.0,7.125,45.171
-1.6929138132908175,-0.1683210030865792,2,Konservatif HNW (Grup 3),135000,66.0,4.25,80.0
-0.7691744577982428,1.069171636359077,2,Konservatif HNW (Grup 3),125000,61.0,5.25,38.16
-1.2628895356676921,0.7352120934348123,2,Konservatif HNW (Grup 3),125000,40.0,5.75,49.92
-0.8615125294635284,-1.2106487982637564,1,Peminjam Agresif (Grup 2),55000,239.0,7.49,86.749
-0.5665299255541311,-0.5343106042742997,2,Konservatif HNW (Grup 3),435000,103.0,5.875,80.0
-0.916745317635982,-0.8643905373538846,1,Peminjam Agresif (Grup 2),115000,64.0,4.625,78.146
0.19644263763955175,0.604443195209836,2,Konservatif HNW (Grup 3),295000,67.0,3.625,80.0
-1.0234124037482273,1.6218081370681772,2,Konservatif HNW (Grup 3),65000,61.0,5.0,25.53
-1.3723265575640688,-1.1096442584990924,2,Konservatif HNW (Grup 3),95000,61.0,5.625,96.5
4.754397586796427,0.7405842566347756,0,Kelas Menengah (Grup 1),1315000,318.0,4.5,68.071
-1.2213608666244178,-1.3120307472636807,1,Peminjam Agresif (Grup 2),245000,69.0,5.125,80.0
-0.9102965041949908,-0.8350457009620075,1,Peminjam Agresif (Grup 2),35000,123.0,5.5,90.0
-0.4791878387940591,1.5187150075562958,2,Konservatif HNW (Grup 3),215000,56.0,3.99,44.481
0.3929965715834834,-0.250993040589856,1,Peminjam Agresif (Grup 2),305000,127.0,3.5,90.0
0.2012189019597947,-0.7926307340113463,1,Peminjam Agresif (Grup 2),505000,96.0,6.875,66.93
-0.5711160294218561,-0.15667397856780424,2,Konservatif HNW (Grup 3),175000,200.0,5.99,70.0
0.5522866083071026,0.9561678721448921,2,Konservatif HNW (Grup 3),305000,272.0,4.34,63.328
-0.2123893687335976,-1.2600428519165667,1,Peminjam Agresif (Grup 2),385000,100.0,5.5,95.0
-0.7270798381050108,0.5894704150180279,2,Konservatif HNW (Grup 3),255000,73.0,3.375,80.0
0.8489413157626987,1.4557488393980877,2,Konservatif HNW (Grup 3),475000,249.0,3.375,47.025
-0.2690772928173013,-0.5904908625687544,1,Peminjam Agresif (Grup 2),325000,74.0,4.75,66.327
-0.6601101607433887,0.8428785772647837,2,Konservatif HNW (Grup 3),215000,48.0,5.25,43.52
-1.1155438327572602,-1.4437292447844952,1,Peminjam Agresif (Grup 2),175000,44.0,6.625,96.5
0.869882068748101,1.881143552661911,2,Konservatif HNW (Grup 3),255000,350.0,3.75,31.25
1.591883524619125,0.006787390049716404,1,Peminjam Agresif (Grup 2),695000,197.0,4.875,69.347
0.24917453585760588,-1.6512259245284173,1,Peminjam Agresif (Grup 2),275000,117.0,6.125,96.5
-0.050525008598862255,-0.7155767578894565,1,Peminjam Agresif (Grup 2),305000,85.0,5.5,90.937
-0.8032052612720187,0.512001189343356,2,Konservatif HNW (Grup 3),165000,95.0,3.79,80.0
-0.9729417099132208,-0.23841846910451966,2,Konservatif HNW (Grup 3),65000,106.0,7.04,63.759
0.20955636426657445,0.3724602265979567,1,Peminjam Agresif (Grup 2),255000,95.0,3.375,69.13
-0.24650596365643868,-0.688475722081554,1,Peminjam Agresif (Grup 2),155000,113.0,6.625,68.292
0.13950779502479735,-0.12809122129320613,1,Peminjam Agresif (Grup 2),215000,63.0,6.125,56.15
-0.07427991614990426,-0.09035807516385327,1,Peminjam Agresif (Grup 2),205000,101.0,4.25,80.0
0.666332639025398,-1.3597515822614048,1,Peminjam Agresif (Grup 2),445000,70.0,4.375,101.75
1.7698382776217394,-0.773779640764579,1,Peminjam Agresif (Grup 2),465000,477.0,6.1,67.61
-0.5443242079529448,-0.6154230804308702,2,Konservatif HNW (Grup 3),225000,94.0,5.25,100.0
-0.5481030107028778,-0.833851956414302,1,Peminjam Agresif (Grup 2),95000,115.0,5.25,95.0
-0.049980843697555115,1.078853880470034,2,Konservatif HNW (Grup 3),385000,62.0,3.25,47.5
0.04240840785163276,-0.9606834357475293,1,Peminjam Agresif (Grup 2),515000,101.0,4.5,95.0
-0.1254799411398717,0.37692496792815167,2,Konservatif HNW (Grup 3),105000,219.0,3.24,84.97
-0.4201155259154565,-0.7371199289468502,2,Konservatif HNW (Grup 3),605000,136.0,6.125,75.0
-0.7284892750818046,0.6512557961084948,2,Konservatif HNW (Grup 3),245000,80.0,5.375,63.22
-1.0467886755156315,1.805764827359778,2,Konservatif HNW (Grup 3),35000,30.0,6.19,15.19
16.617696141365858,-2.500814807419541,0,Kelas Menengah (Grup 1),6115000,1150.0,2.25,65.0
-0.8699413909245498,-0.052964349180389295,1,Peminjam Agresif (Grup 2),135000,105.0,6.75,32.5
1.1008699300607334,-0.46913457597039976,1,Peminjam Agresif (Grup 2),535000,130.0,3.25,78.519
0.8922933252461299,-0.8950479326267781,1,Peminjam Agresif (Grup 2),545000,168.0,4.5,100.0
-0.5530395091434498,0.6581071926049582,2,Konservatif HNW (Grup 3),175000,47.0,3.375,61.507
-0.5223493586795007,-1.1006308609541557,1,Peminjam Agresif (Grup 2),225000,58.0,3.75,106.42
-0.20731800928300045,-1.4737657085092963,1,Peminjam Agresif (Grup 2),525000,125.0,6.0,96.5
-0.11928745143780566,-0.17679663760444814,1,Peminjam Agresif (Grup 2),365000,72.0,4.625,78.68
-0.8996152352508802,0.2394952075787541,2,Konservatif HNW (Grup 3),155000,45.0,4.99,70.43
0.18253291010318173,0.8010983686003311,2,Konservatif HNW (Grup 3),245000,148.0,3.25,67.91
-0.36089908628910483,-0.473733352083194,1,Peminjam Agresif (Grup 2),335000,135.0,5.5,73.366
3.2592142035623834,0.1359064564255827,1,Peminjam Agresif (Grup 2),755000,200.0,5.125,57.692
-1.0941805160966864,-0.0023153068730194857,2,Konservatif HNW (Grup 3),35000,68.0,4.0,95.0
0.947616179250965,-0.7655838608650165,2,Konservatif HNW (Grup 3),765000,163.0,5.75,95.0
-0.804911546524843,0.05836861834589893,1,Peminjam Agresif (Grup 2),165000,40.0,4.875,62.949
0.13182740631779793,-0.789477890799752,1,Peminjam Agresif (Grup 2),445000,121.0,6.125,90.0
-0.7754648155371142,0.11068133246735183,2,Konservatif HNW (Grup 3),175000,102.0,5.99,58.0
-0.24593873796766566,-1.8741128083052656,1,Peminjam Agresif (Grup 2),175000,122.0,8.44,77.42
-0.3146412191256467,0.2660037192873728,2,Konservatif HNW (Grup 3),335000,70.0,4.25,64.103
2.4962127557788216,0.7295561580333225,1,Peminjam Agresif (Grup 2),405000,290.0,3.125,61.0
-1.1275964328424246,-0.023521667466312367,2,Konservatif HNW (Grup 3),65000,70.0,4.0,97.0
1.583037237418372,-0.9116907015454808,1,Peminjam Agresif (Grup 2),405000,120.0,3.875,96.5
-0.533315574092819,0.47209657677545075,2,Konservatif HNW (Grup 3),365000,44.0,3.25,83.721
-0.6767268385774142,-1.2701764286770383,1,Peminjam Agresif (Grup 2),85000,66.0,5.625,100.0
-0.4441027448996345,0.10785174606345865,2,Konservatif HNW (Grup 3),115000,328.0,6.0,75.0
1.2675193193918035,-1.4254205464262557,1,Peminjam Agresif (Grup 2),545000,199.0,5.49,94.999
-0.21757434376113477,0.05020083481132235,2,Konservatif HNW (Grup 3),345000,113.0,4.25,87.179
0.7657565757247821,-0.13032798265172413,1,Peminjam Agresif (Grup 2),245000,186.0,4.0,80.0
8.037785753763318,-0.4093304034704957,0,Kelas Menengah (Grup 1),395000,2392.0,6.499,65.0
-1.1019177255438783,1.8656413646484322,2,Konservatif HNW (Grup 3),105000,60.0,4.375,23.529
-1.2484101015031903,1.3344277101395108,2,Konservatif HNW (Grup 3),15000,121.0,5.0,50.1
-0.19343753846467485,0.5873130432764845,2,Konservatif HNW (Grup 3),155000,111.0,3.375,70.23
0.5013379029997044,1.4492563370020857,2,Konservatif HNW (Grup 3),385000,65.0,2.874,51.105
-1.1657496604120439,-1.0938980464917452,2,Konservatif HNW (Grup 3),195000,75.0,5.625,96.5
-0.0504300751813145,-0.28947014264811277,1,Peminjam Agresif (Grup 2),295000,139.0,4.75,72.104
-1.3223462461880762,-0.5200490019561455,2,Konservatif HNW (Grup 3),95000,127.0,7.49,70.93
1.7808094952098492,-1.1386794614462996,1,Peminjam Agresif (Grup 2),915000,257.0,4.625,101.75
-1.9746431706655887,-0.1907554686489405,2,Konservatif HNW (Grup 3),65000,31.0,5.0,96.5
0.11268306481080038,-1.3422553703634588,1,Peminjam Agresif (Grup 2),385000,109.0,6.0,95.0
-0.6113731591448713,0.5136932668228467,2,Konservatif HNW (Grup 3),145000,50.0,3.75,80.0
-0.12064657567142872,0.01332096421961566,1,Peminjam Agresif (Grup 2),255000,145.0,4.0,68.8
2.6226819762194196,0.2423308630961868,0,Kelas Menengah (Grup 1),1365000,200.0,2.875,80.0
-0.8849061329604023,-0.7744215953632143,1,Peminjam Agresif (Grup 2),55000,132.0,6.75,62.31
-0.37083022916702774,-1.0048640920542213,2,Konservatif HNW (Grup 3),415000,130.0,5.25,96.5
1.3994550994087258,-0.7929138526270066,1,Peminjam Agresif (Grup 2),665000,161.0,6.875,66.2
0.2813250162774262,1.4684448532177856,2,Konservatif HNW (Grup 3),205000,300.0,2.99,70.98
-0.18128834969618707,0.16926832427395597,1,Peminjam Agresif (Grup 2),245000,83.0,5.0,53.846
-0.8175702747778393,-0.7901692707709714,1,Peminjam Agresif (Grup 2),155000,36.0,3.75,95.0
0.23609933154888132,-0.3237698305213168,1,Peminjam Agresif (Grup 2),25000,138.0,7.15,52.733
0.8757809961399835,-1.0335028446542016,1,Peminjam Agresif (Grup 2),295000,144.0,4.99,90.0
-0.6990820236973208,0.7533639953609733,2,Konservatif HNW (Grup 3),125000,48.0,4.75,51.02
0.8544555452318899,-0.42296637190420067,1,Peminjam Agresif (Grup 2),365000,147.0,3.625,96.321
0.26791876087784133,0.11571847971857538,1,Peminjam Agresif (Grup 2),405000,137.0,6.25,57.225
-0.21572897706621125,0.05333773319066847,2,Konservatif HNW (Grup 3),395000,80.0,4.75,73.58
0.5446107695934174,-0.9260914300459622,1,Peminjam Agresif (Grup 2),355000,141.0,3.875,96.496
2.5220432238661505,-2.386527897268978,0,Kelas Menengah (Grup 1),1275000,424.0,7.125,75.0
-0.05745452448470996,0.05833454767081622,1,Peminjam Agresif (Grup 2),305000,80.0,3.75,80.0
0.5191618510122389,-1.6750044542145546,1,Peminjam Agresif (Grup 2),425000,107.0,5.625,100.0
0.29921646581719913,-0.242237564648177,1,Peminjam Agresif (Grup 2),125000,142.0,4.0,88.903
1.0277242262767696,1.097597575353631,2,Konservatif HNW (Grup 3),465000,233.0,2.59,68.889
-0.1010012198097125,-0.34285625767736166,2,Konservatif HNW (Grup 3),395000,113.0,4.0,95.0
-0.44542562896138455,-1.7292653889237233,1,Peminjam Agresif (Grup 2),405000,219.0,6.0,80.0
-1.2970182108435995,2.5578245445022283,2,Konservatif HNW (Grup 3),45000,83.0,3.75,28.56
-0.01567710945450006,1.065370446722519,2,Konservatif HNW (Grup 3),215000,426.0,4.875,51.852
2.2571689725454225,0.12599001395299045,0,Kelas Menengah (Grup 1),455000,600.0,3.3,72.37
-0.04379827370642141,0.06318736982532853,2,Konservatif HNW (Grup 3),195000,225.0,5.125,75.0
0.019525988989070174,1.4246783460769572,2,Konservatif HNW (Grup 3),265000,136.0,2.625,71.467
-1.1624392012189149,-0.5669719214454831,2,Konservatif HNW (Grup 3),175000,60.0,6.25,76.75
-0.028837919048946982,0.045893135232984016,1,Peminjam Agresif (Grup 2),305000,55.0,2.875,80.0
-0.35999442217625865,0.9790418593669176,2,Konservatif HNW (Grup 3),285000,73.0,2.625,61.325
-0.9195608015161495,0.056987703219201075,2,Konservatif HNW (Grup 3),245000,50.0,3.75,96.5
0.1712604370962492,1.7713377658239988,2,Konservatif HNW (Grup 3),75000,207.0,1.49,64.334
0.1576617658919885,1.2997286690857015,1,Peminjam Agresif (Grup 2),85000,120.0,5.86,21.01
-0.6206975366877925,1.8601415821593452,2,Konservatif HNW (Grup 3),55000,56.0,4.375,23.923
6.3769930333355225,2.187834469949743,0,Kelas Menengah (Grup 1),755000,961.0,2.55,16.67
0.13350690255405856,0.0061466166517064194,2,Konservatif HNW (Grup 3),285000,291.0,5.25,80.0
2.2281213695231905,-0.08462806674849888,1,Peminjam Agresif (Grup 2),545000,422.0,3.25,80.0
-0.662325806115538,-0.6423243492837387,2,Konservatif HNW (Grup 3),165000,107.0,5.969,85.46
0.715158536104572,1.1956376825273807,2,Konservatif HNW (Grup 3),135000,91.0,2.75,83.885
-0.7678561180133555,-1.5582251174998478,1,Peminjam Agresif (Grup 2),205000,101.0,6.5,96.5
-1.0739243954089668,-0.3620849956885355,2,Konservatif HNW (Grup 3),95000,28.0,4.49,96.5
1.3065971879633465,-1.1536114859912674,1,Peminjam Agresif (Grup 2),765000,247.0,4.625,95.0
-0.39598759026942953,-0.8551175697832124,1,Peminjam Agresif (Grup 2),325000,85.0,4.99,90.0
-0.4667363059756407,-1.0269177110476728,1,Peminjam Agresif (Grup 2),55000,108.0,5.25,92.158
2.510714159243124,-0.520774951424404,0,Kelas Menengah (Grup 1),1035000,283.0,4.375,75.0
-0.7351149782011623,-0.3155944144316612,1,Peminjam Agresif (Grup 2),55000,144.0,6.25,65.021
0.2944396729704868,-0.5108222879023866,1,Peminjam Agresif (Grup 2),305000,84.0,3.375,96.5
0.042440621136867,0.18841714173106597,1,Peminjam Agresif (Grup 2),95000,80.0,3.25,79.99
1.794046316925997,1.0331601102426853,1,Peminjam Agresif (Grup 2),305000,173.0,3.25,56.17
0.5678046822118197,-1.9003503050814246,1,Peminjam Agresif (Grup 2),495000,156.0,6.7,88.393
0.24208220989286916,1.3380580865873968,2,Konservatif HNW (Grup 3),165000,116.0,2.875,51.274
-0.6599381608237016,0.5823352460123565,2,Konservatif HNW (Grup 3),135000,83.0,3.625,71.36
-0.2935087147363658,0.9788711804818162,2,Konservatif HNW (Grup 3),145000,55.0,3.75,68.48
1.5640678839585007,0.31478940549080753,1,Peminjam Agresif (Grup 2),145000,252.0,5.99,85.4587
-0.5784765883117897,-1.0909562269140485,1,Peminjam Agresif (Grup 2),45000,72.0,6.625,69.23
0.6733294478976113,0.384288163898801,2,Konservatif HNW (Grup 3),875000,157.0,4.625,69.0
6.3182313652269375,0.28789940209136605,0,Kelas Menengah (Grup 1),515000,1716.0,3.9,70.97
0.38640973655412386,-1.1375345868809201,1,Peminjam Agresif (Grup 2),255000,162.0,7.5,89.993
0.20007903834989255,-0.6740056098159325,1,Peminjam Agresif (Grup 2),305000,140.0,4.625,100.0
0.17678370935998222,1.7965395810930882,1,Peminjam Agresif (Grup 2),175000,43.0,4.0,12.963
0.600897998488855,-1.165304364276484,1,Peminjam Agresif (Grup 2),355000,187.0,4.99,95.0
-1.1395665374313142,-0.32286242232614365,2,Konservatif HNW (Grup 3),45000,87.0,4.875,87.491
-0.19516475165720099,-0.5147497026555053,1,Peminjam Agresif (Grup 2),225000,45.0,3.0,102.5
3.432559627292749,1.5446077093840889,0,Kelas Menengah (Grup 1),525000,705.0,2.75,50.095
1.478037035412651,-0.3233392157392577,1,Peminjam Agresif (Grup 2),605000,219.0,3.25,90.0
-1.2131983063618967,-0.07537072663403532,2,Konservatif HNW (Grup 3),55000,100.0,5.515,80.7268
-0.700390489947009,-0.8749858329777475,2,Konservatif HNW (Grup 3),275000,176.0,7.0,80.0
0.38150793180406817,-0.8858646757018436,1,Peminjam Agresif (Grup 2),265000,211.0,5.5,74.99
0.018066839266412456,0.8526775076047755,1,Peminjam Agresif (Grup 2),205000,231.0,5.89,29.67
1.6646846606116388,-0.3701710725220829,1,Peminjam Agresif (Grup 2),155000,688.0,5.2,83.318
-1.0154575393554066,-2.4482108008521175,1,Peminjam Agresif (Grup 2),385000,86.0,6.25,98.33
-1.2711986238067436,-0.7390113488000205,2,Konservatif HNW (Grup 3),175000,52.0,5.75,96.5
0.11186404871191108,-0.7753657352671555,1,Peminjam Agresif (Grup 2),335000,100.0,4.25,95.0
-0.6070114175114003,1.690690372930916,2,Konservatif HNW (Grup 3),145000,86.0,3.625,48.33
0.47021553688845114,-0.9603826822650048,1,Peminjam Agresif (Grup 2),425000,75.0,3.5,100.0
-0.5344670362556246,2.0492863074018985,2,Konservatif HNW (Grup 3),115000,122.0,3.95,32.756
-0.8279687284163535,0.19174420391382144,2,Konservatif HNW (Grup 3),235000,75.0,4.999,80.0
-0.6036041010095645,-0.2159807868616424,2,Konservatif HNW (Grup 3),195000,61.0,3.25,101.01
-1.0982125943754395,-0.5663852603583897,2,Konservatif HNW (Grup 3),125000,40.0,5.98,80.54
-0.9212920914124503,1.9275150500908327,2,Konservatif HNW (Grup 3),215000,176.0,2.125,48.0
-1.1030632836700884,-0.3948245237133288,2,Konservatif HNW (Grup 3),185000,50.0,5.25,79.96
-1.670757877239649,0.08601641640730157,2,Konservatif HNW (Grup 3),15000,54.0,6.63,63.15
-0.8342954099592744,0.8374924370273783,2,Konservatif HNW (Grup 3),55000,50.0,5.24,45.701
1.0107406489093227,0.2798045619483815,1,Peminjam Agresif (Grup 2),305000,161.0,4.99,52.174
-1.0817926329594705,0.2613037669850788,2,Konservatif HNW (Grup 3),195000,78.0,7.375,60.0
-1.7171130643842352,1.6956343912717575,2,Konservatif HNW (Grup 3),55000,46.0,3.75,55.86
-0.20680484771659174,0.23191406140694865,1,Peminjam Agresif (Grup 2),75000,0.0,4.25,67.15
0.31238484661471483,-1.0171741164743724,1,Peminjam Agresif (Grup 2),175000,49.0,4.978,96.5
-1.236280124564012,-0.28776469252354087,2,Konservatif HNW (Grup 3),215000,76.0,5.5,91.453
1.5665876259399618,0.30553391708472927,1,Peminjam Agresif (Grup 2),425000,206.0,3.5,67.46
-0.5548641608602015,-0.6535680318333249,1,Peminjam Agresif (Grup 2),145000,84.0,3.75,96.5
-0.6095405412925511,-0.5635693859857118,2,Konservatif HNW (Grup 3),235000,105.0,5.75,90.0
-0.9187583106977818,2.932834484543623,2,Konservatif HNW (Grup 3),25000,22.0,4.49,7.117
0.3377328118759978,0.19391712360325228,1,Peminjam Agresif (Grup 2),175000,204.0,2.75,81.301
0.9519852601160589,0.950635604953789,2,Konservatif HNW (Grup 3),145000,346.0,1.99,78.924
-0.6558725986268191,-0.6901193075409349,2,Konservatif HNW (Grup 3),205000,63.0,5.25,95.0
1.1458827832290022,0.2514440805166102,1,Peminjam Agresif (Grup 2),95000,160.0,1.99,98.45
0.7547406504764129,-1.0322167925606407,1,Peminjam Agresif (Grup 2),585000,122.0,5.375,80.0
-1.6878207292650265,0.06685120681840975,2,Konservatif HNW (Grup 3),95000,60.0,7.5,58.86
-0.4049272518807868,-0.9423433098496549,1,Peminjam Agresif (Grup 2),225000,87.0,6.375,80.0
0.15822582049440093,0.47901088736077424,1,Peminjam Agresif (Grup 2),225000,116.0,4.5,56.41
-0.7619254971361626,0.9603464509157905,2,Konservatif HNW (Grup 3),75000,71.0,4.0,55.0
0.6569856269560244,-0.5966927490842348,1,Peminjam Agresif (Grup 2),345000,122.0,2.99,96.5
-0.037391149852247244,-0.5517934305658521,1,Peminjam Agresif (Grup 2),405000,89.0,5.875,80.0
-1.612588780203357,-2.3058546993175715,1,Peminjam Agresif (Grup 2),185000,51.0,6.5,95.0
-1.4331963958118805,-1.8116776803664458,1,Peminjam Agresif (Grup 2),155000,120.0,6.625,80.0
-0.26505457722180376,0.3188854297416308,2,Konservatif HNW (Grup 3),305000,77.0,3.25,80.0
1.1652915982859484,-0.25160123450061794,1,Peminjam Agresif (Grup 2),165000,554.0,5.74,83.824
0.9813404381499319,-0.9632992339258015,1,Peminjam Agresif (Grup 2),805000,100.0,3.999,93.06
-0.36719707635155313,0.19294750005916295,2,Konservatif HNW (Grup 3),245000,73.0,4.875,80.0
-0.24048792546179015,0.6440084033168272,2,Konservatif HNW (Grup 3),105000,138.0,2.75,80.58
1.98390250599632,0.985552880683811,0,Kelas Menengah (Grup 1),755000,371.0,2.375,70.07
0.35138400918424156,-0.17128611021548154,1,Peminjam Agresif (Grup 2),415000,71.0,3.75,75.0
-1.5671642834779562,0.8784797672149864,2,Konservatif HNW (Grup 3),145000,50.0,3.5,80.0
-1.099699701674451,-0.4734841869926618,1,Peminjam Agresif (Grup 2),45000,67.0,5.93,66.624
-0.5181254843097625,-0.6255750432615304,2,Konservatif HNW (Grup 3),395000,127.0,5.25,95.0
0.34740274139658883,0.13568120001257267,1,Peminjam Agresif (Grup 2),325000,52.0,4.25,62.5
-0.5237562110650517,-0.3941250104145585,1,Peminjam Agresif (Grup 2),165000,21.0,6.0,75.0
0.26128041975929317,-0.3027141199998797,1,Peminjam Agresif (Grup 2),185000,329.0,5.25,70.0
-0.9118170393283693,0.25845698751539037,2,Konservatif HNW (Grup 3),305000,73.0,5.375,60.0
-0.4759223304361056,-0.9698100966719233,1,Peminjam Agresif (Grup 2),295000,79.0,5.625,83.099
2.0521600685630426,-0.4516093517148212,1,Peminjam Agresif (Grup 2),925000,285.0,4.375,84.481
-0.4186730174812622,0.3803626294732366,2,Konservatif HNW (Grup 3),65000,77.0,3.25,81.551
-1.4021478718849372,1.3117207942043092,2,Konservatif HNW (Grup 3),35000,43.0,4.75,55.97
-0.5667728353171134,0.33820708939404065,2,Konservatif HNW (Grup 3),225000,61.0,5.25,62.0
0.9333701979989729,0.39032807014103416,1,Peminjam Agresif (Grup 2),645000,98.0,2.999,67.868
-0.4243448328187757,-1.373743408480982,1,Peminjam Agresif (Grup 2),375000,60.0,7.125,79.57
-1.0474972652942787,-0.7947362675318023,2,Konservatif HNW (Grup 3),255000,82.0,6.0,90.0
-0.7912517299995596,1.2338481075869647,2,Konservatif HNW (Grup 3),95000,66.0,2.75,70.35
0.008495574333852937,-0.005212042287245145,1,Peminjam Agresif (Grup 2),65000,43.0,4.3,74.24
-1.1239605202412941,-0.7998466496218036,1,Peminjam Agresif (Grup 2),145000,61.0,6.375,75.0
-0.8097758806783314,-0.93066147004152,2,Konservatif HNW (Grup 3),75000,181.0,6.499,88.78
1.0171230226596775,0.6034432533448955,1,Peminjam Agresif (Grup 2),235000,177.0,3.5,60.0
-1.1233028143066515,-0.5599143130787637,1,Peminjam Agresif (Grup 2),205000,50.0,3.15,80.0
0.32368947736480314,-0.07173474878902492,1,Peminjam Agresif (Grup 2),335000,88.0,2.875,95.0
-0.489675029685065,1.4178435387271715,2,Konservatif HNW (Grup 3),55000,81.0,5.49,26.023
0.913396536795205,-0.16944051109762456,2,Konservatif HNW (Grup 3),445000,374.0,5.375,80.0
0.7657353540548221,0.15350170340327549,1,Peminjam Agresif (Grup 2),235000,266.0,4.0,80.0
0.28312977152426233,-0.9541249574298653,1,Peminjam Agresif (Grup 2),425000,160.0,6.625,75.0
-1.1416192369378106,-0.029164269342575128,2,Konservatif HNW (Grup 3),105000,102.0,6.24,62.67
-0.6749673598009364,2.280107868531854,2,Konservatif HNW (Grup 3),85000,27.0,2.99,31.25
0.7588805788946533,0.9204293301609944,1,Peminjam Agresif (Grup 2),315000,110.0,3.5,41.042
0.2088923483505219,-1.1399314799955622,1,Peminjam Agresif (Grup 2),535000,140.0,4.5,96.497
-0.24677902769677065,-0.08301742099121645,1,Peminjam Agresif (Grup 2),235000,46.0,4.625,74.0
-1.1750552854549756,-1.2778135235379542,1,Peminjam Agresif (Grup 2),265000,65.0,5.0,80.0
-0.215739417297196,-0.9139298179108353,1,Peminjam Agresif (Grup 2),265000,69.0,4.125,96.5
-0.9905668765110881,-0.40552527068141625,2,Konservatif HNW (Grup 3),205000,70.0,4.375,95.0
0.8034169277617197,-0.28576525349019927,1,Peminjam Agresif (Grup 2),555000,275.0,4.79,63.22
-1.419669136983829,-1.7259638080765993,2,Konservatif HNW (Grup 3),155000,104.0,7.24,99.8
0.0523467953311989,-0.7970759875150136,1,Peminjam Agresif (Grup 2),65000,146.0,5.5,85.216
-0.5840954501694534,-0.013916463213410822,1,Peminjam Agresif (Grup 2),75000,71.0,6.65,53.723
-1.3530511968189065,0.46682028934663855,2,Konservatif HNW (Grup 3),105000,91.0,3.5,80.0
-0.10953051325496241,-0.5149338109972436,2,Konservatif HNW (Grup 3),395000,232.0,6.125,75.0
-0.2817154905274003,0.7357604648122645,2,Konservatif HNW (Grup 3),155000,145.0,3.6,60.43
0.11707702490893904,-0.23099680819894677,1,Peminjam Agresif (Grup 2),125000,172.0,5.125,75.0
2.5592401839496346,1.4808310955343664,0,Kelas Menengah (Grup 1),1065000,177.0,2.875,57.63
1.9891930553693278,-0.7364087363828286,1,Peminjam Agresif (Grup 2),395000,237.0,4.0,95.0
-1.12545147256701,0.6597959633314745,2,Konservatif HNW (Grup 3),25000,44.0,4.25,64.323
0.1357576168754973,-1.8673412804228595,1,Peminjam Agresif (Grup 2),375000,147.0,6.75,91.386
1.31953231952226,1.2055008453232097,1,Peminjam Agresif (Grup 2),205000,308.0,4.24,36.502
-0.43402235305496206,1.7915898301448179,2,Konservatif HNW (Grup 3),75000,102.0,6.4,8.1
-0.5603149875377537,1.244567448185387,2,Konservatif HNW (Grup 3),35000,45.0,2.22,65.501
-0.07269797875006095,0.8820685400168339,2,Konservatif HNW (Grup 3),105000,106.0,3.0,69.158
-1.4875288625608558,0.462092001849526,2,Konservatif HNW (Grup 3),155000,43.0,5.375,27.928
-0.8674082364911413,1.087643566210699,2,Konservatif HNW (Grup 3),15000,59.0,0.0,98.638
0.33791121770937854,-0.5903506751271254,1,Peminjam Agresif (Grup 2),295000,108.0,4.5,80.0
-0.5148237791763779,2.876136890839925,2,Konservatif HNW (Grup 3),285000,64.0,2.75,22.572
1.591916129595077,0.015143624653817522,2,Konservatif HNW (Grup 3),925000,177.0,4.0,80.0
-0.4253804219625678,-1.5804167606711865,1,Peminjam Agresif (Grup 2),475000,80.0,5.75,100.0
-0.33506882962877765,-1.1889984547131294,1,Peminjam Agresif (Grup 2),395000,117.0,7.125,80.0
-1.604097653326939,-0.23073324398572084,2,Konservatif HNW (Grup 3),45000,74.0,5.5,89.59
1.5880462329418723,0.8340460665661684,1,Peminjam Agresif (Grup 2),205000,491.0,6.02,39.604
-0.5518770946944279,-0.14375026934609014,2,Konservatif HNW (Grup 3),75000,150.0,4.5,90.0
2.0535311291729577,-0.42757125583753525,1,Peminjam Agresif (Grup 2),555000,252.0,4.375,80.0
-0.33180504468565375,1.0914336102323536,1,Peminjam Agresif (Grup 2),115000,37.0,3.75,44.939
0.6746085892030891,-0.5900601698119506,1,Peminjam Agresif (Grup 2),315000,260.0,5.49,79.99
17.573587594624037,0.5171778633758822,0,Kelas Menengah (Grup 1),3075000,3274.0,2.875,34.682
-0.8929987471410373,3.4118352958678675,2,Konservatif HNW (Grup 3),35000,75.0,4.25,11.765
-0.8455807546992976,-0.7435633076535072,2,Konservatif HNW (Grup 3),235000,67.0,5.375,95.0
0.703491243505972,-0.22408368713493632,1,Peminjam Agresif (Grup 2),75000,375.0,3.25,77.76
0.3523253420006732,-1.4704341661471005,1,Peminjam Agresif (Grup 2),365000,161.0,6.75,80.0
-1.1522471566728847,0.09686879153452775,2,Konservatif HNW (Grup 3),65000,72.0,2.99,88.338
1.3536097051941898,0.5511538620192251,1,Peminjam Agresif (Grup 2),345000,180.0,4.25,80.0
1.6751529729637045,-0.5333604512620483,1,Peminjam Agresif (Grup 2),105000,592.0,5.75,92.3
-0.8546978844707398,1.4623396261809605,2,Konservatif HNW (Grup 3),75000,87.0,6.2,25.0
-0.6131285610137651,2.1016589315860865,2,Konservatif HNW (Grup 3),55000,89.0,4.99,18.608
1.0329901824697818,0.8085669623832927,1,Peminjam Agresif (Grup 2),225000,140.0,3.125,62.26
0.5010925490384499,-0.8102731533338546,1,Peminjam Agresif (Grup 2),385000,102.0,3.5,96.5
0.23141520727308937,0.2931964671386799,1,Peminjam Agresif (Grup 2),315000,132.0,3.25,68.761
2.6744814899969254,-0.5257035802635098,0,Kelas Menengah (Grup 1),925000,380.0,3.25,95.0
0.09787869240644258,-0.9436601744295408,1,Peminjam Agresif (Grup 2),405000,131.0,4.75,90.0
0.36247070500530415,-1.2083760195316986,1,Peminjam Agresif (Grup 2),75000,189.0,6.125,80.0
5.7580959403780305,0.34014621115831484,0,Kelas Menengah (Grup 1),2015000,517.0,3.2,60.0
-1.4819964896749072,-1.000721189063918,1,Peminjam Agresif (Grup 2),35000,65.0,8.5,64.21
0.2677298973732669,0.4634037618180404,1,Peminjam Agresif (Grup 2),155000,307.0,6.0,38.706
-0.5587568428194566,0.6793842191635732,2,Konservatif HNW (Grup 3),225000,154.0,3.75,70.0
-0.050641565780673914,1.3088982094302153,2,Konservatif HNW (Grup 3),255000,255.0,3.24,61.37
-0.5111859267634011,0.5015029974772709,2,Konservatif HNW (Grup 3),245000,92.0,4.625,60.5
-0.6810572303236745,1.1822368093409075,2,Konservatif HNW (Grup 3),95000,37.0,3.24,61.265
-0.8086639131375992,0.6228200766627042,2,Konservatif HNW (Grup 3),165000,114.0,5.5,49.128
1.4113062671056165,-1.5897734593392823,1,Peminjam Agresif (Grup 2),565000,126.0,7.5,80.0
-0.8830997697972012,0.22858154608532041,2,Konservatif HNW (Grup 3),105000,19.0,3.49,80.0
-0.659718872861968,-0.5994979294192159,1,Peminjam Agresif (Grup 2),365000,75.0,3.0,80.0
0.6085416237085429,1.335261921168461,2,Konservatif HNW (Grup 3),295000,185.0,2.75,54.463
-0.5086520653992014,0.06165184642876923,2,Konservatif HNW (Grup 3),225000,59.0,5.375,69.84
-1.4294541253461388,-0.35165815821563506,2,Konservatif HNW (Grup 3),75000,27.0,3.5,103.0
-0.2688505684421128,0.5954785267274569,2,Konservatif HNW (Grup 3),205000,204.0,5.57,76.626
-0.5861558805113831,2.6669624200451985,2,Konservatif HNW (Grup 3),125000,37.0,3.858,19.031
0.11032165403402731,0.5323361730276698,2,Konservatif HNW (Grup 3),365000,90.0,3.437,80.0
-0.623821462770938,3.0038422215022678,2,Konservatif HNW (Grup 3),55000,48.0,3.25,12.44
-0.6721111429775926,1.0961640057341306,2,Konservatif HNW (Grup 3),105000,71.0,4.75,38.14
0.5874070787841886,0.317891605516319,1,Peminjam Agresif (Grup 2),305000,237.0,5.7,57.77
0.3412916876089321,1.7618057391295847,2,Konservatif HNW (Grup 3),445000,206.0,2.99,44.5
-0.07322667764963563,0.4782197631553495,2,Konservatif HNW (Grup 3),105000,159.0,4.0,69.788
-0.8623072487386583,-1.341115795143943,1,Peminjam Agresif (Grup 2),145000,56.0,6.375,97.0
-1.4005424738805055,-0.0224055293913392,2,Konservatif HNW (Grup 3),75000,101.0,6.73,72.51
-0.6060225454779278,-0.7696293951808229,2,Konservatif HNW (Grup 3),365000,65.0,5.875,100.0
0.505379183905208,-0.924010766696923,1,Peminjam Agresif (Grup 2),555000,140.0,5.875,83.841
0.07656357178076435,-0.5284945037998567,1,Peminjam Agresif (Grup 2),75000,169.0,4.49,86.05
0.819773014616344,-0.8811114947178966,1,Peminjam Agresif (Grup 2),585000,111.0,3.625,100.0
-0.06460083693456876,-0.9139814682083396,1,Peminjam Agresif (Grup 2),445000,243.0,5.975,80.0
-0.857578555221533,-0.5947196012991662,1,Peminjam Agresif (Grup 2),195000,79.0,5.5,80.0
-0.36424300906467366,1.1701258628385258,2,Konservatif HNW (Grup 3),205000,147.0,3.375,57.0
-0.2601501558088183,-0.5721325664467332,1,Peminjam Agresif (Grup 2),195000,52.0,3.75,92.609
-0.38897878521885304,-0.5669999142095478,1,Peminjam Agresif (Grup 2),155000,125.0,6.74,65.694
0.24537012400079275,2.6242734863546495,2,Konservatif HNW (Grup 3),155000,74.0,1.49,31.58
-0.8703473051130176,-0.9961647730050187,1,Peminjam Agresif (Grup 2),165000,56.0,5.25,100.0
0.5872808825408888,-0.8387742023871747,1,Peminjam Agresif (Grup 2),385000,78.0,3.875,94.74
0.5523725743880948,-0.9156289820825837,1,Peminjam Agresif (Grup 2),405000,140.0,5.5,80.0
-0.7969912446566503,-1.2514764710282436,1,Peminjam Agresif (Grup 2),205000,64.0,5.375,100.0
0.10582132553223958,-1.469023589490861,1,Peminjam Agresif (Grup 2),125000,267.0,6.75,89.991
-1.208554261515065,-0.9407782571888824,1,Peminjam Agresif (Grup 2),115000,28.0,6.25,84.702
-0.9564923927769516,-0.5972518312284933,2,Konservatif HNW (Grup 3),155000,79.0,6.625,80.0
0.7944779857026484,-0.2502783971617251,1,Peminjam Agresif (Grup 2),385000,150.0,3.875,80.0
-0.6999513817415547,1.3338188680459149,2,Konservatif HNW (Grup 3),135000,40.0,3.25,67.0
-0.24876912581243943,-0.518461799048434,1,Peminjam Agresif (Grup 2),205000,57.0,4.45,89.0
-1.1959450220490402,1.034638903484995,2,Konservatif HNW (Grup 3),25000,65.0,5.125,53.66
-0.8016875964889695,-1.1520942053006082,1,Peminjam Agresif (Grup 2),215000,55.0,6.25,78.652
1.319165411865614,0.4948345459250107,2,Konservatif HNW (Grup 3),745000,234.0,3.25,80.0
-1.1300316115938753,1.3877702620687036,2,Konservatif HNW (Grup 3),85000,13.0,3.375,57.143
-0.5482226757700008,2.1275031622725415,2,Konservatif HNW (Grup 3),135000,26.0,3.875,23.63
1.2338437629603998,-0.05113703447692704,1,Peminjam Agresif (Grup 2),625000,140.0,4.875,80.0
1.8683761286341822,-0.038139401781998206,1,Peminjam Agresif (Grup 2),535000,275.0,3.75,90.0
-0.14080564010655375,0.7478484192574127,2,Konservatif HNW (Grup 3),195000,49.0,4.125,60.0
-0.5814259287364323,2.111032547226512,2,Konservatif HNW (Grup 3),295000,123.0,3.875,43.214
-0.389337005936636,0.17519164526326508,2,Konservatif HNW (Grup 3),385000,125.0,4.25,73.14
0.5681821890167882,-1.4224547145610482,1,Peminjam Agresif (Grup 2),335000,149.0,4.625,95.0
-0.8549640190443749,0.10138090867398411,2,Konservatif HNW (Grup 3),145000,101.0,4.75,80.0
1.316690594374446,-0.19717587141974205,2,Konservatif HNW (Grup 3),305000,490.0,4.69,89.96
-0.37460812069305566,0.717310637250233,2,Konservatif HNW (Grup 3),225000,188.0,3.85,80.0
-0.7772015024562232,-1.6705975888309745,1,Peminjam Agresif (Grup 2),285000,85.0,6.25,99.995
-0.4225514000737396,-0.2820798191063199,1,Peminjam Agresif (Grup 2),185000,93.0,3.875,69.0
-1.1917568336437472,0.26119488650622447,2,Konservatif HNW (Grup 3),55000,72.0,6.74,54.53
-0.8324835503574891,-1.0700132587005378,1,Peminjam Agresif (Grup 2),295000,83.0,3.25,92.06
-0.9936935277221262,-1.3616040633287205,1,Peminjam Agresif (Grup 2),185000,37.0,6.25,96.5
-0.376243926114288,-1.488189977903643,1,Peminjam Agresif (Grup 2),215000,78.0,6.0,95.0
-0.07566409476797613,-0.7355145932519456,1,Peminjam Agresif (Grup 2),195000,98.0,4.99,95.0
-0.01963829807866423,0.3433304296479376,1,Peminjam Agresif (Grup 2),85000,81.0,5.25,53.13
-0.8622568371547833,-0.21089501165226662,2,Konservatif HNW (Grup 3),45000,44.0,3.99,92.49
-0.03917890163900893,-0.9167720466763577,1,Peminjam Agresif (Grup 2),435000,104.0,5.375,89.64
-0.2723855310039704,-1.6735879288465252,1,Peminjam Agresif (Grup 2),335000,85.0,5.375,100.0
-0.41770304083562176,-0.708515966844379,2,Konservatif HNW (Grup 3),335000,196.0,5.375,90.0
-0.348399279361168,1.8346127866513755,2,Konservatif HNW (Grup 3),245000,80.0,2.5,50.0
1.2497969820704808,-0.13029751481266494,1,Peminjam Agresif (Grup 2),335000,136.0,3.75,80.0
-0.2397421866944872,1.7741298988189036,2,Konservatif HNW (Grup 3),115000,70.0,3.75,29.567
4.66977594900829,1.2107628886351367,0,Kelas Menengah (Grup 1),695000,1219.0,5.125,40.882
-0.9707659338102395,1.5842122348344063,2,Konservatif HNW (Grup 3),105000,33.0,5.05,27.79
0.11860850268761709,-0.33505450489101923,1,Peminjam Agresif (Grup 2),405000,76.0,4.25,80.0
-0.6140274316300088,0.6458115949172293,2,Konservatif HNW (Grup 3),205000,52.0,2.99,78.46
0.4674958409759991,0.6598955602456771,2,Konservatif HNW (Grup 3),325000,65.0,2.99,79.01
-1.0352351690681802,1.5124976254495213,2,Konservatif HNW (Grup 3),45000,86.0,4.5,50.45
-0.7849166157804084,-0.7406697538791093,1,Peminjam Agresif (Grup 2),65000,48.0,5.49,79.87
-0.29812624099805823,-0.9125245127181979,1,Peminjam Agresif (Grup 2),325000,92.0,5.875,86.667
-0.7657897718854726,-0.4960347255489546,2,Konservatif HNW (Grup 3),125000,185.0,6.5,80.0
0.08157075399393289,0.4642469144252603,1,Peminjam Agresif (Grup 2),105000,260.0,6.24,44.9
-1.187711798660878,0.47101352971177984,2,Konservatif HNW (Grup 3),105000,12.0,7.375,32.31
-0.23193932223263294,-0.6921928556277088,1,Peminjam Agresif (Grup 2),195000,246.0,5.875,80.0
-0.4611210378850774,-0.3959931665925167,1,Peminjam Agresif (Grup 2),145000,77.0,3.75,95.0
-1.4787351022123072,-0.9201816193303052,2,Konservatif HNW (Grup 3),85000,101.0,6.5,99.277
1.2550338146395212,0.679736544922645,1,Peminjam Agresif (Grup 2),125000,306.0,3.0,74.49
-1.41864961127319,0.8369699452085341,2,Konservatif HNW (Grup 3),105000,75.0,5.89,53.5
-0.23500164067088372,-0.08391223523510154,2,Konservatif HNW (Grup 3),315000,85.0,2.99,96.5
0.32041936247038033,-0.8720528811996796,1,Peminjam Agresif (Grup 2),465000,169.0,5.685,80.0
2.5510807992001245,-0.04507885700015503,0,Kelas Menengah (Grup 1),515000,959.0,4.3,56.04
-0.010117189499543135,0.19173093352159074,2,Konservatif HNW (Grup 3),515000,121.0,5.125,80.0
-1.2868757078284436,-0.39726156039566846,2,Konservatif HNW (Grup 3),175000,63.0,5.5,96.5
0.6178715514431319,-0.5676660670469944,1,Peminjam Agresif (Grup 2),295000,218.0,4.625,80.0
0.04013857526875682,-0.4656138585358193,2,Konservatif HNW (Grup 3),505000,96.0,3.99,90.0
-0.38256788043736845,0.5354625674191549,2,Konservatif HNW (Grup 3),275000,83.0,2.75,80.0
-1.6394856474059305,1.1951642668711122,2,Konservatif HNW (Grup 3),95000,32.0,4.125,64.913
0.18762760772917816,0.3216248421677834,2,Konservatif HNW (Grup 3),325000,108.0,2.625,83.763
1.9203571873482415,-1.5361319031060476,1,Peminjam Agresif (Grup 2),955000,220.0,4.75,95.0
0.5639366113284096,1.2475531968719156,1,Peminjam Agresif (Grup 2),205000,93.0,2.75,50.63
-0.7048515330330211,-0.3804203930592128,2,Konservatif HNW (Grup 3),105000,151.0,5.75,80.0
-0.715643821663244,0.2522248373729215,2,Konservatif HNW (Grup 3),145000,48.0,4.49,74.47
-0.8147528966029526,0.5327068238676022,2,Konservatif HNW (Grup 3),135000,65.0,4.5,71.379
0.3175395492577764,1.2235091029639393,2,Konservatif HNW (Grup 3),405000,130.0,3.625,45.0
-0.4622235076945371,-0.08608474839025095,2,Konservatif HNW (Grup 3),195000,131.0,4.625,83.037
1.4543826653494643,1.7093669571101964,1,Peminjam Agresif (Grup 2),255000,260.0,3.0,41.0
-0.009890949418306679,0.3394132866635024,2,Konservatif HNW (Grup 3),405000,268.0,4.625,69.085
-0.5634650503898476,0.12115099408937444,1,Peminjam Agresif (Grup 2),115000,46.0,4.0,76.628
-0.9077425877448017,-1.749496922033578,1,Peminjam Agresif (Grup 2),85000,109.0,8.0,82.84
-0.6013263063729207,-0.8911771395176296,1,Peminjam Agresif (Grup 2),95000,241.0,6.75,79.974
-0.13142584179682476,0.5812677725828778,2,Konservatif HNW (Grup 3),365000,62.0,3.375,69.846
1.302784327511272,-0.9436022540046891,1,Peminjam Agresif (Grup 2),275000,458.0,5.225,80.0
3.289515484884934,0.26115510095982397,0,Kelas Menengah (Grup 1),1055000,293.0,3.375,80.0
-0.9262307159344619,0.3771869410371092,2,Konservatif HNW (Grup 3),115000,129.0,5.49,73.014
-0.3038793527226002,-1.5361257369208372,1,Peminjam Agresif (Grup 2),325000,71.0,6.125,80.0
2.9113637307622375,-0.5171365858123833,1,Peminjam Agresif (Grup 2),525000,205.0,3.75,95.0
-0.791228816623958,-0.8634411606810201,1,Peminjam Agresif (Grup 2),215000,87.0,4.99,95.0
1.7267895438390715,1.3282610438960212,1,Peminjam Agresif (Grup 2),385000,224.0,2.375,54.714
0.03275403304356013,-0.8780844317273084,1,Peminjam Agresif (Grup 2),285000,225.0,6.75,76.77
-0.24801449546104262,-0.8250507838812712,1,Peminjam Agresif (Grup 2),165000,115.0,3.99,96.5
-0.6786409838959025,1.1572292027628879,2,Konservatif HNW (Grup 3),105000,78.0,3.875,49.318
-0.13373645625176914,-0.5177192673004827,2,Konservatif HNW (Grup 3),425000,134.0,4.875,95.0
-0.3382415689426511,-2.4198213842084932,1,Peminjam Agresif (Grup 2),715000,0.0,8.125,75.0
-0.5934238396174171,-1.19017001179738,1,Peminjam Agresif (Grup 2),325000,190.0,5.0,76.471
-1.184656504051378,-1.0001178867459433,1,Peminjam Agresif (Grup 2),105000,39.0,4.75,80.0
-0.17321529173348035,-0.10062521512605173,1,Peminjam Agresif (Grup 2),435000,76.0,3.375,62.79
0.5573822655664453,-1.111963852635578,1,Peminjam Agresif (Grup 2),445000,130.0,5.375,89.8
-1.1586718445872448,1.3924318599275392,2,Konservatif HNW (Grup 3),45000,54.0,2.99,79.087
0.7229272453189906,-1.7318261920241558,1,Peminjam Agresif (Grup 2),675000,136.0,5.5,95.0
-1.25135002357717,-0.6744272187221709,2,Konservatif HNW (Grup 3),175000,50.0,5.25,90.0
2.1529687418434764,-0.5151715722359229,1,Peminjam Agresif (Grup 2),955000,240.0,3.125,100.0
-1.3654590865780105,-0.9355561007050706,2,Konservatif HNW (Grup 3),145000,45.0,4.75,101.5
0.6003457998280323,-0.27255856124924904,2,Konservatif HNW (Grup 3),665000,152.0,4.625,80.0
0.6766800569886842,0.06943529956126894,1,Peminjam Agresif (Grup 2),425000,190.0,3.625,80.0
-0.2264642940989512,0.7308193202102833,2,Konservatif HNW (Grup 3),225000,68.0,2.75,78.571
0.5826298693549016,-0.9384902993731989,1,Peminjam Agresif (Grup 2),355000,182.0,4.125,95.0
-1.0377539674176846,1.1841756057132127,2,Konservatif HNW (Grup 3),95000,66.0,3.875,70.149
-1.2589539313656068,-0.5438400729877501,2,Konservatif HNW (Grup 3),195000,56.0,5.125,100.25
0.2790283566013271,-0.8034258174541121,1,Peminjam Agresif (Grup 2),385000,164.0,4.99,95.0
-0.6240923067638864,-0.9883680028978734,1,Peminjam Agresif (Grup 2),235000,82.0,4.75,97.0
-0.12992029530214075,0.49078962169449114,2,Konservatif HNW (Grup 3),515000,66.0,4.875,68.457
-0.7885009140576946,-0.1876655012842346,1,Peminjam Agresif (Grup 2),185000,53.0,5.625,65.108
-0.7744729229751598,2.2296910148831626,2,Konservatif HNW (Grup 3),35000,59.0,5.25,28.18
-0.2601236754510841,0.566287807005069,1,Peminjam Agresif (Grup 2),105000,58.0,5.375,45.09
-0.7641830337794797,0.41156067091788057,2,Konservatif HNW (Grup 3),45000,99.0,4.0,77.65
-1.711018213460626,-0.28123756104115555,2,Konservatif HNW (Grup 3),55000,86.0,6.625,80.0
-0.6680423464209835,0.13485928138352946,2,Konservatif HNW (Grup 3),235000,37.0,3.25,86.491
0.07867180919258758,-1.0645949112920121,1,Peminjam Agresif (Grup 2),225000,81.0,5.125,96.5
-0.31228946797077095,-1.2770918658208947,1,Peminjam Agresif (Grup 2),355000,77.0,4.625,96.5
-0.5719647164021902,0.03177814088269815,2,Konservatif HNW (Grup 3),365000,128.0,5.625,80.0
-0.5589320559220409,-0.7858379181591428,1,Peminjam Agresif (Grup 2),185000,63.0,4.99,93.155
0.5782462766421373,1.0530669278214368,2,Konservatif HNW (Grup 3),405000,110.0,3.375,62.31
-0.36295628532519725,-0.4426829934693985,1,Peminjam Agresif (Grup 2),245000,60.0,4.99,87.857
3.8082110579420587,0.64776182882368,0,Kelas Menengah (Grup 1),1285000,316.0,2.75,54.98
0.48964445924173594,-1.8990243058888523,1,Peminjam Agresif (Grup 2),105000,199.0,8.5,76.261
0.6836102083352182,0.0253711078108808,1,Peminjam Agresif (Grup 2),125000,237.0,3.0,90.661
-0.7612888418450035,-1.4835805949827026,1,Peminjam Agresif (Grup 2),85000,213.0,8.0,83.44
0.9718712046061363,1.657212035487648,2,Konservatif HNW (Grup 3),605000,84.0,2.49,35.461
0.04910166372147968,-0.5692557024365781,1,Peminjam Agresif (Grup 2),35000,117.0,4.125,91.147
0.3790404064961524,0.7086079832762953,1,Peminjam Agresif (Grup 2),295000,86.0,3.8,63.043
-0.8020707488420709,1.0612919438859254,2,Konservatif HNW (Grup 3),105000,54.0,4.025,55.556
-0.5552622315892984,-1.8224432468709164,1,Peminjam Agresif (Grup 2),255000,69.0,6.25,100.0
0.06398452719028327,-0.8123276997389288,1,Peminjam Agresif (Grup 2),305000,230.0,5.99,71.429
-0.5011484712400766,-0.7078464331720558,1,Peminjam Agresif (Grup 2),165000,250.0,7.64,63.501
0.8923009445720108,-0.16863948184443744,1,Peminjam Agresif (Grup 2),185000,201.0,4.75,79.984
-0.000559517315883407,0.2644809934609125,1,Peminjam Agresif (Grup 2),335000,118.0,2.75,74.0
-0.0476007760924608,1.1498305531511732,2,Konservatif HNW (Grup 3),355000,136.0,3.25,70.0
-0.4970016806004187,1.2750209689318024,2,Konservatif HNW (Grup 3),195000,100.0,4.99,53.52
-1.2331095689462397,-0.7833269819964673,1,Peminjam Agresif (Grup 2),35000,87.0,7.25,66.136
-0.1143858082220318,1.1461888588944629,2,Konservatif HNW (Grup 3),385000,74.0,3.5,62.5
-0.13841409560611265,-1.4389824717328055,1,Peminjam Agresif (Grup 2),125000,205.0,7.13,85.224
-0.9463880437348162,-0.4741640606489986,2,Konservatif HNW (Grup 3),115000,43.0,3.75,96.5
0.41893025076495427,0.29323522536890523,1,Peminjam Agresif (Grup 2),65000,154.0,3.25,79.29
-0.7721094226627963,0.9978540289299422,2,Konservatif HNW (Grup 3),195000,107.0,3.25,69.59
-0.07866166908270225,-0.23482547021794897,1,Peminjam Agresif (Grup 2),305000,117.0,4.625,75.0
-0.8048329336242002,0.0599325500918588,2,Konservatif HNW (Grup 3),205000,53.0,4.25,85.0
-0.21525478983854618,1.785526955229986,2,Konservatif HNW (Grup 3),275000,104.0,3.25,46.0
1.2323259790417942,-1.2803487961370863,1,Peminjam Agresif (Grup 2),525000,286.0,4.375,95.0
0.1967971967513293,1.4035686789378328,2,Konservatif HNW (Grup 3),215000,76.0,2.875,54.26
-0.13086453604781476,-0.7551754117870156,1,Peminjam Agresif (Grup 2),305000,95.0,6.125,80.0
0.3528683115432032,1.1499278769243104,1,Peminjam Agresif (Grup 2),225000,161.0,3.375,47.0
0.9090957750876764,-1.034073484086093,1,Peminjam Agresif (Grup 2),565000,163.0,4.5,90.0
-0.5927841260975295,-1.495379780844316,1,Peminjam Agresif (Grup 2),275000,59.0,5.75,100.0
0.6725543018067356,-0.40739223649260664,1,Peminjam Agresif (Grup 2),365000,156.0,2.99,92.31
-0.8948829629441402,-0.6989875676740844,2,Konservatif HNW (Grup 3),205000,80.0,5.125,96.5
0.5706251309961664,-0.39897346900865777,1,Peminjam Agresif (Grup 2),305000,240.0,5.875,68.182
1.46551924584581,2.309640595342748,1,Peminjam Agresif (Grup 2),85000,68.0,2.75,21.0
-1.2442929673320975,0.07982131182822001,2,Konservatif HNW (Grup 3),175000,65.0,4.875,80.0
1.0462124509391078,-0.7106865616147836,1,Peminjam Agresif (Grup 2),495000,185.0,7.125,60.0
-0.9621273602314075,2.1000674373064614,2,Konservatif HNW (Grup 3),155000,51.0,2.99,49.355
-0.07268163381698768,1.497576831677531,2,Konservatif HNW (Grup 3),265000,77.0,5.0,46.097
-0.4085704008670916,-0.6031075963260147,1,Peminjam Agresif (Grup 2),165000,34.0,3.375,95.0
-0.780717869323219,-0.21824180572100405,2,Konservatif HNW (Grup 3),265000,42.0,3.75,90.0
0.2061362373535894,1.4330551887011151,2,Konservatif HNW (Grup 3),215000,110.0,2.375,48.533
1.061813245665276,2.126406206159263,2,Konservatif HNW (Grup 3),255000,314.0,2.74,29.67
1.898061170143877,3.5924440075697364,2,Konservatif HNW (Grup 3),205000,278.0,1.75,25.54
-0.415490540185449,0.3762997267525906,1,Peminjam Agresif (Grup 2),15000,101.0,0.0,100.428
0.3861893799491271,-0.5388014248714046,1,Peminjam Agresif (Grup 2),555000,101.0,4.75,91.667
0.3931706246442997,-0.732850339831367,1,Peminjam Agresif (Grup 2),375000,93.0,4.0,95.0
-0.2750113379337097,-0.15873026827767614,2,Konservatif HNW (Grup 3),315000,56.0,2.5,100.0
-0.9727142836678877,-0.3409710600177924,2,Konservatif HNW (Grup 3),175000,47.0,5.25,90.0
-0.9482759215157056,-0.7513650359210456,1,Peminjam Agresif (Grup 2),55000,98.0,7.5,70.84
-0.8255090375956121,0.8934047895234257,2,Konservatif HNW (Grup 3),255000,98.0,4.25,69.82
-0.08088268044948327,-0.4453283035363587,1,Peminjam Agresif (Grup 2),335000,83.0,3.875,88.286
-0.33050597256049724,-1.2527275463220873,1,Peminjam Agresif (Grup 2),375000,120.0,6.375,95.0
0.2863410805791733,-1.1055739694591693,1,Peminjam Agresif (Grup 2),305000,133.0,3.99,100.0
-0.2109261330689857,0.3075174321804748,2,Konservatif HNW (Grup 3),305000,104.0,4.875,66.667
-0.3006855015076229,0.2851649438923249,2,Konservatif HNW (Grup 3),75000,250.0,3.99,80.0
0.5885007520109244,-1.0774711232019094,1,Peminjam Agresif (Grup 2),465000,112.0,4.875,95.0
-0.40682520858573484,-0.21840415051255865,1,Peminjam Agresif (Grup 2),325000,172.0,3.125,68.421
-0.8701107217119851,-0.9968471177376867,1,Peminjam Agresif (Grup 2),85000,153.0,7.25,80.0
0.8667162708524629,1.8289255264449837,2,Konservatif HNW (Grup 3),285000,196.0,2.75,40.615
-0.4118236655679018,2.5870331132367967,2,Konservatif HNW (Grup 3),145000,53.0,3.25,37.179
-1.0113990262639145,-0.25745629782367646,2,Konservatif HNW (Grup 3),255000,131.0,6.25,75.0
0.5293834513750151,0.38910105036280257,2,Konservatif HNW (Grup 3),455000,238.0,5.5,51.257
0.5836294328940677,-0.6700807030116843,1,Peminjam Agresif (Grup 2),375000,102.0,4.5,86.047
-0.24033763258553129,0.2491530452634854,2,Konservatif HNW (Grup 3),365000,53.0,3.25,75.0
-0.024341940026423575,-1.2153637152464887,1,Peminjam Agresif (Grup 2),85000,78.0,6.5,76.238
-1.111719980821047,1.1731026694648388,2,Konservatif HNW (Grup 3),135000,53.0,3.5,64.29
1.987652396954836,-0.09301018280001576,0,Kelas Menengah (Grup 1),225000,703.0,5.75,72.018
-1.4303510284294756,-0.9877001896117193,2,Konservatif HNW (Grup 3),265000,100.0,5.875,80.0
0.18320334457379184,1.13569181718764,2,Konservatif HNW (Grup 3),115000,82.0,2.875,67.529
2.643085015763215,0.4897761566667605,0,Kelas Menengah (Grup 1),755000,590.0,3.25,72.46
-0.5254529404522128,1.457212753986853,2,Konservatif HNW (Grup 3),75000,80.0,0.99,79.988
1.1741137966979724,-0.13287386245919375,1,Peminjam Agresif (Grup 2),575000,200.0,4.875,79.59
-0.42808172316038945,-1.1634041854576653,1,Peminjam Agresif (Grup 2),375000,86.0,5.25,96.5
1.2912311794336628,-0.7637537279883195,1,Peminjam Agresif (Grup 2),155000,447.0,6.0,65.944
-0.32119925318534914,-0.7842238112716893,1,Peminjam Agresif (Grup 2),165000,77.0,5.375,97.0
0.20368867366255014,-0.8400615425224617,1,Peminjam Agresif (Grup 2),365000,133.0,4.789,95.0
-0.3367787059659311,-1.9613434162408185,1,Peminjam Agresif (Grup 2),435000,103.0,5.25,96.5
-0.6507942066771839,-1.1893635711042727,2,Konservatif HNW (Grup 3),365000,102.0,6.125,94.934
-1.2678381309070124,0.44352619763865253,2,Konservatif HNW (Grup 3),245000,103.0,5.125,80.0
0.2754482793346122,0.4242378696573955,2,Konservatif HNW (Grup 3),475000,84.0,3.0,86.46
-0.47925282751133236,-1.0983741592126868,1,Peminjam Agresif (Grup 2),155000,73.0,7.375,73.48
0.19572714630958718,-0.9495189413693196,1,Peminjam Agresif (Grup 2),365000,192.0,6.625,80.0
-0.09470590764581213,-0.4699663339297903,1,Peminjam Agresif (Grup 2),275000,43.0,3.125,96.5
0.17064236754699239,-1.2749310891671175,1,Peminjam Agresif (Grup 2),305000,111.0,5.875,90.0
-1.0950390643533692,-3.32481740882266,1,Peminjam Agresif (Grup 2),55000,125.0,12.5,76.38
-0.5719386056320478,-1.3282228553969762,1,Peminjam Agresif (Grup 2),445000,74.0,6.5,90.0
-0.24092980948213774,0.9108458189186093,2,Konservatif HNW (Grup 3),305000,57.0,3.5,54.545
1.1966160994680701,-0.8107890549442507,1,Peminjam Agresif (Grup 2),325000,96.0,6.5,80.0
-0.5722591252248423,0.9152601650133588,2,Konservatif HNW (Grup 3),245000,49.0,3.375,64.01
-1.006274658352484,-0.346149664166117,2,Konservatif HNW (Grup 3),125000,43.0,5.25,78.634
-0.19349084609402645,-0.6824776438879726,1,Peminjam Agresif (Grup 2),35000,109.0,5.25,81.323
-0.2522573603485102,-1.2019867553051942,1,Peminjam Agresif (Grup 2),315000,147.0,4.49,97.0
-0.5468758902992303,2.2052632772867042,2,Konservatif HNW (Grup 3),55000,101.0,3.5,38.203
-0.6782545814731594,0.7561389601015567,2,Konservatif HNW (Grup 3),25000,57.0,3.9,74.7
-0.5238870042964002,0.7569706780943968,2,Konservatif HNW (Grup 3),145000,167.0,5.25,47.667
0.15173836472711305,-0.03169083505838232,2,Konservatif HNW (Grup 3),285000,261.0,4.125,80.0
-0.12371269634446241,-0.16067070344496828,1,Peminjam Agresif (Grup 2),315000,138.0,3.25,84.0
0.14788041090605625,-1.334222979414621,1,Peminjam Agresif (Grup 2),365000,80.0,4.99,96.5
-0.9304432110563114,2.741687794556914,2,Konservatif HNW (Grup 3),155000,43.0,3.75,25.0
-0.35737442348113724,-0.5414613403176189,2,Konservatif HNW (Grup 3),335000,109.0,6.125,79.518
-1.0778307160388656,-0.28289319966292215,2,Konservatif HNW (Grup 3),135000,47.0,5.625,78.081
-1.0911373021931248,0.912974342854553,2,Konservatif HNW (Grup 3),35000,67.0,3.99,58.289
0.3575158165785208,-0.14513758645001446,1,Peminjam Agresif (Grup 2),285000,139.0,3.625,80.0
5.874294786549469,-0.694105714244906,0,Kelas Menengah (Grup 1),905000,1540.0,5.875,76.596
0.5706041205486619,0.1682281607361059,1,Peminjam Agresif (Grup 2),275000,92.0,2.875,81.078
-0.4078031657842076,1.7614730818117232,2,Konservatif HNW (Grup 3),105000,89.0,2.84,50.0
5.038937726035837,-1.0881726185563956,0,Kelas Menengah (Grup 1),1725000,371.0,4.45,80.0
-1.012392105438981,0.9921392924731209,2,Konservatif HNW (Grup 3),55000,58.0,7.38,17.544
-1.1197588117315591,-0.25982082876416096,2,Konservatif HNW (Grup 3),335000,61.0,4.5,96.5
-0.6508345845951261,0.19728997513024804,2,Konservatif HNW (Grup 3),285000,39.0,3.375,80.0
0.43954894747343637,-0.05316866478940933,1,Peminjam Agresif (Grup 2),365000,79.0,4.425,69.497
-0.8039608690140796,-0.24253933310034173,1,Peminjam Agresif (Grup 2),95000,89.0,9.0,17.9
-1.822777640552322,-2.5365599581045437,1,Peminjam Agresif (Grup 2),125000,40.0,6.75,100.0
-0.466799857434404,1.5255140848769146,2,Konservatif HNW (Grup 3),135000,68.0,2.625,57.447
-0.3995912247930565,-1.2325238100523699,1,Peminjam Agresif (Grup 2),285000,67.0,4.75,96.5
0.6807464524746626,1.507035462151813,1,Peminjam Agresif (Grup 2),215000,124.0,2.625,45.38
-0.30578223607383886,0.34124105861864934,1,Peminjam Agresif (Grup 2),55000,91.0,4.0,70.193
-0.8206281164211616,-0.4227924309495449,2,Konservatif HNW (Grup 3),145000,81.0,5.25,100.0
-1.7104869242027745,-0.1708550238055381,2,Konservatif HNW (Grup 3),45000,70.0,7.25,52.541
-0.08009287564869556,0.08211116717119933,2,Konservatif HNW (Grup 3),415000,100.0,5.25,64.375
-0.6365205211650049,-1.744800102676876,1,Peminjam Agresif (Grup 2),305000,50.0,6.125,85.0
0.11899007399647175,0.26726067494843997,2,Konservatif HNW (Grup 3),365000,171.0,3.375,80.0
-0.2948852179995631,2.18909077096738,2,Konservatif HNW (Grup 3),175000,99.0,2.5,50.29
-0.20391664870394857,1.873071740604383,2,Konservatif HNW (Grup 3),75000,214.0,3.75,33.333
0.3578137659376082,-0.886882252397088,1,Peminjam Agresif (Grup 2),435000,112.0,5.125,80.0
-0.3259892867311122,-2.168299717277717,1,Peminjam Agresif (Grup 2),575000,133.0,5.5,95.0
-0.2144182477186456,-0.6301675751975767,1,Peminjam Agresif (Grup 2),245000,46.0,2.75,96.5
-0.649343663230469,0.9035953081641557,2,Konservatif HNW (Grup 3),225000,79.0,4.625,46.31
0.2596886772062193,-0.2780695414304454,1,Peminjam Agresif (Grup 2),285000,84.0,3.75,80.0
-0.7479062521321718,2.5975872435449396,2,Konservatif HNW (Grup 3),35000,29.0,3.5,24.59
-1.071108791786578,0.405459005891887,2,Konservatif HNW (Grup 3),125000,48.0,4.125,84.93
0.3161238109343295,-0.26730350811644205,2,Konservatif HNW (Grup 3),405000,135.0,3.75,96.5
-0.09195846189847745,-0.7453671022283778,2,Konservatif HNW (Grup 3),315000,132.0,6.0,98.189
-0.03980479590964546,1.5771845497802464,2,Konservatif HNW (Grup 3),205000,76.0,2.125,48.921
1.7866494846005945,-1.2807225097749626,1,Peminjam Agresif (Grup 2),595000,274.0,4.875,85.255
-1.2497395573080325,1.2232584570406608,2,Konservatif HNW (Grup 3),25000,46.0,3.99,65.94
0.31781005539566515,-0.166516479511534,1,Peminjam Agresif (Grup 2),355000,226.0,6.125,60.0
0.9282558292316253,-0.7763737949398883,1,Peminjam Agresif (Grup 2),475000,180.0,6.999,65.068
-0.5008044509738115,-1.1459892282058315,1,Peminjam Agresif (Grup 2),315000,51.0,3.25,96.5
-0.8641849864120839,-0.002291918464850639,2,Konservatif HNW (Grup 3),235000,50.0,4.5,92.157
-0.3111664226430266,-0.15284368271755072,1,Peminjam Agresif (Grup 2),215000,119.0,3.875,80.0
-0.12460824877503913,-0.6574008360843998,1,Peminjam Agresif (Grup 2),105000,158.0,4.75,89.767
1.3197653654916783,2.232576756854186,2,Konservatif HNW (Grup 3),475000,391.0,2.25,49.676
-0.4401961402186312,0.5772798867582641,2,Konservatif HNW (Grup 3),235000,72.0,3.375,86.099
-0.917953385988617,-1.2734032411305223,1,Peminjam Agresif (Grup 2),195000,50.0,5.625,99.974
-0.537311951276874,-1.364256140072366,1,Peminjam Agresif (Grup 2),225000,107.0,6.0,99.77
-0.26844108882162415,-1.0112886352312067,2,Konservatif HNW (Grup 3),325000,246.0,7.625,80.0
0.22850161538594357,1.1726442997762263,1,Peminjam Agresif (Grup 2),75000,123.0,6.625,15.919
-0.6920952615922801,0.04225278946392862,2,Konservatif HNW (Grup 3),265000,80.0,3.5,95.0
-1.2178691617821025,2.4555758602175795,2,Konservatif HNW (Grup 3),115000,37.0,2.99,39.0
0.3975762964269551,1.0596353959575266,1,Peminjam Agresif (Grup 2),205000,176.0,4.75,44.44
0.9009186775139926,2.461781055742633,2,Konservatif HNW (Grup 3),375000,86.0,3.375,18.65
-1.1576383851993628,1.5421508348455364,2,Konservatif HNW (Grup 3),105000,34.0,2.625,73.03
-1.3840143483101726,1.775291255040841,2,Konservatif HNW (Grup 3),15000,58.0,4.625,43.545
1.066769395869434,0.8842926404510248,1,Peminjam Agresif (Grup 2),165000,255.0,5.25,28.27
-1.1882156178239742,0.5030088585827542,2,Konservatif HNW (Grup 3),25000,54.0,3.95,69.88
-1.9659954185845299,0.3859113573676964,2,Konservatif HNW (Grup 3),85000,27.0,6.99,49.383
-0.6082744091089072,2.9742555073238224,2,Konservatif HNW (Grup 3),105000,43.0,2.99,14.493
-0.5789368656780594,-1.061128754503508,1,Peminjam Agresif (Grup 2),135000,103.0,5.25,96.5
-0.6008426593914168,1.2661669051236915,2,Konservatif HNW (Grup 3),295000,52.0,2.5,61.935
-1.0774477787878136,-0.34166550289620884,2,Konservatif HNW (Grup 3),155000,55.0,5.125,80.0
-0.06783542676828562,1.714910117945953,2,Konservatif HNW (Grup 3),195000,104.0,3.625,45.881
-0.4954503794554363,-0.933621468039452,1,Peminjam Agresif (Grup 2),65000,97.0,5.0,80.0
-0.9322248192115592,-0.8671492777149309,1,Peminjam Agresif (Grup 2),75000,166.0,7.0,75.083
0.5792326138223598,-1.6488932315170435,1,Peminjam Agresif (Grup 2),585000,109.0,6.25,94.879
-1.4388378016816814,-2.2801333828498187,1,Peminjam Agresif (Grup 2),45000,100.0,9.849,79.983
-0.14913808136135834,1.69669505590805,2,Konservatif HNW (Grup 3),145000,102.0,4.875,30.02
-0.0315950236477576,-0.2718142593742755,1,Peminjam Agresif (Grup 2),205000,131.0,3.75,93.0
-1.2460332460191597,1.5547734865846867,2,Konservatif HNW (Grup 3),105000,65.0,3.5,66.667
-0.2384908100642337,-1.0229967400589608,1,Peminjam Agresif (Grup 2),75000,106.0,6.23,83.94
-0.9126343571521017,-0.0009351038082876076,2,Konservatif HNW (Grup 3),245000,51.0,3.0,96.5
-0.07200029470393961,1.5205109094926714,2,Konservatif HNW (Grup 3),25000,197.0,0.99,79.985
-0.8255439466950079,0.7003274976329311,2,Konservatif HNW (Grup 3),15000,114.0,0.0,100.428
-1.6747703300300185,-0.5204626783839608,2,Konservatif HNW (Grup 3),75000,110.0,6.75,78.263
-0.6054381277267423,2.4323168897430807,2,Konservatif HNW (Grup 3),35000,35.0,3.25,30.02
-1.3074935562421988,1.8373722066548959,2,Konservatif HNW (Grup 3),55000,28.0,3.375,41.0
-0.6473320843441767,-0.6846073360153249,2,Konservatif HNW (Grup 3),385000,91.0,5.125,95.0
-0.30767861100397476,-0.5535207348820999,1,Peminjam Agresif (Grup 2),285000,151.0,5.99,75.0
-0.47629276676562865,-1.0143912385821336,1,Peminjam Agresif (Grup 2),245000,40.0,4.75,100.0
-0.27198710027405776,-0.8415541167109912,1,Peminjam Agresif (Grup 2),65000,107.0,4.64,94.41
-0.3311777990223294,2.010472018641574,2,Konservatif HNW (Grup 3),255000,142.0,2.99,45.602
1.0853193122748193,-1.336669244815094,1,Peminjam Agresif (Grup 2),465000,187.0,5.99,82.0
-0.35869345088507015,-1.0705941047840777,1,Peminjam Agresif (Grup 2),525000,97.0,5.375,90.0
0.746839921613617,1.2472916388623299,2,Konservatif HNW (Grup 3),485000,329.0,4.5,50.206
-0.836877325296534,-0.8643363227323946,1,Peminjam Agresif (Grup 2),225000,62.0,4.375,96.5
0.38127796225196675,-1.6856403326153557,1,Peminjam Agresif (Grup 2),355000,217.0,7.125,85.0
0.10339738470729247,1.061176269984445,2,Konservatif HNW (Grup 3),545000,120.0,3.99,59.341
1.9308435617743593,-0.337490383072415,1,Peminjam Agresif (Grup 2),565000,250.0,4.125,95.0
-0.915937652080384,0.10811403913540556,2,Konservatif HNW (Grup 3),125000,39.0,4.25,81.84
-0.6988813867134003,-1.0083759643959707,1,Peminjam Agresif (Grup 2),355000,111.0,4.125,80.0
-0.9317425970466494,-0.7476301743840037,2,Konservatif HNW (Grup 3),275000,78.0,6.625,81.4
-1.0298440119417518,-1.2763257717777792,1,Peminjam Agresif (Grup 2),155000,33.0,5.375,101.5
-0.36518743401553805,-0.7877786988244261,1,Peminjam Agresif (Grup 2),245000,123.0,6.25,86.583
-0.4535349017607408,-0.24051869006482654,1,Peminjam Agresif (Grup 2),165000,80.0,4.375,85.0
-0.45497483259584637,1.7975412658439125,2,Konservatif HNW (Grup 3),125000,143.0,3.125,53.06
-1.6070771673590574,-0.5986532343196191,2,Konservatif HNW (Grup 3),65000,76.0,7.29,79.983
-0.3830089712142096,1.3336202673470092,2,Konservatif HNW (Grup 3),165000,72.0,3.5,60.377
0.9788416273488332,0.6121852320018081,2,Konservatif HNW (Grup 3),485000,164.0,4.025,71.39
0.15853547183893507,-0.7667671931710205,1,Peminjam Agresif (Grup 2),285000,124.0,5.75,87.805
0.1340599710907519,-0.05467646114946385,2,Konservatif HNW (Grup 3),345000,183.0,5.25,73.913
-1.065377907927041,0.5885303023294811,1,Peminjam Agresif (Grup 2),25000,43.0,6.25,35.449
0.5797913687772159,-1.07050162367688,1,Peminjam Agresif (Grup 2),245000,219.0,6.5,80.0
-0.7862035527933153,0.8641848031957206,2,Konservatif HNW (Grup 3),145000,42.0,5.0,52.727
0.9967080202337013,-0.5218650737626169,1,Peminjam Agresif (Grup 2),685000,232.0,5.5,80.0
0.6007841736397362,-1.2389665310692215,1,Peminjam Agresif (Grup 2),355000,137.0,5.125,95.0
-1.4173458342297793,0.5204889464215094,2,Konservatif HNW (Grup 3),45000,53.0,3.0,79.876
0.0531834772129997,-0.3631031061898352,1,Peminjam Agresif (Grup 2),315000,175.0,4.999,74.89
-0.06707927360430058,-0.9652658872144964,1,Peminjam Agresif (Grup 2),275000,57.0,3.75,100.0
-0.632579007292951,-0.1522921086628334,2,Konservatif HNW (Grup 3),215000,48.0,4.75,80.0
-1.241154167401257,0.2824861692784025,2,Konservatif HNW (Grup 3),115000,105.0,4.625,75.0
-0.5099335742051614,0.6720203900388109,2,Konservatif HNW (Grup 3),255000,83.0,4.25,61.1
0.8284192650939467,0.6493411143870491,2,Konservatif HNW (Grup 3),205000,314.0,3.99,68.6
-0.607192797507968,-0.7589492464813818,1,Peminjam Agresif (Grup 2),255000,88.0,6.0,80.0
-0.6142440630773345,2.1498230790785247,2,Konservatif HNW (Grup 3),45000,70.0,3.59,36.917
-0.10763824572245546,-0.199660382399834,1,Peminjam Agresif (Grup 2),405000,145.0,4.875,67.545
-0.5023824944109595,0.6801083666906182,2,Konservatif HNW (Grup 3),5000,46.0,0.0,100.43
0.5327661060188692,-1.3187101618763768,1,Peminjam Agresif (Grup 2),445000,137.0,4.875,93.25
1.0656504395398394,0.34406100641409454,1,Peminjam Agresif (Grup 2),75000,227.0,4.0,69.39
-1.5050766781703655,0.5202604813778551,2,Konservatif HNW (Grup 3),115000,37.0,5.375,58.0
-0.780717210718309,-0.9718835886865771,1,Peminjam Agresif (Grup 2),65000,107.0,6.0,78.275
-0.02663423388888939,-0.012913872792276133,1,Peminjam Agresif (Grup 2),285000,111.0,4.5,66.375
1.370926389582718,0.8443116027065581,1,Peminjam Agresif (Grup 2),595000,66.0,3.5,53.64
0.2128510150422019,-0.8958590601012593,1,Peminjam Agresif (Grup 2),365000,92.0,4.0,95.0
-0.08271995585063259,0.16041413719383146,2,Konservatif HNW (Grup 3),515000,93.0,3.875,92.727
-0.03294592696475047,0.772171161721427,2,Konservatif HNW (Grup 3),195000,157.0,3.625,59.85
0.004129188080726476,-0.08568696184715727,1,Peminjam Agresif (Grup 2),275000,85.0,3.875,90.0
0.2237402772931156,0.3528593395396192,1,Peminjam Agresif (Grup 2),205000,187.0,3.35,77.287
-0.6951684987454787,-0.2067980546862674,2,Konservatif HNW (Grup 3),185000,49.0,3.75,101.01
0.25883024237220725,-0.42851152410860516,1,Peminjam Agresif (Grup 2),335000,110.0,5.625,61.785
-1.1937516892424995,-1.4819826130522538,1,Peminjam Agresif (Grup 2),135000,32.0,6.75,100.0
-0.1354554175714151,0.7011250270052634,2,Konservatif HNW (Grup 3),105000,113.0,2.74,90.0
4.894301656218977,0.3259516554314874,0,Kelas Menengah (Grup 1),1405000,775.0,3.875,59.574
-0.9327327138204365,-1.937121064676083,1,Peminjam Agresif (Grup 2),135000,56.0,6.5,102.5
-0.2651457919188723,0.3379806993148309,2,Konservatif HNW (Grup 3),285000,133.0,5.5,80.0
-0.5184129570626594,0.35709858140418604,2,Konservatif HNW (Grup 3),105000,107.0,3.75,72.77
0.9571614347523943,0.0221568698346035,1,Peminjam Agresif (Grup 2),155000,325.0,5.25,66.13
1.2814339566177702,-0.6230751988256628,1,Peminjam Agresif (Grup 2),685000,146.0,3.125,90.0
0.34463336936272154,-0.926120822912892,1,Peminjam Agresif (Grup 2),325000,120.0,5.99,81.658
-0.9848113509061779,-0.5744206339682439,2,Konservatif HNW (Grup 3),125000,42.0,4.999,95.0
1.3210959189781586,-0.8692463174676024,1,Peminjam Agresif (Grup 2),475000,286.0,5.625,95.0
4.4168772377738215,0.587989820806265,0,Kelas Menengah (Grup 1),405000,1238.0,3.04,80.0
-0.3426072081534256,0.2571246563916191,2,Konservatif HNW (Grup 3),235000,78.0,5.25,80.0
3.6008205549580916,-0.4693582843117749,0,Kelas Menengah (Grup 1),1005000,750.0,3.375,75.472
0.8871265450092708,-0.3944939125124435,1,Peminjam Agresif (Grup 2),805000,168.0,3.5,80.0
0.6971670177189921,-0.3988367554172154,1,Peminjam Agresif (Grup 2),375000,121.0,3.07,87.381
-1.0421123999251718,-0.6916250940570327,2,Konservatif HNW (Grup 3),195000,86.0,5.375,95.0
2.832171802198915,1.633454668592248,0,Kelas Menengah (Grup 1),565000,397.0,2.45,60.16
1.0088202893924973,0.01339768389363948,1,Peminjam Agresif (Grup 2),365000,138.0,3.625,73.878
-0.82633863641445,-0.08281040322802419,2,Konservatif HNW (Grup 3),135000,34.0,3.625,90.0
0.9940150999039877,-0.1502578069405603,1,Peminjam Agresif (Grup 2),375000,398.0,4.25,70.0
-1.0264436490683395,-0.41473679725009005,2,Konservatif HNW (Grup 3),205000,45.0,5.5,80.0
-0.878260698774158,-0.16109584888467268,2,Konservatif HNW (Grup 3),85000,56.0,5.54,78.7
-0.27368046971915055,0.28847086678583483,1,Peminjam Agresif (Grup 2),135000,52.0,4.24,71.826
-1.2558617871811886,-0.8808555834921349,2,Konservatif HNW (Grup 3),115000,39.0,4.5,104.167
0.513845866966603,2.735384232530493,2,Konservatif HNW (Grup 3),375000,119.0,2.5,25.167
-0.26884759882626136,0.9511915166745469,2,Konservatif HNW (Grup 3),125000,85.0,5.125,48.077
-0.059718991749058654,-1.4004223343618607,1,Peminjam Agresif (Grup 2),305000,122.0,5.625,95.0
1.6593371938815675,-1.1324631859338532,1,Peminjam Agresif (Grup 2),935000,288.0,5.125,89.99
1.90156416233937,0.5010604507942445,1,Peminjam Agresif (Grup 2),825000,78.0,5.0,49.254
-0.44688574348244403,1.6295764194729483,2,Konservatif HNW (Grup 3),145000,36.0,3.5,32.11
-0.19572369674315468,1.4258670734928836,2,Konservatif HNW (Grup 3),355000,117.0,3.375,46.0
-1.199667451212729,-0.06476018390752071,2,Konservatif HNW (Grup 3),115000,44.0,3.0,104.64
-0.01264339062768764,0.004488242737271643,2,Konservatif HNW (Grup 3),365000,114.0,3.375,90.0
-0.8097148062533109,0.6866213092962373,2,Konservatif HNW (Grup 3),205000,81.0,6.875,30.0
-0.5157647886860827,-1.4624853839605847,1,Peminjam Agresif (Grup 2),355000,95.0,6.625,85.0
-0.7507120557045243,-1.6131694297849817,1,Peminjam Agresif (Grup 2),195000,84.0,6.125,100.0
-0.6965785951400598,0.0653289545915607,2,Konservatif HNW (Grup 3),175000,116.0,5.25,73.913
-1.376850524599538,-0.3728104152151888,2,Konservatif HNW (Grup 3),45000,64.0,5.99,67.884
-0.9008498083545828,0.2682407008457568,2,Konservatif HNW (Grup 3),165000,44.0,3.75,84.091
-1.2287019488591246,0.4428834071006138,2,Konservatif HNW (Grup 3),45000,69.0,4.5,79.885
0.11499317877165893,0.22617642370288696,1,Peminjam Agresif (Grup 2),205000,107.0,3.625,69.0
-0.6778294373544023,1.3294305203106236,2,Konservatif HNW (Grup 3),75000,107.0,4.15,45.16
-0.4481012127552287,-0.09680962315504697,2,Konservatif HNW (Grup 3),105000,190.0,5.75,74.506
-1.0154055792048342,-0.28393706977084127,2,Konservatif HNW (Grup 3),105000,101.0,5.49,80.85
-0.524882914400462,0.046074597537293385,2,Konservatif HNW (Grup 3),315000,24.0,4.5,80.0
-0.19014790216453706,0.8316493664579476,2,Konservatif HNW (Grup 3),345000,180.0,5.875,55.01
0.04787855233667069,-0.5486549272321093,2,Konservatif HNW (Grup 3),415000,132.0,4.99,95.0
-1.483142834365714,0.1986044247991053,2,Konservatif HNW (Grup 3),65000,40.0,4.375,95.0
-1.1700687216176726,0.6192619040599721,2,Konservatif HNW (Grup 3),175000,67.0,4.375,72.34
-1.0331293334221086,-0.5585857378415353,2,Konservatif HNW (Grup 3),235000,58.0,5.99,80.0
-0.39716070301054524,0.5736742543619169,2,Konservatif HNW (Grup 3),445000,114.0,3.0,80.0
-0.7680419545237905,1.137100862098057,2,Konservatif HNW (Grup 3),85000,36.0,6.25,26.899
-1.7143033548283735,-1.081512843741735,2,Konservatif HNW (Grup 3),15000,48.0,7.75,83.17
2.558148503727094,-0.21803120575905557,0,Kelas Menengah (Grup 1),825000,577.0,3.375,87.305
1.376632262167781,-1.398138345575609,1,Peminjam Agresif (Grup 2),485000,214.0,5.375,95.0
-1.6019112900120929,-0.6836329769641372,2,Konservatif HNW (Grup 3),145000,61.0,6.125,95.0
-0.661332070073486,0.8592653951367273,2,Konservatif HNW (Grup 3),235000,149.0,3.99,70.0
-1.1927333076770834,2.1259097086587038,2,Konservatif HNW (Grup 3),25000,88.0,4.5,27.734
-0.3684456233711767,2.08657083247083,2,Konservatif HNW (Grup 3),305000,123.0,3.99,39.96
0.035223627899718404,-1.0102540645954758,2,Konservatif HNW (Grup 3),675000,143.0,7.25,75.0
0.021906383425806558,-0.03451796638069351,1,Peminjam Agresif (Grup 2),185000,69.0,5.125,75.0
-0.17054472346802005,-0.7754170731988538,1,Peminjam Agresif (Grup 2),395000,69.0,3.25,99.89
0.25985347495550454,-1.668478421851507,1,Peminjam Agresif (Grup 2),415000,103.0,6.375,97.0
1.1943087002749437,0.38812812056477486,2,Konservatif HNW (Grup 3),525000,240.0,3.25,80.0
0.8336581194832409,2.2868272148766726,2,Konservatif HNW (Grup 3),245000,60.0,2.875,51.688
-0.39866799624890875,0.4679972365559741,1,Peminjam Agresif (Grup 2),25000,147.0,6.9,42.247
1.0826826817847106,2.0136987843023215,1,Peminjam Agresif (Grup 2),195000,72.0,2.625,48.75
-0.09162091238935702,-0.09765110801029424,2,Konservatif HNW (Grup 3),335000,104.0,2.875,94.0
-1.027225961162282,-0.3213799133208708,2,Konservatif HNW (Grup 3),45000,67.0,4.75,93.75
-0.5405802657186627,-1.2353301815644093,1,Peminjam Agresif (Grup 2),275000,82.0,6.999,80.0
-0.17402839281001528,-0.4032074956840139,1,Peminjam Agresif (Grup 2),165000,131.0,5.125,70.0
0.298580752285526,-0.005483006685768596,1,Peminjam Agresif (Grup 2),295000,70.0,3.875,78.92
-0.5566207406189777,-0.8261745369235005,2,Konservatif HNW (Grup 3),365000,113.0,5.0,96.5
0.35665495468200836,-1.3341800882551114,1,Peminjam Agresif (Grup 2),185000,418.0,7.4,88.29
0.3659743132184353,-0.10059945467547983,1,Peminjam Agresif (Grup 2),155000,124.0,4.99,69.776
-0.5761492817511381,-1.7204308154772483,1,Peminjam Agresif (Grup 2),245000,93.0,6.0,103.03
1.2234950575049535,0.5802318498253919,2,Konservatif HNW (Grup 3),365000,302.0,2.875,80.0
1.7817301483940453,1.6169307080776811,0,Kelas Menengah (Grup 1),425000,654.0,4.74,39.59
-1.7663134895601003,-2.312186617364331,1,Peminjam Agresif (Grup 2),15000,108.0,9.25,99.715
-0.18411687800091303,-0.191890320755473,1,Peminjam Agresif (Grup 2),425000,69.0,3.375,65.835
-0.4860678571477333,0.6105426027556002,2,Konservatif HNW (Grup 3),55000,106.0,4.75,60.0
-0.4248574661723437,0.2598315555669728,2,Konservatif HNW (Grup 3),205000,59.0,5.25,65.211
-0.441568141340147,-0.24522458076757458,2,Konservatif HNW (Grup 3),315000,141.0,5.375,90.0
-0.17117847130121375,1.6751477108250525,2,Konservatif HNW (Grup 3),265000,55.0,2.99,47.636
-0.02701434606970005,-0.3119850638999743,2,Konservatif HNW (Grup 3),425000,140.0,6.875,65.385
2.788219110983763,0.9288331966318959,1,Peminjam Agresif (Grup 2),615000,315.0,2.5,49.597
1.2898174031671201,1.0324124928518394,2,Konservatif HNW (Grup 3),945000,274.0,4.0,52.905
-0.45959119680896143,1.2711199217240294,2,Konservatif HNW (Grup 3),85000,43.0,2.625,67.0
-0.7725490982919221,-0.8961684734892547,1,Peminjam Agresif (Grup 2),195000,70.0,5.25,89.99
-0.7030326293066286,-0.21053350696829234,2,Konservatif HNW (Grup 3),125000,87.0,4.875,80.0
-0.040493327716030966,1.0421144783635028,2,Konservatif HNW (Grup 3),155000,104.0,3.25,62.043
-0.4265342716897495,0.008624631087544521,2,Konservatif HNW (Grup 3),185000,74.0,4.25,80.0
-0.2102437572438349,1.6752806032834808,2,Konservatif HNW (Grup 3),225000,117.0,2.5,72.79
0.5962475714944712,0.4522718684143827,1,Peminjam Agresif (Grup 2),395000,72.0,3.25,66.661
-0.86589590685765,-0.7355224372494575,2,Konservatif HNW (Grup 3),355000,62.0,5.75,83.39
-0.12657489514547218,1.3420999174397035,2,Konservatif HNW (Grup 3),375000,58.0,2.999,67.55
-0.539123116243143,-0.5895786762694698,2,Konservatif HNW (Grup 3),385000,102.0,5.625,79.999
-0.40014275029504953,0.8511146212132319,2,Konservatif HNW (Grup 3),415000,98.0,5.875,59.243
-0.1937525744208432,-0.15308242732340896,1,Peminjam Agresif (Grup 2),235000,60.0,3.875,75.0
-0.10453809232146058,-0.731295655863934,1,Peminjam Agresif (Grup 2),255000,221.0,6.25,75.0
-0.9353483845730877,0.07136874555983999,2,Konservatif HNW (Grup 3),45000,70.0,4.5,85.372
-0.6157608804982737,1.2762628654776216,2,Konservatif HNW (Grup 3),105000,109.0,3.75,77.272
0.10379329406952333,-0.9722796192535533,1,Peminjam Agresif (Grup 2),275000,123.0,4.375,93.0
-0.8630041278262599,-0.5971238273753084,2,Konservatif HNW (Grup 3),195000,40.0,5.25,97.0
-0.01902984858008472,0.6109414612745312,2,Konservatif HNW (Grup 3),335000,62.0,2.875,80.764
-0.40061858690338853,1.1973192335335279,2,Konservatif HNW (Grup 3),25000,130.0,0.0,100.43
-0.5996474760252888,0.8535571972814878,1,Peminjam Agresif (Grup 2),45000,102.0,4.975,28.387
-0.7897845037042476,-1.4209111292755494,1,Peminjam Agresif (Grup 2),245000,71.0,6.75,90.0
-1.2458875310062416,-0.8169947851722896,2,Konservatif HNW (Grup 3),255000,50.0,5.125,100.0
-1.4073010769265435,0.33089787662112113,2,Konservatif HNW (Grup 3),75000,77.0,4.89,79.6
-0.09202787682685493,2.0756793928532544,2,Konservatif HNW (Grup 3),105000,79.0,3.99,17.6
-0.04418925443896241,-0.8831985462194344,1,Peminjam Agresif (Grup 2),395000,76.0,4.125,97.0
0.670117738595284,0.9312109808840311,2,Konservatif HNW (Grup 3),465000,78.0,3.05,63.28
0.03178329408519667,-1.3528887839948622,1,Peminjam Agresif (Grup 2),325000,215.0,5.99,95.0
-1.0120853016429237,-1.2977925411677211,1,Peminjam Agresif (Grup 2),5000,39.0,5.625,101.124
-0.6054762007835083,0.022474892127383173,2,Konservatif HNW (Grup 3),265000,78.0,3.375,100.0
1.4838588514684525,-1.2806287447908238,1,Peminjam Agresif (Grup 2),605000,355.0,4.99,80.0
-0.693199271921249,1.3049578162842066,2,Konservatif HNW (Grup 3),195000,94.0,3.25,55.029
-1.2712100706432654,-0.20042806178369607,2,Konservatif HNW (Grup 3),105000,105.0,6.75,70.13
-0.6458356998373922,2.4708001050198956,2,Konservatif HNW (Grup 3),85000,73.0,2.625,36.889
1.712995221111998,0.26808865226099876,2,Konservatif HNW (Grup 3),795000,131.0,3.125,95.0
-0.9055079189321643,0.6310091368818447,2,Konservatif HNW (Grup 3),5000,39.0,1.0,103.1845
0.8885501385733501,0.3383582999639417,1,Peminjam Agresif (Grup 2),435000,0.0,3.75,90.0
0.3332365989973931,-0.3534625073245261,1,Peminjam Agresif (Grup 2),425000,290.0,5.625,70.0
-0.9162834239286957,-0.646097902274501,2,Konservatif HNW (Grup 3),235000,84.0,6.0,80.0
-0.7999797158329145,-2.1482969078358076,1,Peminjam Agresif (Grup 2),295000,79.0,6.0,96.5
1.6289642444674668,-0.8577264193046117,1,Peminjam Agresif (Grup 2),655000,242.0,4.625,84.97
-0.5385603353913627,1.616374262203082,2,Konservatif HNW (Grup 3),105000,114.0,4.4,30.303
-0.19486599095241697,0.14235280754388507,1,Peminjam Agresif (Grup 2),255000,179.0,6.0,33.113
1.2210370616476358,-0.4702636898220839,1,Peminjam Agresif (Grup 2),355000,140.0,5.99,63.0
2.29770021756114,2.7028342100203284,0,Kelas Menengah (Grup 1),705000,367.0,3.125,18.0
-0.46050429445273383,-2.1195093456730514,1,Peminjam Agresif (Grup 2),335000,67.0,7.0,100.0
-1.3138909315291,-1.093248341056275,1,Peminjam Agresif (Grup 2),55000,56.0,7.49,79.429
-0.7394597431498608,-1.3571542747888856,1,Peminjam Agresif (Grup 2),85000,115.0,6.875,89.99
-0.263092603279564,0.2171471689306545,2,Konservatif HNW (Grup 3),245000,97.0,7.0,61.11
-0.04318900697045298,0.6711745243983073,2,Konservatif HNW (Grup 3),225000,76.0,2.75,80.0
-0.6601197875233853,-0.5374433117693513,2,Konservatif HNW (Grup 3),295000,65.0,4.75,90.0
-0.5790273313454417,0.09591352916523793,2,Konservatif HNW (Grup 3),415000,143.0,4.875,68.0
-0.7297924366717659,2.320563401788606,2,Konservatif HNW (Grup 3),75000,180.0,3.99,19.947
-0.9235532384699289,-0.6037552508968701,2,Konservatif HNW (Grup 3),275000,60.0,5.375,90.0
-0.8226049366717086,1.0603750320353993,2,Konservatif HNW (Grup 3),25000,65.0,3.99,52.229
0.22036446254476116,-1.4781159800159531,1,Peminjam Agresif (Grup 2),365000,95.0,5.375,97.0
0.2934408620276854,-0.7986539843427157,1,Peminjam Agresif (Grup 2),405000,136.0,5.25,95.0
0.15175544889967243,-1.1203224560377392,1,Peminjam Agresif (Grup 2),385000,76.0,4.0,95.0
-0.46487573118518566,0.1177008280596487,2,Konservatif HNW (Grup 3),165000,194.0,5.5,57.0
0.8003867804397355,0.9766548552870702,1,Peminjam Agresif (Grup 2),255000,112.0,2.99,67.94
-1.065103445059394,1.0362450181400185,2,Konservatif HNW (Grup 3),135000,132.0,3.875,65.0
-0.5698989851436081,-0.7192238043610387,2,Konservatif HNW (Grup 3),315000,83.0,5.125,95.0
1.0383808384757829,-0.5309140609178541,1,Peminjam Agresif (Grup 2),395000,86.0,4.5,85.34
-0.5501433155845814,-0.21008176956355362,2,Konservatif HNW (Grup 3),205000,77.0,4.25,96.5
-0.30194622225737905,-0.23235283565580472,2,Konservatif HNW (Grup 3),355000,145.0,5.25,93.0
-2.1709236921653905,-1.8393783006992073,2,Konservatif HNW (Grup 3),5000,33.0,9.25,101.6623
-1.3783196829314242,-2.179471282781233,1,Peminjam Agresif (Grup 2),195000,93.0,6.0,96.5
-0.5263960520874772,-0.20501239304653496,1,Peminjam Agresif (Grup 2),125000,93.0,5.05,75.88
-0.9548777031197944,0.6609611182659252,2,Konservatif HNW (Grup 3),185000,41.0,4.5,80.0
-0.2734683405148473,-0.5318422191966966,1,Peminjam Agresif (Grup 2),205000,50.0,3.625,80.0
0.23159522920708428,-1.2050162217665261,1,Peminjam Agresif (Grup 2),265000,100.0,3.99,100.0
0.2597775902591709,-0.5453854069519533,1,Peminjam Agresif (Grup 2),305000,70.0,3.75,96.5
-0.14238141409009936,0.6305236899324761,2,Konservatif HNW (Grup 3),185000,69.0,3.25,68.609
0.12269687363032081,-1.135094028942607,1,Peminjam Agresif (Grup 2),335000,63.0,5.0,89.219
0.41155900051085953,-0.8930054241122066,1,Peminjam Agresif (Grup 2),315000,272.0,5.125,80.0
-0.9318009032293224,0.08823220941416719,2,Konservatif HNW (Grup 3),165000,42.0,4.99,75.0
-1.5231321674942482,-2.389136837610937,1,Peminjam Agresif (Grup 2),105000,119.0,11.9,75.0
-0.9901702868862826,1.784045139584969,2,Konservatif HNW (Grup 3),25000,97.0,4.75,23.3
-0.7566932372669672,-0.12849135008944967,2,Konservatif HNW (Grup 3),145000,123.0,6.25,63.596
-0.8773274214287808,0.6903356281073169,2,Konservatif HNW (Grup 3),325000,86.0,3.5,77.566
-0.8212583786783276,0.11266253612520227,2,Konservatif HNW (Grup 3),115000,33.0,3.25,96.5
-0.26940946026325746,0.3249732227806639,1,Peminjam Agresif (Grup 2),205000,60.0,5.125,59.702
-0.5289633958993308,1.0315103275147395,2,Konservatif HNW (Grup 3),165000,61.0,2.25,86.559
-0.47679377357424935,-0.01845727088796849,2,Konservatif HNW (Grup 3),385000,102.0,4.25,80.0
-1.2955216513732752,1.428903404635599,2,Konservatif HNW (Grup 3),105000,82.0,6.28,26.042
-0.059494397573395044,0.4227522343927019,1,Peminjam Agresif (Grup 2),165000,66.0,4.625,64.919
-0.02987760139590538,-1.1412432646383412,1,Peminjam Agresif (Grup 2),335000,92.0,5.125,98.189
-0.2663953877468746,-0.7052601631287638,1,Peminjam Agresif (Grup 2),315000,82.0,4.25,100.0
0.5823089343002404,-1.6635414677431375,1,Peminjam Agresif (Grup 2),415000,152.0,7.0,80.0
-0.29424253678922374,0.4308007077643735,2,Konservatif HNW (Grup 3),205000,244.0,6.0,43.666
0.7398319779659616,1.4256550769108023,1,Peminjam Agresif (Grup 2),155000,281.0,5.125,19.877
-0.015546449087305155,0.2929717615166096,1,Peminjam Agresif (Grup 2),255000,83.0,4.99,52.417
0.3392264516037505,0.8575060609848223,2,Konservatif HNW (Grup 3),395000,163.0,5.75,58.37
-0.32990016512960807,-0.17991855680931368,1,Peminjam Agresif (Grup 2),205000,135.0,4.5,77.056
-0.7461600833541403,0.014378881603401221,2,Konservatif HNW (Grup 3),95000,83.0,5.875,65.71
0.30137179603593617,0.1653456466112285,2,Konservatif HNW (Grup 3),395000,130.0,5.375,80.0
-0.7227271161721911,2.4444052186441576,2,Konservatif HNW (Grup 3),105000,128.0,4.625,29.855
-0.6131579809034959,-0.5265796829769807,2,Konservatif HNW (Grup 3),255000,70.0,5.75,80.0
-0.06985669470595625,-0.8555557774103318,1,Peminjam Agresif (Grup 2),335000,64.0,5.25,80.0
-0.12693931010570692,-0.8197251377726794,1,Peminjam Agresif (Grup 2),255000,84.0,3.99,95.0
4.714667303678232,-0.28729617932039486,0,Kelas Menengah (Grup 1),1185000,513.0,3.875,80.0
-0.9798172862916388,-1.125511540380877,1,Peminjam Agresif (Grup 2),175000,110.0,5.625,96.5
0.4455915231912772,-0.7697345134603806,1,Peminjam Agresif (Grup 2),335000,107.0,3.25,95.0
-1.3544768364822088,-1.7876973941160608,1,Peminjam Agresif (Grup 2),55000,82.0,8.7,90.0
-1.234116691777089,-0.7620037187656725,2,Konservatif HNW (Grup 3),215000,73.0,3.625,89.99
0.657731239777564,-1.4369473063733664,1,Peminjam Agresif (Grup 2),285000,120.0,5.5,100.0
-1.4883447518850237,-0.5878677185607966,2,Konservatif HNW (Grup 3),55000,143.0,6.5,79.862
-1.182486589275773,0.5332228983212419,2,Konservatif HNW (Grup 3),335000,51.0,2.875,96.5
0.11137394440356241,1.2985488599773507,2,Konservatif HNW (Grup 3),325000,162.0,4.125,47.445
-0.8153406135764828,2.8118948116406766,2,Konservatif HNW (Grup 3),105000,39.0,2.99,16.0
0.3255658666138984,-0.3503832859339542,2,Konservatif HNW (Grup 3),255000,299.0,4.25,96.32
0.7860660179541644,-1.5552510044659704,1,Peminjam Agresif (Grup 2),255000,199.0,7.0,78.26
0.3030435986952143,-0.977216008422003,1,Peminjam Agresif (Grup 2),335000,101.0,4.75,90.0
-1.6501550758892805,-1.2312223649958702,2,Konservatif HNW (Grup 3),155000,55.0,6.697,95.0
-1.2082530363523099,-1.0507374899417237,2,Konservatif HNW (Grup 3),135000,45.0,5.625,98.85
-0.8261207347864328,-0.03555609227531525,2,Konservatif HNW (Grup 3),215000,53.0,3.25,96.5
-0.30560602915415985,2.462579724158816,2,Konservatif HNW (Grup 3),105000,171.0,1.99,44.645
0.24926781799826006,-0.4187416385158616,1,Peminjam Agresif (Grup 2),285000,60.0,4.25,80.28
-0.5633777803716405,0.7969540788491987,2,Konservatif HNW (Grup 3),155000,98.0,3.875,64.935
1.2246822327409983,0.8647600666817401,1,Peminjam Agresif (Grup 2),405000,134.0,3.59,51.762
-1.5731412066279218,-1.0152092523493277,2,Konservatif HNW (Grup 3),195000,38.0,7.125,90.0
-1.2724757956968167,-1.102215118186903,1,Peminjam Agresif (Grup 2),35000,58.0,7.5,84.98
-0.11999422968659552,-0.29078115824716666,1,Peminjam Agresif (Grup 2),295000,75.0,4.625,88.0
-0.7325948331568961,1.220128037182109,2,Konservatif HNW (Grup 3),125000,119.0,5.0,41.646
0.16896716961502284,0.5359364926387024,2,Konservatif HNW (Grup 3),345000,120.0,4.25,80.0
-0.11705166858687471,-1.8264565404865039,1,Peminjam Agresif (Grup 2),355000,105.0,5.75,100.0
-0.011739074609153844,0.7900473628882887,1,Peminjam Agresif (Grup 2),205000,41.0,4.875,41.08
-0.9936371369664156,1.4278798405465296,2,Konservatif HNW (Grup 3),65000,44.0,6.125,25.191
0.35007965330428137,0.7970284498291386,2,Konservatif HNW (Grup 3),505000,95.0,3.99,73.0
-1.6874298801818841,0.757487008755654,2,Konservatif HNW (Grup 3),125000,35.0,6.25,53.4
0.8070236239121493,-1.2045276871129282,1,Peminjam Agresif (Grup 2),645000,199.0,6.75,85.0
-0.56389735968445,1.5620621355731328,2,Konservatif HNW (Grup 3),155000,79.0,4.75,28.14
-0.6392707596072218,-0.906263066472225,2,Konservatif HNW (Grup 3),365000,100.0,6.625,80.0
-0.6602243773801775,1.3565914716099483,2,Konservatif HNW (Grup 3),105000,56.0,5.03,30.864
-0.8040836169639283,-0.2036460484066638,2,Konservatif HNW (Grup 3),175000,60.0,5.99,75.0
0.6990606676437138,1.0990227031161905,2,Konservatif HNW (Grup 3),325000,197.0,3.0,76.355
-0.5223053157066209,-1.6987504058187362,1,Peminjam Agresif (Grup 2),245000,46.0,8.0,88.686
0.5222710702976745,0.2612382805177236,1,Peminjam Agresif (Grup 2),295000,87.0,4.5,70.0
-1.5171870248984392,1.501444136098278,2,Konservatif HNW (Grup 3),35000,36.0,6.5,33.33
-0.26705354276756654,0.5221055963193694,2,Konservatif HNW (Grup 3),295000,94.0,3.375,66.97
-1.3230518196287444,-2.1581953878063365,1,Peminjam Agresif (Grup 2),145000,43.0,6.25,96.5
-0.5138373047161284,0.05956109513568986,2,Konservatif HNW (Grup 3),185000,61.0,3.49,100.0
0.4678507902083713,-0.8382528664712595,1,Peminjam Agresif (Grup 2),415000,149.0,6.625,65.627
2.769802511969903,-0.7457324328165962,0,Kelas Menengah (Grup 1),425000,1090.0,4.25,80.0
-1.6657926336044881,-0.7760451652212446,2,Konservatif HNW (Grup 3),35000,60.0,7.35,84.16
-1.133170048943374,-0.2792511121202022,2,Konservatif HNW (Grup 3),195000,87.0,5.625,80.0
-1.1151477684389766,-1.0979437970062864,1,Peminjam Agresif (Grup 2),75000,88.0,6.44,80.74
0.25053232818004784,-0.8330043638967702,1,Peminjam Agresif (Grup 2),395000,103.0,4.875,88.806
-0.6979925487220339,0.43512530621277423,2,Konservatif HNW (Grup 3),275000,99.0,4.5,69.767
0.3155163194028253,1.1522868008575922,2,Konservatif HNW (Grup 3),435000,73.0,4.125,59.99
0.21280506711888936,0.2148255938903187,1,Peminjam Agresif (Grup 2),215000,135.0,3.625,59.28
-0.1812549304567368,-1.1088033712670882,1,Peminjam Agresif (Grup 2),235000,126.0,6.625,80.0
-1.3907208893569043,0.9128520986081594,2,Konservatif HNW (Grup 3),15000,58.0,9.25,3.5
-0.08799897718798358,0.7093303828422842,1,Peminjam Agresif (Grup 2),65000,36.0,3.75,54.627
0.319722326648046,-1.3316000188953336,1,Peminjam Agresif (Grup 2),455000,90.0,6.0,92.96
0.2666110559396186,2.6012215421891476,2,Konservatif HNW (Grup 3),105000,123.0,2.1,30.728
-0.7825779484180798,0.29322145083968126,2,Konservatif HNW (Grup 3),55000,141.0,4.96,57.917
-0.07882921519666138,-0.9912553913893614,1,Peminjam Agresif (Grup 2),225000,63.0,5.375,96.5
3.4365855687265237,0.05193790816692968,0,Kelas Menengah (Grup 1),1405000,418.0,4.125,80.0
0.6157221923073547,0.6833299489214231,1,Peminjam Agresif (Grup 2),55000,90.0,4.0,65.619
-0.6764453002970667,0.32059555131750467,2,Konservatif HNW (Grup 3),205000,61.0,4.7,65.898
-1.04559757884294,0.3511498836856449,2,Konservatif HNW (Grup 3),305000,114.0,3.875,80.0
-0.9997449432455939,2.3229487749569255,2,Konservatif HNW (Grup 3),95000,42.0,2.625,49.0
-0.5821091050315678,0.5446482526876762,2,Konservatif HNW (Grup 3),315000,72.0,3.375,70.64
0.2690972804468141,1.2363173881786635,1,Peminjam Agresif (Grup 2),255000,48.0,3.375,50.784
-0.7009834044472787,-0.16936061452727766,2,Konservatif HNW (Grup 3),375000,126.0,4.625,96.5
-0.5533985418164357,-2.1065481954955425,1,Peminjam Agresif (Grup 2),125000,130.0,8.88,84.41
-0.09145286605322787,-1.23366448873743,1,Peminjam Agresif (Grup 2),425000,162.0,5.625,95.0
-0.30028420087555946,0.4666608984315622,1,Peminjam Agresif (Grup 2),135000,68.0,3.875,60.0
0.31918120514484644,-0.4324158462984458,1,Peminjam Agresif (Grup 2),565000,135.0,4.875,80.0
-1.2520708276409984,0.015108452051643068,2,Konservatif HNW (Grup 3),105000,40.0,5.625,85.0
1.4186880840008296,0.45605025164804475,1,Peminjam Agresif (Grup 2),505000,199.0,3.375,67.503
-0.5225622037406751,1.8115957355708772,2,Konservatif HNW (Grup 3),85000,63.0,3.25,45.0
0.2600306464335343,-0.7679903056428566,1,Peminjam Agresif (Grup 2),545000,155.0,4.25,95.0
-0.4870311086953168,-1.2160039115972607,1,Peminjam Agresif (Grup 2),265000,73.0,5.5,97.0
0.3539260282018612,-0.4886110693717325,1,Peminjam Agresif (Grup 2),355000,83.0,3.125,96.5
-1.8841833545846018,-0.6843627549766685,2,Konservatif HNW (Grup 3),35000,41.0,7.25,85.406
-1.51380344020755,-1.99352680739245,1,Peminjam Agresif (Grup 2),35000,109.0,9.25,84.99
-0.01216450139556189,0.22180550071065777,1,Peminjam Agresif (Grup 2),195000,73.0,4.999,55.88
-1.1606424314440633,-1.112580810283586,2,Konservatif HNW (Grup 3),235000,62.0,5.625,100.0
1.0281757112989238,-1.4349600286437583,1,Peminjam Agresif (Grup 2),155000,473.0,6.8,88.165
-0.8378101022846517,0.921947270408184,2,Konservatif HNW (Grup 3),285000,97.0,3.999,75.0
-1.0635587625761296,0.08568056925554911,2,Konservatif HNW (Grup 3),45000,136.0,5.75,68.379
-0.019214360954464868,-1.3472990210799531,1,Peminjam Agresif (Grup 2),415000,121.0,4.75,95.0
0.059413285701512594,0.26613209332298715,1,Peminjam Agresif (Grup 2),65000,127.0,3.49,79.251
-0.5511598361283362,0.5061604543947884,2,Konservatif HNW (Grup 3),55000,70.0,3.49,69.984
-0.012376593064173356,1.2400882094465602,2,Konservatif HNW (Grup 3),255000,96.0,3.375,47.761
-0.7486826088869369,0.25894524858953943,2,Konservatif HNW (Grup 3),85000,193.0,4.25,75.0
1.703854401009443,-1.029326371967935,1,Peminjam Agresif (Grup 2),615000,140.0,4.75,85.0
0.5167226291382495,1.221577738453721,1,Peminjam Agresif (Grup 2),245000,125.0,2.875,49.8
-0.6274741919844504,-1.0051541699391175,1,Peminjam Agresif (Grup 2),245000,49.0,5.875,81.0
-0.14425357109268308,-1.6980340809207746,1,Peminjam Agresif (Grup 2),295000,119.0,5.885,97.0
-0.04621886820654809,0.001236132266927958,1,Peminjam Agresif (Grup 2),255000,64.0,4.375,76.22
-0.5364905501751351,-0.325735413103663,1,Peminjam Agresif (Grup 2),265000,118.0,5.99,56.0
-1.7216985804939564,0.2783868244080782,2,Konservatif HNW (Grup 3),135000,70.0,6.375,32.927
0.37996507326070944,-0.45821615962585477,1,Peminjam Agresif (Grup 2),215000,60.0,4.375,80.0
-0.6717981747368748,-0.7851465927841511,1,Peminjam Agresif (Grup 2),215000,48.0,4.75,100.0
-0.09964852218398722,-0.07669809803234168,2,Konservatif HNW (Grup 3),25000,264.0,6.3,80.668
2.480584002933518,-0.5366718311929415,0,Kelas Menengah (Grup 1),1305000,365.0,3.875,89.9
0.7875108843623086,0.8573507826447367,2,Konservatif HNW (Grup 3),315000,171.0,3.25,69.401
2.7034172876752844,-0.8142683310070354,0,Kelas Menengah (Grup 1),1175000,250.0,2.875,90.0
1.7289606311781935,-0.6415705958380626,1,Peminjam Agresif (Grup 2),855000,245.0,3.0,100.0
-0.6300792110503081,0.9169321922721474,2,Konservatif HNW (Grup 3),85000,71.0,1.99,84.995
1.8485921888018186,-1.8725953085603304,1,Peminjam Agresif (Grup 2),1155000,206.0,4.625,94.98
-0.1185873690869345,-0.9934985922524602,1,Peminjam Agresif (Grup 2),345000,94.0,4.5,100.427
-0.5528663631035031,-0.3600646381953074,2,Konservatif HNW (Grup 3),225000,127.0,5.0,80.0
-0.8379517295844647,0.8162671842171284,2,Konservatif HNW (Grup 3),125000,64.0,3.875,67.568
-0.7703350976530661,0.5960062257535432,2,Konservatif HNW (Grup 3),105000,106.0,6.39,46.71
-0.8999306102752699,0.16061899568426594,1,Peminjam Agresif (Grup 2),35000,109.0,6.85,46.356
6.136393092018332,0.3021714878045567,0,Kelas Menengah (Grup 1),1345000,750.0,3.5,89.99
-1.254179345358486,0.702885705687249,2,Konservatif HNW (Grup 3),65000,61.0,4.0,75.374
2.222406821246975,-0.7793754936182964,1,Peminjam Agresif (Grup 2),855000,300.0,4.375,94.98
0.31714110270130763,-0.24600004872168046,1,Peminjam Agresif (Grup 2),275000,133.0,4.75,73.338
-1.4237464766084764,0.2294075188308103,2,Konservatif HNW (Grup 3),115000,36.0,3.25,95.0
-0.568942489669611,-0.20140209171085552,1,Peminjam Agresif (Grup 2),105000,90.0,5.125,80.0
-0.8288092971442014,-0.4662775179320736,2,Konservatif HNW (Grup 3),235000,112.0,5.875,92.16
-0.24337373994653133,-1.7177930211090744,1,Peminjam Agresif (Grup 2),355000,97.0,6.75,100.0
-0.9533111328030405,-0.5585500524231444,1,Peminjam Agresif (Grup 2),245000,80.0,3.375,76.898
-1.2739760054679123,0.010056772908272501,2,Konservatif HNW (Grup 3),195000,94.0,7.0,70.0
0.027647440827062237,0.668872465342983,2,Konservatif HNW (Grup 3),295000,48.0,3.99,70.0
-0.32280911690706515,0.58416674166125,2,Konservatif HNW (Grup 3),205000,172.0,4.99,64.89
-0.24483219552244273,0.8004905122008754,1,Peminjam Agresif (Grup 2),25000,141.0,3.99,41.642
-0.019484933479784687,0.015223489637782597,1,Peminjam Agresif (Grup 2),75000,132.0,4.0,75.367
3.092479105229438,0.04359211028112843,0,Kelas Menengah (Grup 1),1105000,348.0,3.55,68.15
2.034228787415082,-0.5340663901971112,1,Peminjam Agresif (Grup 2),715000,380.0,4.375,89.9
-0.5673407262743897,-0.8280703203123324,1,Peminjam Agresif (Grup 2),315000,62.0,4.75,96.5
0.8447017102077619,0.8939623185299861,2,Konservatif HNW (Grup 3),485000,153.0,3.75,68.571
1.7784281629720822,-0.5725706059480651,1,Peminjam Agresif (Grup 2),605000,197.0,4.25,95.0
3.210978760318949,0.8621324798160414,0,Kelas Menengah (Grup 1),1005000,516.0,2.29,66.667
0.04176903608557703,0.7537228587933857,1,Peminjam Agresif (Grup 2),175000,153.0,3.875,50.7
1.5165839398935974,0.07806419156048174,1,Peminjam Agresif (Grup 2),535000,125.0,4.0,63.294
-1.6118858269939633,1.3244690017262373,2,Konservatif HNW (Grup 3),75000,19.0,5.5,48.75
-0.750958857180673,0.8717873451792095,2,Konservatif HNW (Grup 3),65000,109.0,4.5,72.906
0.7953833353646859,-0.4549136617397811,1,Peminjam Agresif (Grup 2),305000,208.0,3.187,90.0
-1.0455239269815035,-0.38848358305344227,2,Konservatif HNW (Grup 3),145000,51.0,5.25,95.0
-0.2277187200576914,1.3129319553422232,2,Konservatif HNW (Grup 3),245000,110.0,3.0,62.211
-0.6348494151501589,0.22373887731375436,2,Konservatif HNW (Grup 3),145000,100.0,4.375,79.0
2.978704267816275,-0.11986191745802774,0,Kelas Menengah (Grup 1),1085000,455.0,3.875,60.0
0.8032449393410558,-0.5529623583610381,1,Peminjam Agresif (Grup 2),85000,402.0,5.25,90.0
0.6999838000399151,-1.4239300511955417,1,Peminjam Agresif (Grup 2),485000,212.0,6.0,95.0
-0.9835800947067681,0.12689378132317827,2,Konservatif HNW (Grup 3),35000,110.0,5.59,65.0
1.2153403927397295,-0.12695875193932346,1,Peminjam Agresif (Grup 2),585000,213.0,3.99,80.0
0.6449198449053155,-0.5472409265113557,1,Peminjam Agresif (Grup 2),545000,105.0,3.25,93.003
-0.35103146837094545,-0.25281922537303125,1,Peminjam Agresif (Grup 2),145000,143.0,4.49,75.0
-1.3591618605613949,-0.4583921020958048,2,Konservatif HNW (Grup 3),65000,34.0,5.875,95.0
-0.5965320574893057,-1.250950781226761,2,Konservatif HNW (Grup 3),535000,131.0,6.625,96.5
-0.8157070491278875,0.15775930697783397,2,Konservatif HNW (Grup 3),75000,83.0,4.55,80.614
-0.28562167011121525,0.8021021078499179,2,Konservatif HNW (Grup 3),5000,64.0,0.0,101.13
4.380375814985548,0.37966394772423934,0,Kelas Menengah (Grup 1),1455000,387.0,3.25,68.793
-0.2518189679313176,-0.7894520683850632,1,Peminjam Agresif (Grup 2),285000,44.0,3.75,95.0
1.035950454766677,-0.47537260061003817,1,Peminjam Agresif (Grup 2),355000,217.0,5.125,70.0
0.5305842921564403,-1.2047624041516494,1,Peminjam Agresif (Grup 2),505000,225.0,5.875,95.0
-0.22650094593901476,0.43481922654801614,2,Konservatif HNW (Grup 3),205000,158.0,2.99,79.456
-2.034488498318115,-0.2737969927700518,2,Konservatif HNW (Grup 3),75000,114.0,5.49,85.0
0.9073338127361894,0.31537520574347233,1,Peminjam Agresif (Grup 2),605000,89.0,2.25,80.0
3.556938758533089,-0.6087481900620096,0,Kelas Menengah (Grup 1),1125000,392.0,3.875,80.0
-0.2760664610755502,-1.0385042623877945,1,Peminjam Agresif (Grup 2),155000,118.0,5.99,79.174
1.8888451146171639,0.8823582713447766,2,Konservatif HNW (Grup 3),975000,166.0,5.625,46.0
-0.4015057157535372,0.3417346834763111,2,Konservatif HNW (Grup 3),175000,67.0,2.5,98.59
-0.5764412422568191,0.4047126193528174,1,Peminjam Agresif (Grup 2),205000,31.0,3.75,61.176
-0.7409063157460599,0.9356309829546227,2,Konservatif HNW (Grup 3),165000,171.0,4.15,57.033
-0.7361396560401903,1.3795741208361496,2,Konservatif HNW (Grup 3),85000,50.0,3.0,68.601
2.1254422507172577,-1.4734790107214255,1,Peminjam Agresif (Grup 2),745000,350.0,4.365,100.0
-1.1461942562548852,-0.15582730147613985,2,Konservatif HNW (Grup 3),35000,126.0,5.5,84.967
-0.26182378756260605,-0.3875160686267835,1,Peminjam Agresif (Grup 2),245000,57.0,4.25,80.0
-0.6794291301580285,0.34402478198434544,2,Konservatif HNW (Grup 3),335000,80.0,5.99,59.0
1.4216533560371767,-0.6044689537300092,1,Peminjam Agresif (Grup 2),705000,581.0,5.625,57.143
0.809377012508723,-0.20704233096176042,1,Peminjam Agresif (Grup 2),345000,180.0,3.625,74.1
0.055715147805003175,0.33299482724388885,1,Peminjam Agresif (Grup 2),245000,46.0,4.25,59.512
3.381759069916066,2.2584938086912287,0,Kelas Menengah (Grup 1),1005000,565.0,3.5,25.37
-0.7231596764574988,-0.2650586004662165,2,Konservatif HNW (Grup 3),215000,143.0,5.724,80.0
-0.9495889597240722,1.0317509466342158,2,Konservatif HNW (Grup 3),125000,90.0,3.44,72.727
-0.45399792890863994,1.908871700580487,2,Konservatif HNW (Grup 3),265000,83.0,2.625,42.0
-1.0375461914100812,1.2430795025015096,2,Konservatif HNW (Grup 3),165000,32.0,2.875,60.0
0.8878229930256604,-1.7960286862125017,1,Peminjam Agresif (Grup 2),365000,291.0,4.999,100.0
-0.15469591607876074,-0.8649121617416358,1,Peminjam Agresif (Grup 2),235000,88.0,5.875,74.88
0.20358462478708567,-1.1644632439070963,1,Peminjam Agresif (Grup 2),335000,75.0,5.375,97.0
-0.035933050615444995,-0.9324470676300038,1,Peminjam Agresif (Grup 2),85000,240.0,7.2,72.3
-1.0911313011916857,-1.5045834237888505,1,Peminjam Agresif (Grup 2),45000,153.0,7.699,81.677
-0.16505996957913568,-1.4472651210773229,1,Peminjam Agresif (Grup 2),325000,72.0,6.875,80.0
0.713858027911921,-0.6151608706005172,1,Peminjam Agresif (Grup 2),375000,108.0,3.5,95.0
-0.10013250805777149,-0.27023613717715583,1,Peminjam Agresif (Grup 2),385000,65.0,5.5,64.0
1.2429541524594252,1.0956135804835778,1,Peminjam Agresif (Grup 2),465000,154.0,3.375,59.88
-0.959413373165286,2.2547766540679737,2,Konservatif HNW (Grup 3),125000,48.0,2.5,47.49
0.24156560097361424,-0.8804465111278416,1,Peminjam Agresif (Grup 2),195000,161.0,5.25,75.2
0.10961519066815294,-0.6792339745730694,1,Peminjam Agresif (Grup 2),385000,167.0,5.875,77.0
-0.7959050876796114,0.7954563360788832,2,Konservatif HNW (Grup 3),155000,82.0,3.24,83.705
6.849798558892178,-0.04837871969623076,0,Kelas Menengah (Grup 1),1265000,850.0,3.6,80.0
-0.1266800825565933,1.2175095082714757,2,Konservatif HNW (Grup 3),85000,173.0,1.99,84.997
-0.48512167494238484,1.633084576698305,2,Konservatif HNW (Grup 3),135000,30.0,3.9,35.41
0.9402038763419727,-0.5496522316104826,1,Peminjam Agresif (Grup 2),415000,155.0,4.875,80.0
0.029229025323155636,1.7424318696000096,2,Konservatif HNW (Grup 3),105000,110.0,1.49,62.932
0.21847584823420974,-0.03446289293343976,1,Peminjam Agresif (Grup 2),295000,114.0,4.75,80.0
-0.28692644207070755,-0.5295995464523408,2,Konservatif HNW (Grup 3),355000,140.0,5.49,80.0
3.2878775983980746,0.49941938096589866,0,Kelas Menengah (Grup 1),1165000,480.0,2.875,80.0
0.20217869529526994,1.6676198617568736,2,Konservatif HNW (Grup 3),155000,203.0,3.0,42.469
-0.9109576581861075,-0.3748788077081057,2,Konservatif HNW (Grup 3),65000,53.0,3.75,96.5
1.3170314561064689,-0.09431468775234429,1,Peminjam Agresif (Grup 2),355000,105.0,3.875,75.0
-0.4491875196917985,-0.8051273490216246,1,Peminjam Agresif (Grup 2),105000,139.0,7.5,66.621
-0.36204908341950437,-0.5999773859770556,1,Peminjam Agresif (Grup 2),185000,74.0,4.5,84.542
0.4241307256565779,-1.0708769268102913,1,Peminjam Agresif (Grup 2),575000,123.0,3.75,97.209
-1.0664054001781733,0.3067120485765566,2,Konservatif HNW (Grup 3),245000,52.0,4.25,71.045
-0.09823952127257297,2.403595820798465,2,Konservatif HNW (Grup 3),55000,157.0,2.99,31.319
-0.9152076745441566,-0.12351845049480599,1,Peminjam Agresif (Grup 2),35000,90.0,6.5,60.3
0.677678323684819,3.3607239509476874,2,Konservatif HNW (Grup 3),355000,127.0,2.25,18.172
-0.22386187846779998,0.9042924467648736,2,Konservatif HNW (Grup 3),105000,109.0,0.99,76.873
-0.5225204786714617,0.0944168894318761,2,Konservatif HNW (Grup 3),35000,129.0,4.75,79.987
0.13272825233302254,-0.6723978910801293,2,Konservatif HNW (Grup 3),645000,176.0,4.75,89.994
0.2975629336021741,0.06509318604511621,1,Peminjam Agresif (Grup 2),355000,212.0,6.875,50.0
0.1220569009841064,-0.05610466958444669,2,Konservatif HNW (Grup 3),375000,120.0,4.25,80.32
-0.6287235986733455,1.0644387458917717,2,Konservatif HNW (Grup 3),175000,45.0,3.625,62.409
-0.4234622907107107,1.1272362322004623,2,Konservatif HNW (Grup 3),35000,59.0,4.0,61.671
0.519731993469952,-1.0543072043776343,1,Peminjam Agresif (Grup 2),385000,106.0,5.625,95.0
-1.206679142339239,-0.2109786998198117,2,Konservatif HNW (Grup 3),115000,71.0,4.625,100.0
-0.8196617477081353,-0.21374432623769077,2,Konservatif HNW (Grup 3),245000,118.0,3.597,96.5
-0.6875447929460646,0.9748474770700879,2,Konservatif HNW (Grup 3),225000,69.0,3.25,61.0
1.001818689643882,0.07334832409494427,1,Peminjam Agresif (Grup 2),335000,189.0,3.75,70.0
0.203474297214227,-1.6775282489993233,1,Peminjam Agresif (Grup 2),395000,105.0,5.75,96.5
-0.9819297201702906,-0.13840394829421268,2,Konservatif HNW (Grup 3),155000,53.0,4.99,80.0
0.4187896656215527,-0.1432201161856574,1,Peminjam Agresif (Grup 2),315000,90.0,3.875,80.0
0.10543088207796425,-0.9035217218248731,1,Peminjam Agresif (Grup 2),355000,121.0,4.99,100.0
-0.5218177945381612,2.751553934315838,2,Konservatif HNW (Grup 3),55000,145.0,2.49,27.602
0.8287734976607801,-1.4137593716757708,1,Peminjam Agresif (Grup 2),465000,149.0,5.625,100.0
-0.5445574938165039,-1.2808073090111165,1,Peminjam Agresif (Grup 2),155000,133.0,6.125,75.0
0.6964333044434697,0.4484159671599695,2,Konservatif HNW (Grup 3),105000,428.0,4.25,68.955
0.024624412269803927,0.8562649862303622,2,Konservatif HNW (Grup 3),255000,121.0,4.25,59.0
-0.3497617961316728,-0.17030848240786176,1,Peminjam Agresif (Grup 2),275000,80.0,4.75,70.0
-0.9623362195863426,0.9804459470965282,2,Konservatif HNW (Grup 3),35000,120.0,4.25,72.2
0.4356898930574715,-0.5838108212759285,1,Peminjam Agresif (Grup 2),375000,196.0,4.875,80.0
0.771501954161973,1.4757436439189198,2,Konservatif HNW (Grup 3),515000,163.0,3.5,57.74
-0.8836408633623082,-0.7263827524511112,1,Peminjam Agresif (Grup 2),255000,0.0,6.125,80.0
-0.4530829198544162,-0.31409509089306736,1,Peminjam Agresif (Grup 2),145000,45.0,4.125,80.0
0.01696407908696711,0.5933420045533443,2,Konservatif HNW (Grup 3),225000,115.0,3.75,75.8
-0.9116231339570233,1.4831986802622932,2,Konservatif HNW (Grup 3),55000,49.0,5.425,15.0
-0.27718122773630355,0.5701620324298443,2,Konservatif HNW (Grup 3),225000,88.0,3.25,79.46
0.18218380982053256,2.1860054202207184,2,Konservatif HNW (Grup 3),105000,168.0,6.24,17.94
1.4317483140791716,-0.9280632045237849,1,Peminjam Agresif (Grup 2),605000,460.0,7.125,68.75
-0.3471849887973671,-0.1463675560292522,2,Konservatif HNW (Grup 3),225000,256.0,6.5,67.164
-0.9865932688727447,-1.5475814079587342,1,Peminjam Agresif (Grup 2),55000,19.0,5.375,93.0
6.142220073219722,2.058994204736473,0,Kelas Menengah (Grup 1),255000,1917.0,5.5,27.2
-0.7407692125088293,-1.43356335522846,1,Peminjam Agresif (Grup 2),295000,182.0,5.375,80.0
-0.4934412655717239,-0.013722789505162796,2,Konservatif HNW (Grup 3),245000,115.0,5.5,80.0
4.15129028722729,-0.05466469970254837,0,Kelas Menengah (Grup 1),1465000,613.0,4.375,75.0
-0.2885087706208621,-1.8222186246908951,1,Peminjam Agresif (Grup 2),315000,101.0,6.25,96.5
-0.521481161612448,-0.3336639858017131,2,Konservatif HNW (Grup 3),215000,40.0,3.5,96.5
-0.3142191742830057,0.32619695562250606,2,Konservatif HNW (Grup 3),465000,102.0,2.596,96.5
0.35027957394411885,1.3706848113363967,2,Konservatif HNW (Grup 3),105000,414.0,4.25,36.47
-0.7804992585524492,-0.8117450158851642,1,Peminjam Agresif (Grup 2),195000,37.0,4.163,97.0
-0.19485118025717096,-1.7500927912895679,1,Peminjam Agresif (Grup 2),395000,151.0,7.125,91.822
2.70260205166752,0.6539975573817668,0,Kelas Menengah (Grup 1),855000,572.0,4.75,52.541
-0.10831071816362389,-1.3028440111776791,1,Peminjam Agresif (Grup 2),445000,95.0,5.25,95.0
-0.8009483007545153,0.3675803248529781,2,Konservatif HNW (Grup 3),345000,95.0,3.625,97.0
0.7268885117155124,0.6567047797797296,1,Peminjam Agresif (Grup 2),445000,125.0,4.625,55.0
-0.39984465443595557,1.3818249809927239,2,Konservatif HNW (Grup 3),175000,108.0,3.5,53.846
0.600892009159283,-0.621766194129817,1,Peminjam Agresif (Grup 2),375000,78.0,2.875,100.0
-0.5275087500566729,0.9688021696476246,2,Konservatif HNW (Grup 3),205000,131.0,4.29,69.99
1.0914885427399936,0.2564415378276086,1,Peminjam Agresif (Grup 2),275000,365.0,2.875,75.0
-1.4779547386202614,1.3964106120929118,2,Konservatif HNW (Grup 3),35000,50.0,7.0,13.23
-0.18125699332668263,-0.5741502016091773,1,Peminjam Agresif (Grup 2),445000,92.0,5.25,80.0
0.5148075600332284,-1.1796143889295745,1,Peminjam Agresif (Grup 2),575000,128.0,6.375,75.0
-1.1250674161948873,-0.49549161024716276,2,Konservatif HNW (Grup 3),115000,40.0,4.625,96.5
-0.5458211510522651,0.08336238951372206,2,Konservatif HNW (Grup 3),285000,80.0,4.25,66.0
-0.8113849881765671,-0.5031152814574815,1,Peminjam Agresif (Grup 2),55000,81.0,8.125,51.65
-0.12583070583363318,0.8489859415960076,2,Konservatif HNW (Grup 3),95000,411.0,3.75,70.0
-1.5133302329724942,1.0186198329581173,2,Konservatif HNW (Grup 3),105000,30.0,4.875,58.0
-0.7477162871134649,1.6647565691816832,2,Konservatif HNW (Grup 3),105000,50.0,3.99,29.16
0.319458376884224,1.9307427274178477,1,Peminjam Agresif (Grup 2),65000,106.0,4.75,11.132
-0.20620797650295777,-0.5717409454250896,1,Peminjam Agresif (Grup 2),285000,110.0,3.25,95.0
2.1971866961937727,2.778159118573655,0,Kelas Menengah (Grup 1),125000,741.0,1.99,34.77
1.4044695545714196,0.13131341121852633,1,Peminjam Agresif (Grup 2),415000,115.0,3.125,73.0
-0.7587803095903335,-0.7780856523024235,1,Peminjam Agresif (Grup 2),145000,63.0,6.0,77.778
-0.5456479335383202,2.230121320951757,2,Konservatif HNW (Grup 3),205000,69.0,4.75,28.33
-1.2149048725137332,-0.6465514378747691,2,Konservatif HNW (Grup 3),295000,72.0,5.875,96.5
1.0668218604419497,-0.12259825002413328,1,Peminjam Agresif (Grup 2),405000,112.0,4.625,80.0
-0.2851875639054012,-1.5222326316088204,1,Peminjam Agresif (Grup 2),265000,77.0,4.75,95.0
-1.4972244624855382,-0.3617971545297484,2,Konservatif HNW (Grup 3),95000,46.0,5.0,100.0
-0.15876989685963416,-1.7760276130577568,1,Peminjam Agresif (Grup 2),335000,125.0,5.75,96.5
0.6208607288678748,-1.191389340704888,1,Peminjam Agresif (Grup 2),555000,169.0,4.5,100.0
-0.5908622690619278,0.5621231670131527,2,Konservatif HNW (Grup 3),65000,133.0,4.24,73.886
-0.14241862058293175,-0.6060720939599951,1,Peminjam Agresif (Grup 2),295000,137.0,4.625,80.0
-1.5547250967002542,0.011780265208413292,2,Konservatif HNW (Grup 3),115000,50.0,4.99,83.66
-0.23246914300359267,0.8361340802870452,2,Konservatif HNW (Grup 3),55000,141.0,4.49,64.0
-0.582140699650371,-0.8493841305305607,1,Peminjam Agresif (Grup 2),65000,108.0,5.375,82.139
-0.7285013970489141,0.22984830008281856,1,Peminjam Agresif (Grup 2),115000,62.0,5.5,55.35
-0.8815625306357235,-0.7521751625893879,2,Konservatif HNW (Grup 3),175000,37.0,5.375,95.0
0.13266301819259887,-0.7153998229145065,1,Peminjam Agresif (Grup 2),355000,116.0,4.664,100.0
0.47895999879626033,0.4482005722843708,1,Peminjam Agresif (Grup 2),205000,219.0,4.49,55.801
-1.1983408762953442,-0.31454457300406496,2,Konservatif HNW (Grup 3),195000,78.0,5.99,79.16
-1.1966949662316126,-1.9401876829078946,1,Peminjam Agresif (Grup 2),135000,36.0,5.75,96.403
-0.09084376760065785,0.8935102238098788,2,Konservatif HNW (Grup 3),85000,282.0,4.625,57.758
-0.24790640167683053,1.9564584097738447,2,Konservatif HNW (Grup 3),75000,0.0,3.75,27.1
0.22246479557405363,1.262292854796124,2,Konservatif HNW (Grup 3),85000,215.0,3.99,64.67
-0.1407204985281346,1.4728949474100028,2,Konservatif HNW (Grup 3),155000,110.0,3.0,57.091
0.15412834806223813,-0.14145441022890845,1,Peminjam Agresif (Grup 2),125000,77.0,3.75,76.03
0.7386836430818247,-0.10602271669541541,1,Peminjam Agresif (Grup 2),405000,175.0,5.25,75.0
-0.0223071175733023,-0.016411154591474027,1,Peminjam Agresif (Grup 2),215000,80.0,4.25,63.45
10.422582003898563,0.18699750890704103,0,Kelas Menengah (Grup 1),845000,2481.0,1.49,80.0
1.3510166654771791,0.5113614459358229,1,Peminjam Agresif (Grup 2),275000,110.0,4.115,51.908
1.7099589998775269,0.7674896640439973,1,Peminjam Agresif (Grup 2),275000,487.0,4.99,47.094
-0.5267010451219127,0.35682708579528166,2,Konservatif HNW (Grup 3),205000,72.0,5.625,59.706
1.4123482939725553,-0.033830942728345324,1,Peminjam Agresif (Grup 2),755000,238.0,2.49,90.0
2.4703517250651523,-0.3725690385239551,1,Peminjam Agresif (Grup 2),595000,247.0,3.25,80.0
0.823789443736946,-0.48441034817924394,1,Peminjam Agresif (Grup 2),25000,275.0,7.1,62.424
-0.37878009914190647,-0.6246911750837505,1,Peminjam Agresif (Grup 2),325000,70.0,5.375,80.0
0.07264715531947784,0.611398849627797,1,Peminjam Agresif (Grup 2),295000,57.0,3.125,62.105
0.40365998882133597,0.1916972122611423,1,Peminjam Agresif (Grup 2),425000,142.0,2.75,79.22
-0.8580580453462037,-0.8786204798574974,2,Konservatif HNW (Grup 3),75000,152.0,7.49,82.414
2.079592068516999,1.1527279274330346,0,Kelas Menengah (Grup 1),185000,703.0,2.75,83.556
-0.5447965125079755,0.393358159518377,2,Konservatif HNW (Grup 3),135000,61.0,4.25,65.441
-0.9604756835651288,-1.0799126988036982,2,Konservatif HNW (Grup 3),375000,116.0,5.99,95.0
-0.07580566850398765,-1.0929751360424227,1,Peminjam Agresif (Grup 2),215000,77.0,5.875,90.0
-1.6655364248451068,2.161645158586813,2,Konservatif HNW (Grup 3),75000,36.0,3.25,20.0
1.127466322745795,1.0165968769914506,2,Konservatif HNW (Grup 3),345000,290.0,5.875,47.222
-0.04067441927294579,-0.6374924831625493,1,Peminjam Agresif (Grup 2),275000,58.0,3.75,96.5
-0.25797300111004956,0.5296815369441418,2,Konservatif HNW (Grup 3),45000,111.0,3.24,78.22
-0.19763606462859393,0.07927016368191893,1,Peminjam Agresif (Grup 2),295000,55.0,2.875,78.26
1.0876357842717863,0.24126214295685075,2,Konservatif HNW (Grup 3),425000,493.0,5.5,75.0
-0.8118434451478789,-0.152824262201834,2,Konservatif HNW (Grup 3),165000,48.0,5.5,75.0
0.7062483310226914,-0.5845424554423374,1,Peminjam Agresif (Grup 2),505000,125.0,2.375,100.0
0.0009237178523282739,0.2721632531116447,2,Konservatif HNW (Grup 3),305000,150.0,4.625,71.762
0.30039763855236956,-0.7713553798044894,1,Peminjam Agresif (Grup 2),205000,59.0,4.0,95.166
-1.0468585706990061,-0.5828858566681204,2,Konservatif HNW (Grup 3),185000,131.0,5.375,95.0
-0.4470525073126285,0.19977632885839094,2,Konservatif HNW (Grup 3),205000,100.0,3.55,80.0
0.23880569219163025,0.30434436175796886,1,Peminjam Agresif (Grup 2),235000,58.0,3.875,69.791
-0.015491590984799762,1.1248437215630787,2,Konservatif HNW (Grup 3),275000,123.0,3.0,60.0
1.775363473035771,1.969509338110666,1,Peminjam Agresif (Grup 2),375000,225.0,3.25,32.05
-1.3238355863490046,-1.583717931482698,1,Peminjam Agresif (Grup 2),215000,60.0,7.0,90.0
2.022066459704463,-1.6550319005910472,1,Peminjam Agresif (Grup 2),345000,737.0,6.625,89.999
-0.47575803708269115,-0.25947725037129526,2,Konservatif HNW (Grup 3),255000,119.0,4.875,80.0
-0.5171994700737746,0.4082962973161646,2,Konservatif HNW (Grup 3),255000,57.0,6.125,46.94
0.11750125034084984,-0.9481858022897341,1,Peminjam Agresif (Grup 2),375000,95.0,4.25,95.0
-0.7612002978005409,-1.0312552534886186,1,Peminjam Agresif (Grup 2),125000,122.0,6.0,79.83
5.760314510321332,-0.8989776352431283,0,Kelas Menengah (Grup 1),1805000,800.0,4.375,79.264
0.9957772474417039,-1.5259108836167627,1,Peminjam Agresif (Grup 2),445000,154.0,6.625,95.0
-0.1182045846196378,-1.6625480670653257,1,Peminjam Agresif (Grup 2),465000,234.0,8.625,80.0
-0.4194693467831167,-0.6097523996355743,1,Peminjam Agresif (Grup 2),175000,98.0,4.625,89.474
-0.8318614229312833,1.7579321421322442,2,Konservatif HNW (Grup 3),195000,54.0,3.125,52.25
0.8323719950320981,-0.7375135259994761,1,Peminjam Agresif (Grup 2),385000,192.0,5.875,75.0
1.3770022878706605,-0.7949154679677018,1,Peminjam Agresif (Grup 2),885000,180.0,5.25,83.81
-0.41974240577447125,2.6405266241697203,2,Konservatif HNW (Grup 3),85000,68.0,2.59,30.007
0.10166632532669012,0.029085413536813796,2,Konservatif HNW (Grup 3),485000,227.0,4.5,89.45
0.28498591044385635,0.09031411902187492,1,Peminjam Agresif (Grup 2),205000,113.0,4.99,55.923
5.437670853452017,0.8256995826656964,0,Kelas Menengah (Grup 1),1485000,483.0,3.0,75.0
0.2371889734747127,-1.9949546439210255,1,Peminjam Agresif (Grup 2),545000,128.0,5.75,100.0
0.9647573006857877,1.2412878490499355,2,Konservatif HNW (Grup 3),305000,356.0,2.88,53.33
-0.6812126689441972,0.002120801618736119,2,Konservatif HNW (Grup 3),95000,65.0,3.875,95.0
-0.5523168242684935,0.422042183888926,2,Konservatif HNW (Grup 3),175000,105.0,5.625,59.79
-0.14500842814397052,-2.103888990178568,1,Peminjam Agresif (Grup 2),185000,240.0,9.625,73.938
0.08962454602104401,-0.7015431911764823,1,Peminjam Agresif (Grup 2),385000,122.0,5.125,95.0
-0.14131021261215607,0.11943414322164746,1,Peminjam Agresif (Grup 2),225000,132.0,3.5,75.0
-0.04158060077196123,1.432969420023669,2,Konservatif HNW (Grup 3),305000,75.0,3.25,44.72
1.683632043784254,0.8368955355567556,1,Peminjam Agresif (Grup 2),565000,267.0,1.825,70.0
-0.35598603362198417,-0.12501190356030845,1,Peminjam Agresif (Grup 2),185000,40.0,5.25,70.722
-0.8757009717991641,0.7216623969876709,2,Konservatif HNW (Grup 3),55000,85.0,2.75,69.889
-0.4448319455334406,1.7861129354230718,2,Konservatif HNW (Grup 3),65000,60.0,4.0,29.186
0.36217164578654815,-1.017655199823156,1,Peminjam Agresif (Grup 2),105000,190.0,7.0,77.87
-1.0069005164109601,-0.18930981139201397,2,Konservatif HNW (Grup 3),395000,123.0,5.5,60.0
-0.7929700730140692,0.8294496014819778,2,Konservatif HNW (Grup 3),95000,111.0,4.5,80.0
-0.03996996708498065,-0.23028031268025842,2,Konservatif HNW (Grup 3),425000,135.0,5.0,79.554
0.7256046264241922,-0.4547066683241671,1,Peminjam Agresif (Grup 2),535000,133.0,3.99,80.0
6.441275859812699,-0.3659521284705965,0,Kelas Menengah (Grup 1),1415000,1172.0,3.875,75.0
0.10145434746308851,0.9468951125107188,2,Konservatif HNW (Grup 3),165000,131.0,3.375,68.09
-0.5346585580182153,0.293562792863594,2,Konservatif HNW (Grup 3),215000,64.0,4.125,80.0
-0.37293927652750963,-0.04466443776708225,2,Konservatif HNW (Grup 3),295000,120.0,4.875,79.649
1.2739778339873133,-1.53868145465387,1,Peminjam Agresif (Grup 2),365000,118.0,6.125,97.0
-1.0558112733776504,0.3522546661739355,2,Konservatif HNW (Grup 3),35000,59.0,4.5,78.98
-0.7130568384200944,-0.588476714310219,2,Konservatif HNW (Grup 3),225000,86.0,4.75,96.102
-1.3532289033924148,-0.18854089828468346,2,Konservatif HNW (Grup 3),85000,27.0,5.875,79.63
0.34673900641565153,-1.1075613059582843,1,Peminjam Agresif (Grup 2),425000,65.0,3.875,100.0
0.17192715886951204,0.2506304968716974,2,Konservatif HNW (Grup 3),475000,115.0,3.5,80.0
3.5344276972482587,0.5888770368323977,0,Kelas Menengah (Grup 1),645000,876.0,3.625,55.62
0.3785001514325458,1.2603026667398167,1,Peminjam Agresif (Grup 2),135000,133.0,6.5,18.0
-1.1588307778711806,0.47460764954258294,2,Konservatif HNW (Grup 3),135000,49.0,3.75,79.88
-0.544963634791974,0.897780867909905,2,Konservatif HNW (Grup 3),5000,67.0,0.0,101.806
3.6465717669767703,-0.416378568971039,0,Kelas Menengah (Grup 1),1075000,421.0,3.125,70.987
-0.37496437375909303,-0.2661120535286945,2,Konservatif HNW (Grup 3),535000,88.0,4.75,78.496
0.12161870432588524,2.057510999839901,1,Peminjam Agresif (Grup 2),35000,72.0,3.5,13.725
-0.3227508752072976,1.0168321039675363,2,Konservatif HNW (Grup 3),85000,134.0,4.625,45.055
0.6419021468754124,-0.7182785548197893,1,Peminjam Agresif (Grup 2),485000,158.0,3.875,97.0
0.043926108378653905,0.7836905865871632,2,Konservatif HNW (Grup 3),165000,126.0,2.75,80.0
1.2731821492026258,0.3634996620614293,2,Konservatif HNW (Grup 3),605000,205.0,3.99,80.0
-1.8542678802800225,-0.0619523015263028,2,Konservatif HNW (Grup 3),65000,34.0,6.5,69.0
-0.16275718002322637,-1.7876544019518443,1,Peminjam Agresif (Grup 2),85000,178.0,8.24,80.276
-0.12103859355469078,0.10280953353125513,1,Peminjam Agresif (Grup 2),105000,107.0,5.55,57.2026
-2.6170408995714265,-2.6632847112276976,2,Konservatif HNW (Grup 3),75000,110.0,13.0,85.0
-0.7362883809899402,1.2313108931495476,2,Konservatif HNW (Grup 3),75000,68.0,4.0,42.857
-0.8926387286694979,-0.24448614037127103,1,Peminjam Agresif (Grup 2),175000,36.0,6.625,55.0
-0.7447119937454707,-0.931970373167375,1,Peminjam Agresif (Grup 2),185000,49.0,5.125,101.01
-0.012586973936874484,1.5997902533147164,2,Konservatif HNW (Grup 3),515000,100.0,2.99,45.175
-1.0061644297646193,-0.7335145084327713,2,Konservatif HNW (Grup 3),195000,83.0,5.99,95.0
-0.8325479840521657,-0.29255281373765973,1,Peminjam Agresif (Grup 2),105000,78.0,5.7,67.773
-0.7075835384715727,0.9007640255457674,2,Konservatif HNW (Grup 3),75000,53.0,4.59,57.516
0.593766668054299,-0.5583264782287974,2,Konservatif HNW (Grup 3),595000,269.0,4.99,90.0
-0.17021857150645683,0.9715950336827303,2,Konservatif HNW (Grup 3),185000,24.0,4.5,51.831
-0.0666304554341244,1.8332503895783503,2,Konservatif HNW (Grup 3),235000,64.0,2.49,43.561
-0.11752304090806794,0.7207530139727377,2,Konservatif HNW (Grup 3),205000,172.0,3.375,60.0
-0.2373001679447703,0.5945184503286075,1,Peminjam Agresif (Grup 2),125000,115.0,4.875,50.0
-1.065116106568631,-0.03868356545774743,2,Konservatif HNW (Grup 3),185000,52.0,5.5,66.1
-0.26160462712670335,1.6789105447990962,2,Konservatif HNW (Grup 3),125000,32.0,2.625,47.692
0.14171124925725767,-0.1668233673436588,1,Peminjam Agresif (Grup 2),315000,138.0,4.5,71.0
-0.8179099964272258,-0.05085157836629522,2,Konservatif HNW (Grup 3),175000,51.0,3.99,80.0
0.18175041971581157,0.5575591618119254,2,Konservatif HNW (Grup 3),305000,128.0,3.25,80.0
2.4791060570125363,-1.16876144612444,0,Kelas Menengah (Grup 1),255000,948.0,6.53,77.181
-0.3989126483059727,2.972970667665553,2,Konservatif HNW (Grup 3),25000,33.0,1.99,10.965
-1.1840793340433124,-0.6165589659346398,2,Konservatif HNW (Grup 3),245000,57.0,4.75,96.5
-0.667870911268819,-0.09133648490680303,1,Peminjam Agresif (Grup 2),155000,85.0,4.25,73.6
0.7029977199138332,1.9893078197043013,2,Konservatif HNW (Grup 3),265000,329.0,3.875,37.0
0.6477510193195559,-1.2344164886969646,1,Peminjam Agresif (Grup 2),575000,119.0,4.875,95.0
0.28213948106759434,-0.9747907165163933,1,Peminjam Agresif (Grup 2),495000,84.0,5.0,95.0
-0.5632425343257068,-1.460040303091254,1,Peminjam Agresif (Grup 2),405000,105.0,6.75,96.5
-0.37590471998758146,-1.6262122205175067,1,Peminjam Agresif (Grup 2),275000,89.0,5.5,99.179
-0.821484726963962,0.7680908746718554,2,Konservatif HNW (Grup 3),125000,147.0,6.19,29.484
-0.32498954487419296,0.04759674574757095,2,Konservatif HNW (Grup 3),225000,99.0,3.875,95.0
-0.4880632200550666,2.4760198668440823,2,Konservatif HNW (Grup 3),135000,37.0,2.0,25.0
-0.6825420014578876,1.6403055728529186,2,Konservatif HNW (Grup 3),75000,61.0,2.95,45.752
-0.8575773147738285,-1.7790676763134716,1,Peminjam Agresif (Grup 2),385000,75.0,4.75,95.0
0.8071459334841864,-1.1779043126306123,1,Peminjam Agresif (Grup 2),315000,136.0,4.75,95.0
0.18770965326692837,-1.0557046876020935,1,Peminjam Agresif (Grup 2),415000,80.0,4.5,90.0
-0.08445926594674598,0.948153791518756,2,Konservatif HNW (Grup 3),305000,140.0,3.25,50.5
-0.8899592605001015,-0.04276832787628121,2,Konservatif HNW (Grup 3),235000,104.0,3.99,95.0
-1.199448973178919,-1.327516934951187,2,Konservatif HNW (Grup 3),135000,60.0,7.125,97.0
-0.7860865328190376,0.22607902388989182,2,Konservatif HNW (Grup 3),285000,61.0,5.5,67.906
0.9855214124136443,0.6536167202342881,2,Konservatif HNW (Grup 3),535000,264.0,4.25,56.38
-0.059755942040641545,-0.9072919782916559,1,Peminjam Agresif (Grup 2),235000,133.0,4.75,90.0
1.023357644240207,2.1882501051831174,2,Konservatif HNW (Grup 3),445000,116.0,2.25,39.42
-1.7265398812961459,-1.7045748773824099,1,Peminjam Agresif (Grup 2),95000,99.0,7.375,70.0
-1.1881826554163246,0.7155359893280684,2,Konservatif HNW (Grup 3),135000,66.0,2.875,96.5
-0.44369600705578643,0.5852557846079693,2,Konservatif HNW (Grup 3),245000,93.0,3.875,73.0
1.5775056257227604,-1.2784696835222908,1,Peminjam Agresif (Grup 2),375000,141.0,6.75,81.2
-0.027412599854409754,-1.0880359800924053,1,Peminjam Agresif (Grup 2),245000,65.0,5.0,98.107
0.15413975499725346,0.32419615075770697,1,Peminjam Agresif (Grup 2),105000,145.0,4.0,68.9
2.1735277551210896,2.183946372005836,0,Kelas Menengah (Grup 1),755000,246.0,3.0,33.333
1.4873254134679599,-0.37906194010367184,1,Peminjam Agresif (Grup 2),305000,387.0,6.24,75.0
-0.6979242413380872,0.8096948105653505,2,Konservatif HNW (Grup 3),115000,109.0,4.875,62.0
-0.9614387994666754,-0.08911355887353095,2,Konservatif HNW (Grup 3),315000,54.0,5.411,72.093
-1.2014435826162857,0.899318019152231,2,Konservatif HNW (Grup 3),85000,49.0,3.5,64.222
-0.2844445367426201,-0.7496792064940674,1,Peminjam Agresif (Grup 2),235000,82.0,4.625,100.0
1.439857644614622,-0.2323057060615183,1,Peminjam Agresif (Grup 2),645000,124.0,3.99,77.509
-0.249476588673023,0.46276792059726296,2,Konservatif HNW (Grup 3),235000,161.0,4.25,80.0
-0.12219022130999448,-0.9651374064835563,1,Peminjam Agresif (Grup 2),355000,133.0,5.5,89.835
-0.14843562783466532,0.28980159209452505,1,Peminjam Agresif (Grup 2),235000,43.0,3.875,70.0
0.3529286633224841,-1.121274965544676,1,Peminjam Agresif (Grup 2),505000,168.0,5.25,95.0
-0.8066883660919386,1.6788029740315564,2,Konservatif HNW (Grup 3),205000,51.0,3.99,44.0
-0.11907474688488455,3.2795757641879155,2,Konservatif HNW (Grup 3),45000,39.0,0.0,47.348
-1.9804123648420844,1.214496623137411,2,Konservatif HNW (Grup 3),25000,25.0,8.06,15.432
-0.42658105043223826,0.053220473199960955,1,Peminjam Agresif (Grup 2),15000,74.0,0.0,103.1887
0.2639985551200546,0.44049287833647455,1,Peminjam Agresif (Grup 2),105000,131.0,4.15,80.0
-0.5660361938508424,-1.3772622003543722,1,Peminjam Agresif (Grup 2),235000,157.0,6.375,100.0
-0.9962577034681364,1.0299420841742688,2,Konservatif HNW (Grup 3),155000,27.0,3.187,80.0
-0.6963476017267668,0.06891312503325157,2,Konservatif HNW (Grup 3),215000,105.0,5.375,80.0
-0.3453621710815497,0.15793887467289253,2,Konservatif HNW (Grup 3),145000,180.0,3.125,90.0
-0.15760703755721142,0.9171721595517516,2,Konservatif HNW (Grup 3),105000,115.0,3.75,58.065
1.9039796102248707,-0.429493602815424,1,Peminjam Agresif (Grup 2),695000,156.0,4.875,84.92
-0.08034490679038535,0.2603920586007513,1,Peminjam Agresif (Grup 2),285000,123.0,5.0,58.763
-0.6121482151636332,0.024770273330730206,2,Konservatif HNW (Grup 3),365000,65.0,4.25,80.0
-0.6379645442974652,0.40868182475418185,2,Konservatif HNW (Grup 3),175000,95.0,3.25,76.087
0.4556275453332953,0.18900696492728708,1,Peminjam Agresif (Grup 2),245000,225.0,4.0,75.0
0.3129145875784103,-0.16634594056191482,1,Peminjam Agresif (Grup 2),305000,95.0,3.875,75.0
-1.352308846693489,0.10215497752099024,2,Konservatif HNW (Grup 3),55000,104.0,4.75,75.645
-0.4471932889558002,-1.1678424862694499,1,Peminjam Agresif (Grup 2),395000,84.0,7.0,80.0
2.852270910601653,-0.8649726041737151,0,Kelas Menengah (Grup 1),1265000,243.0,5.25,80.0
-0.4479395966288917,-0.34180307237658364,1,Peminjam Agresif (Grup 2),225000,87.0,3.875,85.0
0.5763634563913395,1.749359044845444,2,Konservatif HNW (Grup 3),405000,114.0,3.625,40.9
-0.42394790143999217,0.23954712656923197,2,Konservatif HNW (Grup 3),215000,89.0,4.75,71.667
0.17449026272185195,1.1823787546654552,1,Peminjam Agresif (Grup 2),165000,85.0,2.874,52.17
-1.208394896686702,0.6719229253080643,2,Konservatif HNW (Grup 3),75000,74.0,4.74,58.948
0.10619338326980798,2.4642128077016396,2,Konservatif HNW (Grup 3),85000,178.0,2.25,45.168
1.392844221148966,-0.452805650304552,1,Peminjam Agresif (Grup 2),405000,202.0,2.25,100.0
-1.2113202258539053,-0.4702214732255055,2,Konservatif HNW (Grup 3),135000,29.0,3.375,100.0
-0.7213959598909676,-0.3691926177357284,2,Konservatif HNW (Grup 3),195000,135.0,5.25,72.941
-1.2249345761460084,0.9572291329676182,2,Konservatif HNW (Grup 3),45000,36.0,6.45,19.37
0.04986204282119923,-1.2725697815480306,1,Peminjam Agresif (Grup 2),85000,166.0,7.25,88.431
0.9187231745784133,-0.16773938307329267,1,Peminjam Agresif (Grup 2),405000,117.0,3.99,80.0
0.3464643208365926,1.2331497165510465,2,Konservatif HNW (Grup 3),305000,106.0,3.5,47.244
-0.1283407345263465,-0.8069451646747895,1,Peminjam Agresif (Grup 2),325000,113.0,4.5,97.108
1.1517732283890172,1.5228049378137076,2,Konservatif HNW (Grup 3),645000,180.0,2.75,57.837
2.010723199145952,-0.11660517069530427,1,Peminjam Agresif (Grup 2),965000,225.0,3.5,80.0
-0.7861342002565745,0.2917554568841649,2,Konservatif HNW (Grup 3),215000,76.0,5.5,75.0
-0.9118644335404518,-0.2165092081068236,2,Konservatif HNW (Grup 3),405000,70.0,7.125,69.0
-0.875703602742021,1.1778764317836796,2,Konservatif HNW (Grup 3),155000,24.0,5.37,51.2
-0.009634190911551056,1.6418185619491894,2,Konservatif HNW (Grup 3),155000,130.0,4.74,17.97
0.9297836241986343,0.14629337858179303,2,Konservatif HNW (Grup 3),335000,476.0,4.375,80.0
-0.11409232015086486,1.6467511807894268,2,Konservatif HNW (Grup 3),105000,149.0,2.49,66.363
-1.2059446841783605,-0.8323906006463327,2,Konservatif HNW (Grup 3),125000,59.0,5.75,96.5
0.46758541590634956,-2.5067043129739246,1,Peminjam Agresif (Grup 2),375000,395.0,8.45,98.707
-1.0866868895744004,-0.8899179436411313,1,Peminjam Agresif (Grup 2),65000,83.0,4.75,96.5
-0.7441233280459998,-0.522431070641271,2,Konservatif HNW (Grup 3),295000,89.0,5.875,80.0
3.2723228328523963,0.7452021012161922,0,Kelas Menengah (Grup 1),465000,595.0,3.75,58.974
-1.5509109357330133,0.9985573167130655,2,Konservatif HNW (Grup 3),105000,37.0,4.5,67.702
-0.5452614370392912,-0.6230584536972247,1,Peminjam Agresif (Grup 2),105000,162.0,6.5,79.771
-0.5616638640409188,-0.39496101735464045,2,Konservatif HNW (Grup 3),245000,99.0,5.625,80.0
-0.597997055328579,0.9288238188855752,2,Konservatif HNW (Grup 3),15000,73.0,0.0,101.41
-1.7469454483368967,0.3147680470332351,2,Konservatif HNW (Grup 3),135000,32.0,6.875,51.0
-0.11014964639690071,-0.8245602899330727,1,Peminjam Agresif (Grup 2),405000,80.0,4.25,90.0
0.1653155797568748,-1.8196298427164683,1,Peminjam Agresif (Grup 2),345000,90.0,5.875,98.46
0.5253533127070391,0.901075878147814,2,Konservatif HNW (Grup 3),385000,234.0,2.49,80.0
1.9579523023584255,-1.5083178792292284,1,Peminjam Agresif (Grup 2),615000,480.0,7.625,80.0
-0.4721116037874676,-1.2394556032438948,1,Peminjam Agresif (Grup 2),165000,189.0,7.0,90.0
1.2601899582377563,0.49725352891670027,1,Peminjam Agresif (Grup 2),415000,120.0,3.25,55.6
-0.16492926309056458,-1.3861524331702564,1,Peminjam Agresif (Grup 2),375000,80.0,5.25,97.0
-1.338595612124301,-1.6446625643213213,1,Peminjam Agresif (Grup 2),35000,69.0,8.75,86.4
0.7103264538147634,-1.7423610776381286,1,Peminjam Agresif (Grup 2),615000,177.0,5.375,100.0
-0.4403581712935477,1.696872999780839,2,Konservatif HNW (Grup 3),85000,46.0,3.75,40.429
1.6596180934704894,-1.1411162603841494,1,Peminjam Agresif (Grup 2),535000,157.0,4.25,95.0
0.8813126044034828,-0.4062256988994267,1,Peminjam Agresif (Grup 2),585000,234.0,5.334,80.0
-0.2060381308938483,2.7543248834312553,2,Konservatif HNW (Grup 3),225000,37.0,3.75,24.0
0.5224915452401688,0.20607641020919462,2,Konservatif HNW (Grup 3),565000,275.0,4.5,75.0
-0.09510271546004596,0.8121530440916421,2,Konservatif HNW (Grup 3),505000,204.0,4.375,59.52
-0.8230691050918932,1.6876205303194696,2,Konservatif HNW (Grup 3),35000,97.0,4.0,36.825
-0.6208147042262822,0.15811708580033462,2,Konservatif HNW (Grup 3),105000,37.0,4.75,80.0
-0.8400909684910254,-0.17835393906010014,2,Konservatif HNW (Grup 3),135000,56.0,5.625,90.0
-0.5668574776704414,-0.874785843689102,1,Peminjam Agresif (Grup 2),35000,152.0,7.49,78.96
1.5682318969130051,-1.756545256308502,1,Peminjam Agresif (Grup 2),635000,243.0,5.875,95.0
-1.0932725982323888,0.09766467592709281,2,Konservatif HNW (Grup 3),145000,58.0,4.375,80.0
0.8170627129882052,-0.37213505262568697,1,Peminjam Agresif (Grup 2),395000,224.0,3.25,93.0
1.0584925432442844,0.42546395179138274,1,Peminjam Agresif (Grup 2),105000,252.0,2.74,81.11
-0.6903842400828868,-0.7760175549094913,2,Konservatif HNW (Grup 3),335000,111.0,4.999,90.0
-1.250254726844881,-0.9499602735716027,2,Konservatif HNW (Grup 3),75000,36.0,6.875,90.0
-0.37277448918863904,1.437321125776367,2,Konservatif HNW (Grup 3),305000,113.0,3.25,54.554
-1.6105029251740937,1.9595989639516207,2,Konservatif HNW (Grup 3),55000,45.0,5.79,19.788
-0.17162505726148183,0.3518622636937896,1,Peminjam Agresif (Grup 2),215000,90.0,2.99,64.0
0.24768862362177327,1.3125948151915052,1,Peminjam Agresif (Grup 2),215000,134.0,2.625,47.333
-0.1155077688162849,-1.17887914208359,1,Peminjam Agresif (Grup 2),255000,268.0,4.95,97.0
-0.43657090480591865,-1.1462435174624401,1,Peminjam Agresif (Grup 2),235000,70.0,6.5,80.0
-0.34678369561401634,-0.07940237123521245,2,Konservatif HNW (Grup 3),305000,108.0,4.625,80.0
-0.4859673502966191,-0.24191038423105557,1,Peminjam Agresif (Grup 2),85000,235.0,4.875,75.0
0.597091571719664,-0.22538441555121008,1,Peminjam Agresif (Grup 2),205000,289.0,4.5,75.0
0.4169259372304832,0.24981316600303952,1,Peminjam Agresif (Grup 2),305000,162.0,3.75,75.0
0.8531785057665214,-0.41859849839263685,1,Peminjam Agresif (Grup 2),565000,125.0,3.25,88.89
0.5078376185750867,-0.6800783470858904,1,Peminjam Agresif (Grup 2),375000,123.0,5.375,80.0
-0.3784871993236894,0.5827713143342399,2,Konservatif HNW (Grup 3),185000,154.0,5.0,54.493
0.7070573476058006,-0.4533944131534362,1,Peminjam Agresif (Grup 2),595000,173.0,4.875,80.0
-0.7251018977552957,0.598751716823068,2,Konservatif HNW (Grup 3),215000,88.0,2.95,80.305
-1.3460559558165301,-0.8741727535672332,2,Konservatif HNW (Grup 3),105000,34.0,6.125,93.02
-0.3844550921203155,-0.57584176340363,1,Peminjam Agresif (Grup 2),165000,55.0,4.625,96.5
-0.3497239750841296,-0.4917100107751222,1,Peminjam Agresif (Grup 2),25000,168.0,4.99,84.1
-0.3557088993088507,-1.1835829163643938,1,Peminjam Agresif (Grup 2),365000,84.0,5.375,94.737
-0.7620574226406487,-0.3693748423427068,2,Konservatif HNW (Grup 3),245000,99.0,5.125,96.5
0.4655119630472218,-0.8959679981636401,1,Peminjam Agresif (Grup 2),545000,194.0,5.0,95.0
-1.0370775848244203,0.0794880867398811,2,Konservatif HNW (Grup 3),75000,30.0,4.0,96.5
-0.7306864585747882,0.3816158728554146,2,Konservatif HNW (Grup 3),215000,58.0,4.375,71.92
0.8975223575090261,-1.8529451139229534,1,Peminjam Agresif (Grup 2),515000,91.0,5.75,100.0
-0.2367075556111271,-0.4734178504787727,1,Peminjam Agresif (Grup 2),235000,117.0,6.125,80.0
1.5454778901213382,0.6938598310707346,1,Peminjam Agresif (Grup 2),605000,179.0,2.466,61.856
-1.1727786863287144,0.1690863033398715,1,Peminjam Agresif (Grup 2),15000,59.0,6.5,42.435
0.7830433682252836,0.618423403327647,1,Peminjam Agresif (Grup 2),165000,175.0,4.125,59.993
-1.031630741334432,-1.6377570786880615,1,Peminjam Agresif (Grup 2),285000,96.0,5.0,90.0
1.6792792498334002,-1.019218854809375,1,Peminjam Agresif (Grup 2),575000,135.0,4.75,95.0
0.7296429240169889,-0.7642785551214816,1,Peminjam Agresif (Grup 2),525000,128.0,3.375,100.0
-0.921576242895687,0.8864135292270834,2,Konservatif HNW (Grup 3),95000,33.0,3.375,80.0
-0.338334273687441,0.5129478191193066,2,Konservatif HNW (Grup 3),185000,206.0,5.625,48.138
-0.14618869519885644,0.9261258003060585,2,Konservatif HNW (Grup 3),85000,155.0,3.5,65.89
0.49099902288203034,-0.3183726016985319,1,Peminjam Agresif (Grup 2),185000,70.0,2.5,90.0
1.5407918331777621,-1.2957024295255377,1,Peminjam Agresif (Grup 2),535000,184.0,5.75,95.0
1.0650470855425476,0.16136839935226274,1,Peminjam Agresif (Grup 2),525000,154.0,3.25,80.56
0.75642602497814,0.03417371558441508,1,Peminjam Agresif (Grup 2),375000,87.0,4.5,60.0
-0.9061204211912115,1.214613672936972,2,Konservatif HNW (Grup 3),195000,36.0,4.875,40.31
-0.5986954808035362,-0.8639364867919398,1,Peminjam Agresif (Grup 2),165000,57.0,4.5,80.0
-0.8439340634123765,1.5593351609940498,2,Konservatif HNW (Grup 3),135000,76.0,4.75,31.0
-1.6579363407316665,-1.4858074189611885,2,Konservatif HNW (Grup 3),185000,102.0,7.625,97.0
-0.532141128747263,-0.9093798280001416,1,Peminjam Agresif (Grup 2),195000,82.0,6.5,80.0
-0.8709262707879892,1.5114695288516822,2,Konservatif HNW (Grup 3),35000,63.0,3.5,48.605
0.2599668317405526,0.16306363851539704,1,Peminjam Agresif (Grup 2),315000,187.0,3.75,75.61
-0.3800453700724002,0.43897613281671666,1,Peminjam Agresif (Grup 2),105000,131.0,5.25,55.34
-0.24803613030700503,0.7086268487802331,2,Konservatif HNW (Grup 3),325000,120.0,3.125,65.21
-0.3131155078969727,-0.4726758156454976,1,Peminjam Agresif (Grup 2),285000,72.0,3.125,94.839
-0.5692370919384518,-0.014542627262035632,2,Konservatif HNW (Grup 3),205000,58.0,4.625,81.63
-0.5234262584457313,-0.6693693404115394,1,Peminjam Agresif (Grup 2),115000,113.0,5.5,89.95
-0.5001622989539046,0.03151296512064345,1,Peminjam Agresif (Grup 2),165000,46.0,3.99,60.0
-0.8252071394282912,0.46623472536254407,2,Konservatif HNW (Grup 3),125000,130.0,3.99,73.84
-0.8293278179519693,-1.3795487899487262,1,Peminjam Agresif (Grup 2),15000,104.0,5.0,100.589
0.5850897265671691,-0.847514515147754,1,Peminjam Agresif (Grup 2),295000,90.0,3.625,100.0
1.7012267852470355,0.19778938846494595,1,Peminjam Agresif (Grup 2),645000,202.0,3.25,76.141
-0.9096486418409412,0.6991863364604202,2,Konservatif HNW (Grup 3),75000,31.0,5.5,51.0
0.21576059056660307,-1.0206898532202384,1,Peminjam Agresif (Grup 2),275000,260.0,5.5,90.0
-0.8833659140844178,1.3966837677613129,2,Konservatif HNW (Grup 3),65000,34.0,3.875,53.06
-0.7394889629105122,-0.46660828795935727,2,Konservatif HNW (Grup 3),335000,83.0,3.74,97.0
-0.23900424014133725,1.3181709843603373,2,Konservatif HNW (Grup 3),55000,89.0,3.74,50.152
0.6941307285156074,-0.5142901730772419,1,Peminjam Agresif (Grup 2),365000,102.0,3.5,95.0
-0.36998218865947236,-0.7321011959665149,2,Konservatif HNW (Grup 3),435000,105.0,5.875,85.0
0.08302421935669752,-1.0761117065619625,1,Peminjam Agresif (Grup 2),255000,230.0,4.825,100.0
-0.8311232257691997,-0.44480856860965107,1,Peminjam Agresif (Grup 2),105000,51.0,5.5,75.42
-0.41163165977707666,0.6104676817119891,2,Konservatif HNW (Grup 3),305000,53.0,2.99,67.242
-0.9020787644388083,0.1675541446650765,2,Konservatif HNW (Grup 3),275000,70.0,3.625,90.0
-0.010956152977787568,0.42029589070057705,2,Konservatif HNW (Grup 3),435000,130.0,3.99,78.436
0.6780757285396429,-1.1286995497409464,2,Konservatif HNW (Grup 3),585000,250.0,4.625,117.22
-1.3429611621700828,0.1139115162874301,2,Konservatif HNW (Grup 3),65000,68.0,5.3,75.0
3.062777028164358,-0.14247041010031708,0,Kelas Menengah (Grup 1),925000,426.0,3.75,70.076
-0.5411650806357308,-1.2753651153128531,1,Peminjam Agresif (Grup 2),265000,52.0,6.625,80.0
-0.0946936454250768,-0.25880566578445263,1,Peminjam Agresif (Grup 2),345000,65.0,4.875,75.652
-0.8769785599752968,-0.30731852105558316,2,Konservatif HNW (Grup 3),305000,59.0,5.25,77.494
0.3848007363136796,0.9107678572876621,1,Peminjam Agresif (Grup 2),245000,157.0,2.875,57.857
0.38937382765664796,-1.2536556126044367,1,Peminjam Agresif (Grup 2),405000,109.0,5.375,96.5
-0.7757850354129188,-1.447844609744104,1,Peminjam Agresif (Grup 2),215000,105.0,7.99,74.3
0.09174049448938501,0.9376236542862885,1,Peminjam Agresif (Grup 2),175000,127.0,3.99,51.0
-0.21884452157658912,1.6130181190605883,2,Konservatif HNW (Grup 3),85000,85.0,3.35,46.032
-0.6383115038923716,1.3012224960300098,2,Konservatif HNW (Grup 3),285000,96.0,4.875,52.83
-0.2465748667402668,0.028879871884109756,1,Peminjam Agresif (Grup 2),155000,40.0,3.99,68.0
-0.3693299731748598,3.1233243878497383,2,Konservatif HNW (Grup 3),255000,90.0,2.99,20.833
0.3898364027955617,-1.4706707347250714,1,Peminjam Agresif (Grup 2),635000,216.0,6.875,90.0
-0.317326119821611,-1.634066909488806,1,Peminjam Agresif (Grup 2),305000,112.0,7.625,80.0
-1.5355756038754478,-0.9393390305907996,2,Konservatif HNW (Grup 3),125000,28.0,5.25,105.039
-1.0303690664683003,0.8193071531308653,2,Konservatif HNW (Grup 3),145000,45.0,4.5,63.783
1.2751029315830902,0.5532239691636489,2,Konservatif HNW (Grup 3),775000,179.0,4.5,71.875
-0.4267252157530645,-0.17543383912954058,2,Konservatif HNW (Grup 3),255000,53.0,3.75,95.0
-0.5669193270231835,0.8183971541264663,2,Konservatif HNW (Grup 3),75000,172.0,6.3,38.67
0.9817513965579023,0.19546924095906015,2,Konservatif HNW (Grup 3),475000,248.0,5.5,69.941
-0.6311801507068933,0.38975821998697285,2,Konservatif HNW (Grup 3),195000,77.0,3.875,73.552
2.7401196914668446,1.2225937418366388,0,Kelas Menengah (Grup 1),645000,338.0,4.92,57.0
-0.43600376540669666,1.194138355981662,2,Konservatif HNW (Grup 3),205000,45.0,4.25,47.62
1.1488717940596784,-1.0301552377244418,1,Peminjam Agresif (Grup 2),385000,154.0,5.375,90.0
1.6856262697666649,-0.19868065298438992,1,Peminjam Agresif (Grup 2),645000,184.0,3.5,90.0
0.009783177671697325,-0.3289681805757757,2,Konservatif HNW (Grup 3),485000,115.0,5.0,80.0
-1.1589282180363796,-0.49072999628057373,2,Konservatif HNW (Grup 3),315000,64.0,5.25,100.0
-0.15030300469959398,0.11211223388177177,2,Konservatif HNW (Grup 3),105000,236.0,3.875,80.0
-0.10682017042426148,2.3182155302546166,2,Konservatif HNW (Grup 3),205000,92.0,2.625,43.16
1.6050714204184464,-0.18937861292879707,1,Peminjam Agresif (Grup 2),405000,443.0,5.375,75.0
-0.03834195938588216,0.6084281725603583,2,Konservatif HNW (Grup 3),65000,149.0,2.49,79.998
-0.2475022932155193,-0.12503078413924626,1,Peminjam Agresif (Grup 2),45000,118.0,4.25,80.0
-0.8399241795597886,0.22301024888865895,2,Konservatif HNW (Grup 3),185000,61.0,4.95,71.023
0.8604518949964938,1.2931101803050677,2,Konservatif HNW (Grup 3),175000,308.0,1.99,79.37
0.1018319800806258,0.8574915288170708,2,Konservatif HNW (Grup 3),245000,155.0,4.25,55.111
0.4756625617333737,0.16876924651148156,1,Peminjam Agresif (Grup 2),295000,99.0,2.625,88.602
0.6154918190146988,0.7985586610359053,1,Peminjam Agresif (Grup 2),55000,163.0,4.63,70.625
-1.182035268251137,0.5380104045456695,2,Konservatif HNW (Grup 3),105000,40.0,4.25,61.81
-0.2501888804391745,0.5239983680665014,2,Konservatif HNW (Grup 3),105000,97.0,5.0,62.79
0.17145410940156228,-0.2774074270974424,1,Peminjam Agresif (Grup 2),275000,98.0,5.5,86.825
-0.33949187478292997,-1.272868798474588,1,Peminjam Agresif (Grup 2),315000,88.0,7.25,85.0
-1.2387456975864826,0.7497928341627347,2,Konservatif HNW (Grup 3),155000,62.0,3.375,80.0
-0.9981608885291493,-1.1928918362212289,2,Konservatif HNW (Grup 3),285000,85.0,6.125,97.0
1.5628553045374125,-0.5970733961840031,1,Peminjam Agresif (Grup 2),695000,180.0,3.875,80.0
0.6676831903870724,-0.22098845092471892,1,Peminjam Agresif (Grup 2),395000,90.0,4.5,70.0
-0.7964925417074515,-0.47622777398455907,1,Peminjam Agresif (Grup 2),145000,97.0,7.0,53.0
0.38905512883050725,3.2304068599894262,2,Konservatif HNW (Grup 3),125000,231.0,1.99,22.321
-1.020610403353973,-0.638356620337632,2,Konservatif HNW (Grup 3),205000,47.0,4.875,96.5
0.4945815649476631,0.14797125473732184,1,Peminjam Agresif (Grup 2),515000,120.0,3.875,72.857
-0.6981469668809391,-0.030935442812747523,1,Peminjam Agresif (Grup 2),255000,58.0,5.375,60.0
-1.3461419501965117,-0.49128983439602664,2,Konservatif HNW (Grup 3),105000,119.0,6.125,80.0
0.3555000196954664,1.0804085584708298,2,Konservatif HNW (Grup 3),545000,61.0,3.25,71.634
0.3737063178193355,1.117800172218156,2,Konservatif HNW (Grup 3),345000,88.0,1.75,83.981
-0.43871799888836677,-0.6489941246589621,1,Peminjam Agresif (Grup 2),85000,123.0,6.5,73.006
-0.8371719730006645,0.7026757580218325,2,Konservatif HNW (Grup 3),155000,123.0,7.125,35.294
-0.43643478652347584,-0.6641455494872003,1,Peminjam Agresif (Grup 2),295000,45.0,3.25,99.951
1.2039588031148607,1.8246124207913188,1,Peminjam Agresif (Grup 2),205000,171.0,2.25,42.5
0.6937699499131049,-1.0841558836871446,1,Peminjam Agresif (Grup 2),455000,90.0,4.99,80.0
0.783018911093704,-0.953559672161242,1,Peminjam Agresif (Grup 2),485000,123.0,5.0,75.0
1.365941137436358,-0.33410927101424404,1,Peminjam Agresif (Grup 2),565000,305.0,5.339,80.0
-1.0360654248649661,-0.6540329233488754,1,Peminjam Agresif (Grup 2),125000,33.0,3.75,96.5
1.0888073208322244,0.8621313727766712,1,Peminjam Agresif (Grup 2),355000,116.0,1.99,69.986
-0.21614078941502052,0.8640134616986499,2,Konservatif HNW (Grup 3),205000,257.0,6.72,33.333
-0.8930973988833517,-0.39211843255644996,2,Konservatif HNW (Grup 3),255000,91.0,5.375,101.5
-1.112906256402505,1.800407401248675,2,Konservatif HNW (Grup 3),55000,23.0,5.25,25.641
-0.3471348149637575,-1.04570441127952,1,Peminjam Agresif (Grup 2),235000,67.0,4.99,90.0
0.5666281190860526,-0.967270577376986,1,Peminjam Agresif (Grup 2),435000,113.0,4.875,90.0
-1.0348219036265767,-0.3308364355568692,2,Konservatif HNW (Grup 3),135000,56.0,3.15,100.0
-0.011344388221069496,0.14031317831812729,1,Peminjam Agresif (Grup 2),265000,64.0,3.375,80.0
-0.20366803157248958,-0.9334213528261194,1,Peminjam Agresif (Grup 2),195000,134.0,4.99,90.0
0.9355278833473347,-1.2033548459408634,1,Peminjam Agresif (Grup 2),565000,114.0,5.75,80.0
-0.6378483951556433,-0.47518309455821117,2,Konservatif HNW (Grup 3),215000,101.0,5.5,87.2
0.6330673409849138,0.8038853389893549,2,Konservatif HNW (Grup 3),415000,350.0,4.375,59.42
0.45944077316969845,1.4618892067869862,2,Konservatif HNW (Grup 3),145000,218.0,2.75,46.03
-0.3269301321533881,-1.445411230631997,2,Konservatif HNW (Grup 3),525000,204.0,7.125,95.0
-1.3844356231065411,1.293233781869754,2,Konservatif HNW (Grup 3),75000,136.0,4.0,65.15
0.16207487914567678,0.48746993334008315,1,Peminjam Agresif (Grup 2),165000,182.0,4.25,63.57
0.5333302082507833,-0.8328379902059313,1,Peminjam Agresif (Grup 2),325000,107.0,4.25,95.0
-0.3824510299491048,0.6660796723544627,2,Konservatif HNW (Grup 3),35000,71.0,1.9,80.752
-0.8466444365472561,2.6518912343811767,2,Konservatif HNW (Grup 3),45000,88.0,3.75,21.5
-0.4159524754271485,-1.0377238872442052,1,Peminjam Agresif (Grup 2),345000,68.0,5.25,98.189
-0.4732846939977741,0.5775695446005685,1,Peminjam Agresif (Grup 2),115000,18.0,4.25,57.0
-2.111217550156874,-0.7916839789592437,2,Konservatif HNW (Grup 3),75000,18.0,6.875,90.0
0.57085318899486,1.4555797735341278,2,Konservatif HNW (Grup 3),505000,157.0,4.25,50.75
0.3377514942511944,-1.2281933899147044,1,Peminjam Agresif (Grup 2),505000,87.0,5.125,92.0
-0.44592958412899486,1.7908062845312893,2,Konservatif HNW (Grup 3),185000,30.0,3.625,27.692
0.030775124800003523,-0.5825267726493394,1,Peminjam Agresif (Grup 2),285000,123.0,5.625,66.047
2.2004499959915345,0.8670035794590456,1,Peminjam Agresif (Grup 2),355000,325.0,2.125,72.86
1.648124332114969,-1.5726264834335746,1,Peminjam Agresif (Grup 2),775000,250.0,4.875,100.0
-0.9749039808776635,0.04044388245475168,2,Konservatif HNW (Grup 3),75000,64.0,6.45,56.942
-0.5571725561555306,0.34573468431054905,2,Konservatif HNW (Grup 3),165000,56.0,4.7,66.667
0.4807357409835867,-0.3981105618256269,1,Peminjam Agresif (Grup 2),275000,128.0,4.5,80.72
-0.07305800041987587,0.7138344571909908,2,Konservatif HNW (Grup 3),185000,92.0,2.875,69.81
0.1230237066488807,0.28876305049756096,1,Peminjam Agresif (Grup 2),255000,127.0,3.75,75.0
-0.30381238075006156,-0.19192010640559581,2,Konservatif HNW (Grup 3),575000,84.0,5.75,70.988
0.3276498064409228,-0.31759575276146,1,Peminjam Agresif (Grup 2),215000,250.0,5.0,87.145
-0.07626084780323814,-0.9622046351452985,1,Peminjam Agresif (Grup 2),255000,248.0,7.125,79.12
-0.8662368100571075,0.31825946433663593,2,Konservatif HNW (Grup 3),315000,165.0,5.125,80.0
0.5082191829172018,1.8326003934002384,2,Konservatif HNW (Grup 3),315000,200.0,2.375,59.0
-0.18389346416987154,-0.27510011677134344,1,Peminjam Agresif (Grup 2),325000,97.0,3.75,76.79
-0.4593851439701297,-0.13365004720184107,1,Peminjam Agresif (Grup 2),75000,107.0,7.0,58.912
-0.7033755670248948,-1.0310546195067454,1,Peminjam Agresif (Grup 2),245000,65.0,4.75,96.5
-0.8912297686242742,0.6956905064190521,2,Konservatif HNW (Grup 3),105000,62.0,4.75,55.0
0.147167188535903,-0.7910833843642605,1,Peminjam Agresif (Grup 2),255000,116.0,5.875,91.575
-0.5346378136162335,-0.9060542105248658,1,Peminjam Agresif (Grup 2),175000,91.0,5.25,96.5
-1.3999983797086455,0.11183855400678436,2,Konservatif HNW (Grup 3),65000,76.0,5.75,62.302
-0.18855905708601764,0.11590299438206488,2,Konservatif HNW (Grup 3),195000,133.0,2.99,95.0
0.48844236674711766,-1.3714778314812426,1,Peminjam Agresif (Grup 2),485000,216.0,5.5,95.0
-0.3077047705216661,-1.4916212149151102,1,Peminjam Agresif (Grup 2),505000,135.0,4.25,90.0
-0.6733291560998566,-0.013302250216640416,2,Konservatif HNW (Grup 3),145000,75.0,5.7,65.365
-0.26695658418427326,0.8906779791060535,2,Konservatif HNW (Grup 3),215000,104.0,3.625,65.217
0.9637005834076162,-1.242224493462381,1,Peminjam Agresif (Grup 2),865000,249.0,4.75,100.0
-0.3575710555146259,-0.2663167679275831,2,Konservatif HNW (Grup 3),345000,86.0,3.5,95.0
-0.0920516940307709,0.22647469340122453,1,Peminjam Agresif (Grup 2),265000,60.0,3.213,79.32
0.20898308328811915,0.868899121643561,2,Konservatif HNW (Grup 3),75000,330.0,3.99,64.574
-0.4375627210345671,0.6922824238306238,2,Konservatif HNW (Grup 3),75000,136.0,5.125,46.46
-0.5177254021833522,-1.5675538655188874,1,Peminjam Agresif (Grup 2),335000,66.0,5.5,95.85
-0.8276930028008939,-1.4281302521216361,1,Peminjam Agresif (Grup 2),325000,84.0,6.59,96.5
-1.2225224268379697,-0.18661602579574976,2,Konservatif HNW (Grup 3),105000,65.0,6.49,80.0
-0.9657410226970006,-0.7687317077266203,2,Konservatif HNW (Grup 3),195000,100.0,7.125,75.0
-0.35610322270866146,0.303190661469992,2,Konservatif HNW (Grup 3),255000,64.0,3.75,72.93
0.9317726227421322,-0.8555549129281372,1,Peminjam Agresif (Grup 2),155000,315.0,6.25,77.21
0.659950139228492,2.48307061825856,2,Konservatif HNW (Grup 3),255000,174.0,3.98,15.538
1.697898467586595,2.2186453755253663,2,Konservatif HNW (Grup 3),835000,135.0,3.0,39.0
0.21411274155314614,-0.1805899107270528,1,Peminjam Agresif (Grup 2),155000,190.0,3.5,89.447
0.012313065814072812,-1.148238706619388,1,Peminjam Agresif (Grup 2),265000,71.0,5.375,95.0
1.0439765924092752,0.2458722227609799,2,Konservatif HNW (Grup 3),405000,224.0,5.375,80.0
-1.3592420647185404,1.2196755440647304,2,Konservatif HNW (Grup 3),35000,24.0,7.0,21.0
-0.6926778798528004,-1.8178113742456405,1,Peminjam Agresif (Grup 2),165000,47.0,6.25,90.0
-0.9780520233742562,0.36653942684426705,2,Konservatif HNW (Grup 3),135000,65.0,5.75,58.296
-0.33827137830192255,-0.7972895510738371,1,Peminjam Agresif (Grup 2),315000,78.0,5.0,80.0
-0.891151728844163,-0.8968800017899917,1,Peminjam Agresif (Grup 2),165000,37.0,5.375,94.253
-0.842598450226048,0.04118746960981725,2,Konservatif HNW (Grup 3),175000,51.0,4.0,84.211
-0.959435692601194,-1.3311803411515717,1,Peminjam Agresif (Grup 2),105000,36.0,5.5,83.721
-0.7253279864200635,0.9573711993336872,2,Konservatif HNW (Grup 3),125000,48.0,3.625,62.5
2.5345384348695403,2.381307273717748,0,Kelas Menengah (Grup 1),675000,371.0,1.74,44.607
1.6100567104869046,0.23812905211086235,2,Konservatif HNW (Grup 3),755000,385.0,4.25,62.733
-0.49610912444904004,-1.1861820718112661,1,Peminjam Agresif (Grup 2),295000,139.0,5.75,97.0
1.371966183829313,-1.4294339637120697,1,Peminjam Agresif (Grup 2),615000,160.0,6.5,80.0
-0.9904037254019523,-0.129756339433864,2,Konservatif HNW (Grup 3),235000,75.0,4.875,90.769
-0.8871339479351994,-1.480957663345911,2,Konservatif HNW (Grup 3),365000,78.0,6.5,100.0
-0.5359477861760397,0.8458550150013554,2,Konservatif HNW (Grup 3),25000,83.0,5.95,56.15
0.12657390931001233,0.5917808396481605,2,Konservatif HNW (Grup 3),335000,88.0,2.875,69.346
-2.1395720941045098,-1.2726937700567686,2,Konservatif HNW (Grup 3),25000,58.0,11.0,56.679
-0.06341680970550963,0.23710334331383526,2,Konservatif HNW (Grup 3),295000,76.0,3.25,93.73
-0.3892969922086675,-0.6128235876849133,1,Peminjam Agresif (Grup 2),205000,178.0,5.25,75.0
0.5331971112167965,-0.1107505086202146,1,Peminjam Agresif (Grup 2),155000,298.0,2.5,80.0
-0.9578638325924356,-1.4768445002473038,1,Peminjam Agresif (Grup 2),175000,82.0,6.25,100.0
0.5727201836248794,-1.5653287260874604,1,Peminjam Agresif (Grup 2),495000,131.0,5.5,95.0
-0.6950693901229162,0.007427804191367172,2,Konservatif HNW (Grup 3),145000,60.0,4.943,75.657
1.8294361232060914,-0.603197423301282,1,Peminjam Agresif (Grup 2),765000,339.0,4.875,79.834
-0.221100529396811,0.03733514874161425,1,Peminjam Agresif (Grup 2),25000,90.0,4.6,73.3
3.1448987784870344,0.0705359117672799,0,Kelas Menengah (Grup 1),1365000,338.0,2.875,80.0
-0.6894450777058004,-1.1324178836073497,1,Peminjam Agresif (Grup 2),105000,110.0,6.0,73.103
-0.9689655330788435,0.05445451716279047,2,Konservatif HNW (Grup 3),95000,105.0,4.0,79.76
-0.29144313693860163,-0.7072971508591541,1,Peminjam Agresif (Grup 2),275000,96.0,4.625,96.5
0.10700328885207534,-0.8276638934241765,1,Peminjam Agresif (Grup 2),345000,87.0,3.875,91.725
-0.52674992595774,-0.4167335712669396,1,Peminjam Agresif (Grup 2),275000,55.0,5.125,80.0
0.7765010426207272,-0.6232855853645811,1,Peminjam Agresif (Grup 2),545000,194.0,4.375,79.06
0.09418039115785004,-0.008735312508348657,1,Peminjam Agresif (Grup 2),245000,49.0,4.885,75.0
0.8685436793204098,-1.2276927723436881,1,Peminjam Agresif (Grup 2),715000,117.0,3.625,89.9
-0.37374974854286774,-0.9415401037974808,1,Peminjam Agresif (Grup 2),415000,71.0,5.5,89.0
-0.1255271015393522,2.0808002407752393,2,Konservatif HNW (Grup 3),195000,71.0,2.875,41.76
-0.9761935674646075,0.8067584688797422,2,Konservatif HNW (Grup 3),125000,56.0,3.625,67.0
-0.10756770641199555,0.15205042227101773,2,Konservatif HNW (Grup 3),15000,318.0,4.74,80.0
1.2122161828184477,-0.30743032636811835,2,Konservatif HNW (Grup 3),545000,530.0,6.0,75.0
-0.052630211788845395,0.01399699542499633,1,Peminjam Agresif (Grup 2),305000,53.0,4.125,75.0
0.8624713353562042,-0.7120256167686122,1,Peminjam Agresif (Grup 2),145000,56.0,6.25,88.57
-0.554494941832546,0.2739751238100491,2,Konservatif HNW (Grup 3),115000,128.0,3.99,85.4
0.01760522406107561,-1.487216810621457,1,Peminjam Agresif (Grup 2),375000,94.0,5.0,100.0
-0.23135116201708067,-1.5351498943517243,1,Peminjam Agresif (Grup 2),435000,125.0,5.875,97.0
0.49857405630144846,-1.26823567165269,1,Peminjam Agresif (Grup 2),425000,149.0,6.125,90.0
-0.7402305147417939,-0.6033820567167993,2,Konservatif HNW (Grup 3),115000,150.0,4.875,90.0
1.4831530721538904,1.1894185624549758,1,Peminjam Agresif (Grup 2),545000,131.0,2.75,57.684
0.6221040398858221,-0.6065492728237868,1,Peminjam Agresif (Grup 2),475000,165.0,4.75,80.0
0.0032116099503788965,-0.5608179842968892,1,Peminjam Agresif (Grup 2),365000,90.0,6.375,73.6
-0.2726985090259196,2.181043387532868,2,Konservatif HNW (Grup 3),45000,149.0,0.99,65.234
-0.05610474794488754,0.7432310023704892,2,Konservatif HNW (Grup 3),105000,230.0,3.5,71.363
0.4091995834119605,-0.33806622171194917,1,Peminjam Agresif (Grup 2),425000,160.0,5.0,85.0
-0.696751286543491,-0.5546748828461624,2,Konservatif HNW (Grup 3),215000,98.0,4.625,96.5
-1.2842070901359384,-0.7692088438380027,2,Konservatif HNW (Grup 3),5000,71.0,5.25,100.0
-0.2141449250217774,0.1217416655921976,2,Konservatif HNW (Grup 3),185000,144.0,4.6,75.0
0.5223090092916048,-0.3542136657196108,1,Peminjam Agresif (Grup 2),225000,208.0,5.5,80.0
1.4687816871142612,0.5402620739332664,1,Peminjam Agresif (Grup 2),205000,310.0,4.74,65.36
-0.8141072232619075,-1.2851922221012495,1,Peminjam Agresif (Grup 2),195000,74.0,6.75,96.5
1.429603503065248,-0.9141959697715529,1,Peminjam Agresif (Grup 2),645000,239.0,5.625,79.752
1.042284786582806,0.940553307901092,1,Peminjam Agresif (Grup 2),405000,185.0,4.75,48.78
1.4757157231797011,-0.5613311851290432,1,Peminjam Agresif (Grup 2),645000,323.0,5.99,76.0
0.7571810177701898,-0.9122746558614931,1,Peminjam Agresif (Grup 2),475000,85.0,4.25,89.981
0.2563961276580035,0.26349982552236706,2,Konservatif HNW (Grup 3),405000,129.0,4.5,80.0
-0.5763403013200009,-0.3349646643085154,1,Peminjam Agresif (Grup 2),65000,32.0,5.625,75.0
-0.2514384193812015,0.4581728323480822,2,Konservatif HNW (Grup 3),385000,70.0,4.125,80.0
-0.07525158645814366,-1.0866785227204825,1,Peminjam Agresif (Grup 2),405000,133.0,5.25,90.0
0.6051892412266452,-1.1766509159968686,1,Peminjam Agresif (Grup 2),425000,177.0,5.625,80.0
5.4592434536421806,0.24660477823220434,0,Kelas Menengah (Grup 1),1825000,424.0,3.2,65.0
-0.05949951604121925,-0.42659893530649107,1,Peminjam Agresif (Grup 2),335000,64.0,4.25,95.0
-0.23684285727481053,-1.1413276694402925,1,Peminjam Agresif (Grup 2),415000,83.0,4.875,97.0
0.6220432923362841,-1.0363408391456612,1,Peminjam Agresif (Grup 2),485000,120.0,5.625,80.0
-0.8321601762106546,1.1178072622642086,2,Konservatif HNW (Grup 3),145000,34.0,3.375,62.56
-0.6133105002782535,0.13064518859152005,2,Konservatif HNW (Grup 3),205000,96.0,3.5,85.4
0.22339150315981868,-1.439096429869452,1,Peminjam Agresif (Grup 2),225000,216.0,6.8,90.0
-0.45892661945658353,-0.43788478273657605,2,Konservatif HNW (Grup 3),155000,206.0,5.25,84.688
1.6908379706393526,0.23701538449037668,1,Peminjam Agresif (Grup 2),205000,648.0,5.74,63.837
-0.3749237327592904,-1.243817455726453,1,Peminjam Agresif (Grup 2),215000,60.0,4.75,100.0
7.397778212135941,-0.32795993451777294,0,Kelas Menengah (Grup 1),2515000,353.0,2.375,75.0
1.5717634567315732,0.22781300243066807,1,Peminjam Agresif (Grup 2),525000,250.0,3.5,67.53
-0.07438965532088217,-1.819604397116092,1,Peminjam Agresif (Grup 2),295000,130.0,7.125,95.0
0.5186372791834092,0.0815158933412627,1,Peminjam Agresif (Grup 2),305000,142.0,3.125,80.0
3.175047417153815,-0.5861094387819107,1,Peminjam Agresif (Grup 2),735000,306.0,4.875,80.0
-0.6004604949925757,-1.610724645308106,1,Peminjam Agresif (Grup 2),45000,87.0,6.75,94.87
-0.23931624732791196,0.6282018252491648,2,Konservatif HNW (Grup 3),75000,164.0,3.89,74.07
-0.7042065411706496,-0.27744631848631945,2,Konservatif HNW (Grup 3),55000,33.0,3.15,103.636
4.297134339358898,-0.20834505268135498,0,Kelas Menengah (Grup 1),1535000,401.0,5.125,75.0
-0.9443268925236541,3.1238306257455952,2,Konservatif HNW (Grup 3),125000,75.0,3.375,21.0
-0.3648790282105654,0.8532348658958129,2,Konservatif HNW (Grup 3),175000,36.0,2.875,74.565
0.47819091240378425,-0.6859592610398535,1,Peminjam Agresif (Grup 2),375000,115.0,4.375,90.0
-0.4753672892939732,0.3838673190395577,2,Konservatif HNW (Grup 3),155000,131.0,4.25,69.12
-0.46112067484643177,1.301744754137859,2,Konservatif HNW (Grup 3),105000,153.0,5.25,28.706
-0.8694532524373447,-0.28421919144900365,2,Konservatif HNW (Grup 3),75000,74.0,5.7,80.0
-0.27933579974520967,0.8925565129185502,2,Konservatif HNW (Grup 3),305000,76.0,2.874,80.0
-0.4162915710306257,-0.1279817874861232,2,Konservatif HNW (Grup 3),275000,97.0,4.75,90.0
1.1149476166678762,0.19482703617505284,2,Konservatif HNW (Grup 3),485000,160.0,4.25,90.0
-0.2484948297952169,-1.6936200159132058,1,Peminjam Agresif (Grup 2),345000,103.0,7.375,92.0
0.03009185128592977,0.07069169793485693,1,Peminjam Agresif (Grup 2),305000,78.0,3.85,74.083
0.899646291548031,-1.3051585877945429,1,Peminjam Agresif (Grup 2),495000,133.0,5.875,89.09
-0.3173746736192402,-0.4979866639631731,1,Peminjam Agresif (Grup 2),305000,68.0,5.375,80.0
-0.4098420194093705,0.31211667569562146,2,Konservatif HNW (Grup 3),325000,88.0,4.125,97.0
-0.3358759707433583,-0.8484539254074005,1,Peminjam Agresif (Grup 2),265000,45.0,4.875,90.89
1.753743058633219,-0.8348667157781076,1,Peminjam Agresif (Grup 2),995000,151.0,3.75,100.0
0.7038482703550323,-0.32241564169293013,1,Peminjam Agresif (Grup 2),305000,307.0,5.75,80.14
-1.0949363033849282,-0.8488449190282837,1,Peminjam Agresif (Grup 2),25000,63.0,6.5,60.958
3.568822062648707,0.3230575766787525,0,Kelas Menengah (Grup 1),855000,437.0,3.25,66.1
-0.7397036544239762,0.12719055088058717,2,Konservatif HNW (Grup 3),145000,50.0,5.0,80.0
0.05173004518220767,0.48935496261047595,2,Konservatif HNW (Grup 3),235000,141.0,4.35,80.0
4.208495910976109,-0.8076052244119382,0,Kelas Menengah (Grup 1),1375000,307.0,3.625,80.0
-0.8221795320548344,0.32061274109231497,2,Konservatif HNW (Grup 3),35000,92.0,5.75,63.813
-0.7541013981415625,1.285815190064723,2,Konservatif HNW (Grup 3),185000,50.0,3.0,60.915
-1.0705441952867065,1.0309078150617075,2,Konservatif HNW (Grup 3),55000,106.0,4.0,57.28
-0.7998940833487284,0.35407106517652653,2,Konservatif HNW (Grup 3),135000,51.0,5.5,68.421
1.2241310933053204,-1.455981134808449,1,Peminjam Agresif (Grup 2),185000,437.0,6.99,75.08
2.7094470094451775,-0.32560711127587155,1,Peminjam Agresif (Grup 2),685000,286.0,5.375,75.0
-1.1900933005485432,-1.002681483809043,1,Peminjam Agresif (Grup 2),45000,88.0,7.45,66.564
0.3408852331962442,-0.7783537219476474,1,Peminjam Agresif (Grup 2),255000,234.0,5.0,88.644
0.7513945297582978,0.4215469976526989,2,Konservatif HNW (Grup 3),385000,178.0,2.55,85.0
-2.4237204225690587,-1.736170293108698,2,Konservatif HNW (Grup 3),35000,80.0,8.25,86.711
0.13407517752825873,-0.8067222997704607,1,Peminjam Agresif (Grup 2),385000,116.0,5.75,80.0
-1.1201659379271092,1.8515004311225975,2,Konservatif HNW (Grup 3),65000,39.0,3.125,38.507
-0.9223617736932405,0.9234349964489141,2,Konservatif HNW (Grup 3),165000,157.0,4.25,75.0
-0.45275067406497493,0.5313314466008932,2,Konservatif HNW (Grup 3),235000,179.0,3.25,79.0
-0.432767614291099,-1.1534339852038857,1,Peminjam Agresif (Grup 2),255000,80.0,6.625,95.0
1.9200834484742497,-0.19670513915480725,1,Peminjam Agresif (Grup 2),575000,189.0,3.625,80.0
-0.8265222573102396,-0.8987964756855633,2,Konservatif HNW (Grup 3),95000,104.0,7.75,85.0
-0.2071852488215978,3.1330678637007554,2,Konservatif HNW (Grup 3),115000,102.0,2.75,31.986
-1.0270890022346704,2.1297274452114543,2,Konservatif HNW (Grup 3),55000,58.0,3.49,34.48
-0.7264723293706107,-0.3009610382029177,2,Konservatif HNW (Grup 3),195000,45.0,3.625,100.0
-1.0025663024002325,-0.5176986100286526,2,Konservatif HNW (Grup 3),295000,76.0,4.875,100.0
-0.4108880138908975,1.101727221326976,2,Konservatif HNW (Grup 3),5000,61.0,0.0,100.15
2.8555643330528393,0.616471027250986,0,Kelas Menengah (Grup 1),795000,445.0,2.875,77.206
-1.117541163341241,-0.7870643916404716,2,Konservatif HNW (Grup 3),85000,50.0,5.125,98.188
-0.09379795793198442,-1.5562306771584975,1,Peminjam Agresif (Grup 2),215000,78.0,5.99,95.0
-0.9301380066965225,2.2742785983919798,2,Konservatif HNW (Grup 3),55000,38.0,2.875,21.224
-0.12990439864261233,0.7881798491317076,2,Konservatif HNW (Grup 3),275000,189.0,4.75,60.0
-0.9394317233337642,-0.5220711853267405,2,Konservatif HNW (Grup 3),355000,86.0,5.465,96.5
0.26738441260802154,-0.42100137310221947,1,Peminjam Agresif (Grup 2),425000,131.0,5.99,80.0
-0.777434059608832,-0.18976829062894082,2,Konservatif HNW (Grup 3),195000,114.0,5.25,75.0
-0.7364042179447559,0.08699594090538444,2,Konservatif HNW (Grup 3),45000,98.0,4.99,78.15
3.318896374662726,1.4003825513982342,0,Kelas Menengah (Grup 1),1305000,363.0,2.625,46.43
1.1219185406265624,-0.5974894761535492,1,Peminjam Agresif (Grup 2),635000,227.0,4.875,85.0
-1.4312098457120301,0.5085237805629306,2,Konservatif HNW (Grup 3),55000,99.0,5.875,71.875
0.04948768005782542,-1.10767689997798,1,Peminjam Agresif (Grup 2),365000,84.0,4.25,96.5
-0.16729039548099178,1.1439453621091578,2,Konservatif HNW (Grup 3),225000,128.0,3.64,69.84
-0.9711201966965866,-0.18737582858027277,1,Peminjam Agresif (Grup 2),175000,40.0,5.5,63.818
0.11557693623874059,-0.15348729231121597,2,Konservatif HNW (Grup 3),415000,183.0,4.375,85.0
-1.0656421258179896,0.0741194228097668,2,Konservatif HNW (Grup 3),25000,99.0,4.99,71.17
0.4388346588637286,1.3324321452040524,2,Konservatif HNW (Grup 3),255000,299.0,3.99,48.981
0.14515333352416243,0.5500490541384292,2,Konservatif HNW (Grup 3),365000,90.0,2.99,88.0
0.8528330585619155,-0.21662009912477892,2,Konservatif HNW (Grup 3),565000,215.0,4.375,96.5
-0.913107608801134,-0.8019419119278401,1,Peminjam Agresif (Grup 2),45000,154.0,5.74,84.991
-0.4827105625000309,-0.9082611007557665,1,Peminjam Agresif (Grup 2),185000,125.0,6.0,80.0
-1.329576886717229,0.33549707967818976,2,Konservatif HNW (Grup 3),55000,51.0,4.55,80.0
-0.35986078318591874,-0.1937346936858583,2,Konservatif HNW (Grup 3),255000,98.0,4.875,83.216
0.8767130856170047,-0.985795726132163,1,Peminjam Agresif (Grup 2),635000,169.0,5.125,100.0
0.26667670867626625,0.48686747278058284,1,Peminjam Agresif (Grup 2),335000,117.0,3.375,69.0
-1.2513809886466116,-0.038510671223873874,2,Konservatif HNW (Grup 3),175000,41.0,5.99,63.88
-0.5382302553887687,1.8689813115125296,2,Konservatif HNW (Grup 3),95000,37.0,2.0,43.498
-1.149511837935185,-1.7949328836667073,1,Peminjam Agresif (Grup 2),35000,62.0,7.75,87.055
0.16498180845157226,0.7905788622237554,2,Konservatif HNW (Grup 3),265000,157.0,2.375,76.522
1.2053831514592308,-1.4876952083218935,1,Peminjam Agresif (Grup 2),555000,215.0,6.25,85.0
-0.3453800633853576,0.7102890585540957,2,Konservatif HNW (Grup 3),5000,65.0,0.0,100.136
0.31951786883215594,-0.5480810212196313,1,Peminjam Agresif (Grup 2),435000,61.0,4.25,80.374
0.4633189326934979,0.9031792905352104,2,Konservatif HNW (Grup 3),255000,246.0,5.75,45.453
0.3216495693313592,-1.243898564577782,1,Peminjam Agresif (Grup 2),355000,509.0,6.125,75.0
-0.5438469327537973,1.3672283050308285,2,Konservatif HNW (Grup 3),95000,128.0,3.49,61.984
-0.32168972031363935,1.1561675160687332,2,Konservatif HNW (Grup 3),215000,70.0,2.99,48.0
0.09916225863839745,-0.8199317072608925,1,Peminjam Agresif (Grup 2),305000,108.0,5.25,80.0
-0.9762230784573944,0.11791217051635398,2,Konservatif HNW (Grup 3),155000,66.0,4.125,75.0
1.3099775757340737,-0.4825991852034117,1,Peminjam Agresif (Grup 2),645000,271.0,3.875,83.628
0.17462276039971614,-0.7082958583897305,1,Peminjam Agresif (Grup 2),405000,86.0,4.25,74.723
0.26406709150372615,0.4703972832494264,2,Konservatif HNW (Grup 3),305000,303.0,5.0,66.374
-0.23645723156698562,-0.46211741217953234,2,Konservatif HNW (Grup 3),365000,144.0,5.5,85.0
-0.2286386495033135,-1.1413323484948688,1,Peminjam Agresif (Grup 2),405000,203.0,3.25,96.35
0.8358856908423895,-0.9419815484426973,1,Peminjam Agresif (Grup 2),615000,146.0,3.75,95.0
0.29026681403523164,-0.3010094967618938,1,Peminjam Agresif (Grup 2),425000,93.0,3.5,80.0
-1.4889128994767842,1.2587998549491815,2,Konservatif HNW (Grup 3),25000,56.0,6.75,7.46
1.1826259457586066,1.5205871956459303,1,Peminjam Agresif (Grup 2),125000,250.0,4.14,32.63
-1.3817034751013912,-0.4812803901456484,2,Konservatif HNW (Grup 3),145000,51.0,5.5,95.0
-0.8842349707162638,1.7180586562570406,2,Konservatif HNW (Grup 3),115000,60.0,4.75,44.0
-0.793794782489997,-0.8143985412779646,1,Peminjam Agresif (Grup 2),235000,42.0,4.538,96.465
-0.3753521650853844,1.1947310813786063,2,Konservatif HNW (Grup 3),125000,50.0,3.5,50.0
0.29447515677066144,0.0985260116349896,1,Peminjam Agresif (Grup 2),25000,181.0,5.375,54.78
-0.9234956141521626,0.7841408618177305,2,Konservatif HNW (Grup 3),265000,46.0,4.25,71.277
0.8584213631502974,1.86579010329568,2,Konservatif HNW (Grup 3),255000,250.0,2.74,67.83
-0.7154611278803025,-1.848792383813548,1,Peminjam Agresif (Grup 2),55000,145.0,7.85,86.607
0.5861036739477898,0.5917739996129943,1,Peminjam Agresif (Grup 2),355000,99.0,3.99,48.143
-0.010248011232823177,-1.2912083672443504,1,Peminjam Agresif (Grup 2),575000,180.0,6.25,90.44
0.1570532422274627,-1.2927034135658242,1,Peminjam Agresif (Grup 2),275000,59.0,4.375,95.0
-0.9954331780175333,0.7241255473611401,2,Konservatif HNW (Grup 3),215000,90.0,5.875,50.0
-0.8628324761598838,-0.48249799595527676,2,Konservatif HNW (Grup 3),465000,117.0,3.875,95.0
1.40890247696352,0.8708722472154619,1,Peminjam Agresif (Grup 2),475000,312.0,4.85,43.18
-0.8106442294344042,-1.1731390242393749,1,Peminjam Agresif (Grup 2),145000,98.0,6.0,96.5
-1.1553152194241496,-1.1645400133581325,2,Konservatif HNW (Grup 3),235000,79.0,6.25,95.0
-0.12210243105819707,0.6975598189049278,1,Peminjam Agresif (Grup 2),175000,103.0,4.0,53.125
5.473090064890788,0.7889465712233364,0,Kelas Menengah (Grup 1),2005000,433.0,3.2,51.95
2.3563940326394315,-1.6343498129658698,1,Peminjam Agresif (Grup 2),975000,151.0,4.875,90.0
-1.372053896699261,-0.08609362683573633,2,Konservatif HNW (Grup 3),95000,55.0,6.0,70.47
-1.1820477331101216,-0.49491852476711873,2,Konservatif HNW (Grup 3),335000,75.0,4.875,95.0
-0.9714991268515314,1.6273318932962915,2,Konservatif HNW (Grup 3),125000,25.0,3.625,44.0
-1.7386991424627507,-0.5317682359087401,2,Konservatif HNW (Grup 3),35000,40.0,8.0,64.85
2.3674649795908125,2.8993929274246786,0,Kelas Menengah (Grup 1),755000,312.0,3.05,14.48
0.03343748715435711,-0.4680600414523685,1,Peminjam Agresif (Grup 2),325000,87.0,4.75,80.0
-1.5883442892743036,0.14158231177034733,2,Konservatif HNW (Grup 3),85000,0.0,5.5,80.0
-0.7970534155655068,1.4641433937667612,2,Konservatif HNW (Grup 3),65000,91.0,3.625,52.174
0.24666753987836998,-1.2433647716801417,1,Peminjam Agresif (Grup 2),415000,84.0,4.75,96.5
-0.6488821376991915,-0.16710515925619993,2,Konservatif HNW (Grup 3),305000,58.0,4.375,76.41
3.3323022635639545,1.0670083168459592,0,Kelas Menengah (Grup 1),255000,829.0,4.74,66.216
1.0237570938524299,2.550237831127684,2,Konservatif HNW (Grup 3),135000,325.0,3.03,30.806
-0.3266291941927465,1.447245588446404,2,Konservatif HNW (Grup 3),105000,87.0,4.74,55.23
-1.0570431100136146,1.4672262455405132,2,Konservatif HNW (Grup 3),105000,59.0,5.25,41.67
-0.17688285445816504,0.1439380993813177,2,Konservatif HNW (Grup 3),345000,98.0,3.25,80.0
1.189297964337534,-1.5227622726842014,1,Peminjam Agresif (Grup 2),515000,183.0,4.625,100.0
0.5786397937163483,-0.16240114074150847,1,Peminjam Agresif (Grup 2),305000,107.0,4.5,72.771
0.09694952130724105,2.209159575545013,2,Konservatif HNW (Grup 3),135000,200.0,3.25,27.604
0.34148102306880757,0.16254632285755943,1,Peminjam Agresif (Grup 2),285000,105.0,3.25,80.0
2.0222380625107657,-0.8762079925474088,1,Peminjam Agresif (Grup 2),765000,162.0,3.375,100.0
-0.9661327925198366,0.2873627359396364,2,Konservatif HNW (Grup 3),75000,37.0,3.5,97.0
-0.9189451570769562,0.9923912739247177,2,Konservatif HNW (Grup 3),115000,72.0,3.75,65.257
1.342567450213227,-0.624886632631366,1,Peminjam Agresif (Grup 2),435000,188.0,4.89,80.0
-0.26748235612318416,2.6371527086809246,2,Konservatif HNW (Grup 3),305000,128.0,2.125,30.6
-0.7055817429346128,-0.6683662203580861,1,Peminjam Agresif (Grup 2),275000,64.0,4.5,90.772
1.1022000987430332,-1.8019898058175854,1,Peminjam Agresif (Grup 2),425000,199.0,6.5,93.484
0.2220005995257878,1.3854989473637036,2,Konservatif HNW (Grup 3),255000,79.0,3.75,41.118
-0.14012662985345836,-0.2933633428091881,1,Peminjam Agresif (Grup 2),205000,77.0,3.25,90.0
0.03088825376665842,-1.905686144854892,1,Peminjam Agresif (Grup 2),445000,104.0,6.5,95.0
-0.5034017286713672,-1.1866578503281489,1,Peminjam Agresif (Grup 2),285000,93.0,6.625,80.0
-1.5454827293337907,-0.38636174066872536,2,Konservatif HNW (Grup 3),55000,81.0,6.0,80.0
0.38847895934511123,-1.8400468810851867,1,Peminjam Agresif (Grup 2),575000,150.0,6.875,95.0
0.14008779853163633,1.018800758621445,1,Peminjam Agresif (Grup 2),225000,109.0,4.25,42.0
-0.9043126116352009,1.2811456808753183,2,Konservatif HNW (Grup 3),55000,250.0,3.875,61.37
0.4279163697008191,-1.2694096571095725,1,Peminjam Agresif (Grup 2),255000,169.0,6.74,79.999
-1.141134391339545,-0.6776689833387932,2,Konservatif HNW (Grup 3),165000,46.0,5.0,93.023
-0.44062679340745753,-0.6390310663923678,1,Peminjam Agresif (Grup 2),75000,109.0,5.54,75.654
-0.29010803002484525,1.0536653268016383,2,Konservatif HNW (Grup 3),255000,75.0,4.25,75.0
-0.9402160162275581,-1.0736405388674624,2,Konservatif HNW (Grup 3),365000,87.0,6.875,95.0
-0.6191052611337164,0.7706383241485619,2,Konservatif HNW (Grup 3),105000,124.0,3.99,60.0
-0.12637927456377143,0.056978176942107245,1,Peminjam Agresif (Grup 2),165000,86.0,4.24,68.675
-0.5110499427497356,1.317392405183621,2,Konservatif HNW (Grup 3),65000,112.0,1.99,62.85
-0.627098918852881,-0.25801163157847434,2,Konservatif HNW (Grup 3),215000,62.0,5.625,80.0
1.900568818636596,-0.7789817787998345,1,Peminjam Agresif (Grup 2),955000,162.0,5.375,66.2
-0.7199776222173683,0.4099339737054635,2,Konservatif HNW (Grup 3),155000,47.0,5.25,66.0
-0.906718801614672,1.6285491677450068,2,Konservatif HNW (Grup 3),5000,72.0,0.0,101.555
0.6942062709062442,-0.4417639778767614,1,Peminjam Agresif (Grup 2),535000,179.0,4.25,81.0
1.2125320783392117,-0.5082824504627291,1,Peminjam Agresif (Grup 2),415000,117.0,3.99,84.95
-0.8932345318577398,-0.5010534799456166,1,Peminjam Agresif (Grup 2),145000,47.0,4.75,66.0
-0.1330994739341311,0.08803328077261283,2,Konservatif HNW (Grup 3),325000,196.0,6.25,61.148
-0.13038085002926617,1.5581310639584152,2,Konservatif HNW (Grup 3),175000,79.0,2.99,62.0
1.4711517772231657,3.036487856669902,2,Konservatif HNW (Grup 3),255000,245.0,3.49,12.5
-0.4145414652108618,-0.4513745822542344,1,Peminjam Agresif (Grup 2),215000,120.0,5.125,75.0
0.17320463229642746,-0.2373449284348713,1,Peminjam Agresif (Grup 2),285000,84.0,3.875,90.0
0.37292432600933895,-0.7866275886728686,1,Peminjam Agresif (Grup 2),475000,195.0,5.875,90.0
-0.13477173624897232,0.07401395251132313,2,Konservatif HNW (Grup 3),385000,106.0,4.375,67.19
-1.482928369948544,0.018302984241975902,2,Konservatif HNW (Grup 3),225000,73.0,4.625,96.5
-1.0733187375120754,-1.8195094322832015,1,Peminjam Agresif (Grup 2),35000,90.0,10.049,66.296
0.08616293288013516,-0.9020994882029136,1,Peminjam Agresif (Grup 2),295000,95.0,4.0,96.5
0.7523862905321297,-0.5450199298889072,1,Peminjam Agresif (Grup 2),365000,110.0,4.25,90.0
3.2911583187299134,1.2956124060333898,0,Kelas Menengah (Grup 1),785000,634.0,2.5,49.682
-0.18680136462347427,1.0967209112768905,1,Peminjam Agresif (Grup 2),175000,44.0,3.5,35.758
-0.1978019485488428,0.5245835354843169,2,Konservatif HNW (Grup 3),35000,121.0,3.0,79.907
-0.3985918379474752,-0.8255896683417764,1,Peminjam Agresif (Grup 2),225000,80.0,4.375,96.5
-0.40594949851675927,-0.5501414420559966,1,Peminjam Agresif (Grup 2),205000,153.0,5.0,80.0
-1.106218772950005,-0.8243498779264641,1,Peminjam Agresif (Grup 2),75000,97.0,6.75,80.0
0.4261123249834684,-0.8416229045206672,2,Konservatif HNW (Grup 3),715000,152.0,7.21,80.0
0.7153039098563375,-0.6428462390513278,1,Peminjam Agresif (Grup 2),415000,99.0,3.125,96.5
0.8328985201053509,-0.7466651955619839,1,Peminjam Agresif (Grup 2),545000,86.0,4.375,90.0
0.9206231375267355,0.7853961019641057,2,Konservatif HNW (Grup 3),505000,107.0,3.375,69.181
-0.38937671640121685,-0.7944101668024377,2,Konservatif HNW (Grup 3),385000,76.0,5.875,91.509
-0.8254080606573787,-1.71568069771791,1,Peminjam Agresif (Grup 2),95000,188.0,8.0,89.997
0.0074945435338847856,-0.25706731161154445,1,Peminjam Agresif (Grup 2),305000,121.0,2.75,96.5
-0.1851212695287493,1.2834095324027437,2,Konservatif HNW (Grup 3),215000,95.0,3.5,51.281
-1.5441984622604101,-0.3906623771636227,2,Konservatif HNW (Grup 3),185000,48.0,4.75,102.703
-0.7355930096545718,1.4538329216778663,2,Konservatif HNW (Grup 3),115000,58.0,3.0,67.273
-0.7032276543208397,-0.055878728615229634,2,Konservatif HNW (Grup 3),265000,150.0,5.99,60.0
0.25123006591549624,1.3662575807431807,2,Konservatif HNW (Grup 3),285000,129.0,2.75,54.8
-1.0472596207196643,-1.2616607517588387,1,Peminjam Agresif (Grup 2),125000,40.0,7.375,88.555
-0.9267478833651865,-1.2549870052428014,1,Peminjam Agresif (Grup 2),155000,100.0,5.875,75.0
-0.6295844966332796,-0.6949889146579528,2,Konservatif HNW (Grup 3),305000,96.0,5.5,87.649
1.6389818555211546,-1.2234712817709132,1,Peminjam Agresif (Grup 2),835000,250.0,4.375,100.0
-0.464916627959139,-0.49095559375082176,2,Konservatif HNW (Grup 3),285000,68.0,3.75,100.0
-0.5045314899521718,0.39475289130554103,2,Konservatif HNW (Grup 3),255000,156.0,3.75,75.0
-0.7189970980203159,-0.3283602138004951,2,Konservatif HNW (Grup 3),145000,42.0,4.375,100.941
0.5172759090087564,0.42580954112452596,1,Peminjam Agresif (Grup 2),345000,175.0,2.5,80.0
2.097302510963185,0.7467465377128129,0,Kelas Menengah (Grup 1),985000,254.0,3.125,69.0
-0.4225571365725698,-0.9672882543547162,1,Peminjam Agresif (Grup 2),155000,56.0,4.99,96.5
-0.5040938014965443,1.3177346770988096,2,Konservatif HNW (Grup 3),95000,107.0,3.25,65.217
-1.1568969514715954,-1.544924898475472,1,Peminjam Agresif (Grup 2),145000,77.0,6.625,100.0
-0.6274138228947079,-0.24770842167057824,1,Peminjam Agresif (Grup 2),75000,60.0,5.125,80.0
0.008601911864071493,1.144978271477283,2,Konservatif HNW (Grup 3),325000,145.0,3.875,59.259
0.9621320391272324,0.40196889924580986,2,Konservatif HNW (Grup 3),495000,287.0,5.25,57.647
-0.1939958493008916,-0.659396080319653,1,Peminjam Agresif (Grup 2),305000,55.0,3.25,95.0
-0.3326343967236035,-1.8264699622321707,1,Peminjam Agresif (Grup 2),345000,55.0,5.625,100.0
-1.5865550202362928,-0.672600311108649,2,Konservatif HNW (Grup 3),175000,43.0,5.625,105.0
-0.3093844386662934,0.8679741608480863,2,Konservatif HNW (Grup 3),5000,76.0,0.0,99.445
-1.8106103267071836,1.6853340775090133,2,Konservatif HNW (Grup 3),75000,63.0,7.375,17.575
-1.1158547437479784,-0.11393500705991537,2,Konservatif HNW (Grup 3),145000,65.0,3.875,88.79
0.2023184240092751,-1.0564103456013045,1,Peminjam Agresif (Grup 2),385000,155.0,5.375,95.0
-0.30203192559749636,-0.884595897280877,2,Konservatif HNW (Grup 3),515000,101.0,5.5,95.0
-1.5606508284989344,-0.9839213553741442,1,Peminjam Agresif (Grup 2),15000,31.0,5.75,70.285
-1.520328503809032,0.604628034075773,2,Konservatif HNW (Grup 3),45000,42.0,3.95,80.0
0.4679364461112559,-0.1297609847414891,1,Peminjam Agresif (Grup 2),345000,175.0,3.0,85.0
-1.7061219307464088,-1.0830164631247925,2,Konservatif HNW (Grup 3),115000,54.0,7.125,96.5
3.189120405460332,2.1582493522221156,0,Kelas Menengah (Grup 1),1105000,420.0,2.625,35.15
-0.03628434679714303,-0.47019917933376526,2,Konservatif HNW (Grup 3),475000,163.0,4.374,95.0
-0.7320296435118823,-0.3304314078780779,1,Peminjam Agresif (Grup 2),35000,83.0,5.5,76.17
-0.22117711841334203,0.7874221315522173,2,Konservatif HNW (Grup 3),225000,93.0,5.5,49.989
-1.0008402987852365,-1.0676409772980773,1,Peminjam Agresif (Grup 2),35000,87.0,8.24,73.9
-0.4499866786815444,0.7002258461046463,2,Konservatif HNW (Grup 3),55000,123.0,4.0,71.76
-0.5115906154535496,-1.1254645810832642,1,Peminjam Agresif (Grup 2),195000,41.0,4.75,100.0
0.018860489536486162,2.6406090915303677,2,Konservatif HNW (Grup 3),325000,110.0,2.75,37.65
2.66543810299154,0.47775598419042564,0,Kelas Menengah (Grup 1),925000,276.0,3.375,64.466
-1.5246398719548928,2.134971207720714,2,Konservatif HNW (Grup 3),25000,54.0,4.0,43.992
0.11758097846119199,0.48818176992029844,1,Peminjam Agresif (Grup 2),285000,65.0,2.999,64.09
-0.7933094327558317,0.5589223100665928,1,Peminjam Agresif (Grup 2),75000,44.0,5.24,46.4
-0.38367639146867416,-0.8219629957554303,1,Peminjam Agresif (Grup 2),205000,46.0,3.99,96.5
0.601070479411068,1.6448397445836704,2,Konservatif HNW (Grup 3),555000,181.0,3.375,51.306
-0.32372552321928233,1.9082483153934202,2,Konservatif HNW (Grup 3),155000,28.0,2.75,39.221
0.33517103195295206,-0.883746008995903,1,Peminjam Agresif (Grup 2),255000,128.0,3.25,94.44
-0.30739677404557936,3.1482509252136093,2,Konservatif HNW (Grup 3),85000,78.0,3.25,9.322
2.264142236987146,-0.6815608389209007,1,Peminjam Agresif (Grup 2),925000,242.0,5.5,64.912
-0.7831388523855219,0.25887908188688774,2,Konservatif HNW (Grup 3),265000,60.0,3.625,81.538
0.7057549620941022,-0.7674131140355339,1,Peminjam Agresif (Grup 2),495000,114.0,4.25,90.0
0.8907233128437,-0.7180302532941331,1,Peminjam Agresif (Grup 2),415000,305.0,3.25,95.814
-0.08870010623970538,-0.4637825741445298,1,Peminjam Agresif (Grup 2),275000,52.0,3.44,95.0
0.15809509687987658,-0.2207485818439827,1,Peminjam Agresif (Grup 2),265000,158.0,4.0,80.0
0.6009223911227491,-0.8223078772345864,1,Peminjam Agresif (Grup 2),255000,173.0,5.125,95.0
-0.3421701479804773,-1.180685556287867,1,Peminjam Agresif (Grup 2),355000,75.0,5.75,100.0
-0.6851973622272461,-1.0447977420693588,1,Peminjam Agresif (Grup 2),165000,66.0,5.125,101.01
-0.9353152337377016,1.1846614550068477,2,Konservatif HNW (Grup 3),45000,71.0,5.99,32.0
0.21596661800877026,0.1054762710501414,1,Peminjam Agresif (Grup 2),335000,127.0,4.75,62.06
0.17551031067649847,-0.8619305901064653,1,Peminjam Agresif (Grup 2),415000,169.0,5.25,95.0
-0.9216326009408855,3.0722163180278854,2,Konservatif HNW (Grup 3),105000,41.0,2.99,22.0
0.6510489601330774,-0.22651476261190753,1,Peminjam Agresif (Grup 2),315000,126.0,3.5,96.5
2.299127103210473,-0.00801527689511724,0,Kelas Menengah (Grup 1),865000,344.0,3.875,80.0
-0.29225950371583126,-0.47708867504767805,2,Konservatif HNW (Grup 3),375000,121.0,4.375,97.0
-0.8731847157974086,-0.7398896942283202,2,Konservatif HNW (Grup 3),115000,34.0,5.5,96.7247
-0.6692087901699969,-1.122595312838112,1,Peminjam Agresif (Grup 2),335000,70.0,4.625,97.0
1.2663818492512169,0.16505021280326176,1,Peminjam Agresif (Grup 2),725000,150.0,4.508,70.297
-0.4338563738095625,1.0996085332460392,2,Konservatif HNW (Grup 3),205000,87.0,3.5,66.512
1.6974402170920417,-0.6339937616041966,1,Peminjam Agresif (Grup 2),365000,210.0,5.125,80.0
-0.6969886617742498,-1.2784420988438385,1,Peminjam Agresif (Grup 2),135000,74.0,5.75,101.01
0.6149062279888653,-1.391174845440269,1,Peminjam Agresif (Grup 2),905000,158.0,4.75,75.0
-1.466019379438738,1.3371022108962731,2,Konservatif HNW (Grup 3),55000,33.0,5.625,43.22
-1.7869911906556677,-2.049991608740174,2,Konservatif HNW (Grup 3),55000,196.0,11.74,81.083
-0.6308191923640519,1.0220300611310746,2,Konservatif HNW (Grup 3),175000,36.0,4.49,43.0
-1.1087820756290274,0.34057507466000986,2,Konservatif HNW (Grup 3),125000,72.0,5.0,80.0
0.13700050268385205,-0.345460381774873,1,Peminjam Agresif (Grup 2),175000,150.0,4.11,84.76
-0.7992457254455435,1.1789996757366428,2,Konservatif HNW (Grup 3),135000,95.0,4.25,46.128
-0.4625088592815428,-1.0388964084704164,1,Peminjam Agresif (Grup 2),155000,158.0,6.25,66.73
1.3944057749321992,-0.7118388768387751,1,Peminjam Agresif (Grup 2),195000,594.0,4.45,90.0
-0.5001135418133003,-0.6498584562706691,1,Peminjam Agresif (Grup 2),145000,103.0,5.0,96.98
-0.8614314073645681,-0.8532814813860533,2,Konservatif HNW (Grup 3),245000,79.0,4.75,96.5
-1.9512255170204023,-1.739964416888432,1,Peminjam Agresif (Grup 2),75000,45.0,9.625,75.234
-0.049531273952828955,-0.5846290179169356,2,Konservatif HNW (Grup 3),385000,133.0,5.25,88.59
-0.02913803246068837,1.4763542969639893,2,Konservatif HNW (Grup 3),95000,126.0,3.74,52.604
-0.6279852213511874,0.31362035166495356,2,Konservatif HNW (Grup 3),275000,60.0,3.99,69.27
-0.5217854144690628,2.384619325135862,2,Konservatif HNW (Grup 3),45000,40.0,3.75,15.57
-0.35720079287921597,-1.1797282859574758,1,Peminjam Agresif (Grup 2),395000,86.0,5.625,97.0
4.782584254905995,-0.510797597117527,0,Kelas Menengah (Grup 1),1385000,375.0,4.125,80.0
1.3458835429438671,2.465074178352142,2,Konservatif HNW (Grup 3),325000,262.0,2.99,32.492
-0.26273319537798795,-0.492080811671933,2,Konservatif HNW (Grup 3),365000,88.0,4.25,94.737
0.6167210677720844,0.2972777791668314,1,Peminjam Agresif (Grup 2),515000,128.0,3.75,60.0
0.21220021002472012,-1.0161871599532324,1,Peminjam Agresif (Grup 2),345000,193.0,5.875,93.911
0.537875416142298,1.1955287702453647,2,Konservatif HNW (Grup 3),225000,223.0,2.99,64.805
1.3258877494867376,-0.003734777617156253,1,Peminjam Agresif (Grup 2),365000,163.0,3.25,75.0
-0.0004765186431281867,-0.850126585765773,1,Peminjam Agresif (Grup 2),155000,255.0,7.25,80.073
-1.5067604576799865,-1.8685438134369385,1,Peminjam Agresif (Grup 2),5000,64.0,7.625,101.3259
-0.0704474180279124,1.3713670466488033,2,Konservatif HNW (Grup 3),155000,101.0,2.735,53.57
-1.432449352729509,-0.4392884166148785,2,Konservatif HNW (Grup 3),195000,54.0,5.5,97.0
-1.0045020716574518,-1.1278901064430953,1,Peminjam Agresif (Grup 2),55000,185.0,7.75,77.57
-0.28483806662310723,0.11149737712334513,2,Konservatif HNW (Grup 3),355000,124.0,6.61,56.0
-0.1128249694518301,4.2446251315423895,2,Konservatif HNW (Grup 3),15000,108.0,0.0,3.927
0.15384952194801213,-1.131270590272267,1,Peminjam Agresif (Grup 2),455000,141.0,3.875,100.0
0.46903423176093834,-0.7466164156568053,1,Peminjam Agresif (Grup 2),375000,119.0,5.875,69.067
0.3763263481297921,1.2777165832621602,1,Peminjam Agresif (Grup 2),55000,157.0,3.5,39.245
-1.508100127262678,1.6982584283154627,2,Konservatif HNW (Grup 3),65000,60.0,5.49,30.303
11.002767254817492,1.1319448579849163,0,Kelas Menengah (Grup 1),1755000,2106.0,2.375,43.805
-1.2501060573529215,-0.29686537642685795,2,Konservatif HNW (Grup 3),15000,50.0,4.7,85.0
0.9622461296301076,-0.8893573363790123,1,Peminjam Agresif (Grup 2),275000,65.0,3.5,97.0
-1.4935838266613328,-0.274584397054944,2,Konservatif HNW (Grup 3),45000,13.0,5.5,80.0
-0.1511859068518575,-0.15766556792849334,2,Konservatif HNW (Grup 3),265000,91.0,3.25,100.0
-0.4268579276914796,1.0611664860939003,2,Konservatif HNW (Grup 3),275000,56.0,5.25,47.01
-0.9637490465837647,-0.7477052627776902,2,Konservatif HNW (Grup 3),215000,146.0,5.5,79.634
0.97401351145952,-0.9264895527939131,1,Peminjam Agresif (Grup 2),515000,136.0,3.875,95.0
2.148516186174385,-1.2617887728926487,1,Peminjam Agresif (Grup 2),485000,186.0,5.875,95.0
0.43576876214247434,1.3650845169608183,1,Peminjam Agresif (Grup 2),95000,296.0,5.35,23.539
1.3377547456873768,-1.3571955143048073,1,Peminjam Agresif (Grup 2),525000,271.0,6.625,80.0
-0.8259479335091751,-0.5408145030073492,2,Konservatif HNW (Grup 3),245000,73.0,5.875,80.0
-0.9548967991439956,0.9260965843221328,2,Konservatif HNW (Grup 3),145000,60.0,2.75,80.0
-0.795679926750066,-0.5982938905512835,2,Konservatif HNW (Grup 3),95000,97.0,5.64,87.7
0.21461942394318495,-1.308921672010209,1,Peminjam Agresif (Grup 2),455000,77.0,5.125,89.51
-0.16461277504896546,1.2803654176059347,1,Peminjam Agresif (Grup 2),55000,114.0,4.75,33.438
-0.9479725192693783,0.5983023457314495,1,Peminjam Agresif (Grup 2),75000,61.0,6.875,14.822
-0.9863160894792985,0.16221466240814003,2,Konservatif HNW (Grup 3),165000,53.0,4.125,79.47
1.7401210854351885,-0.22059095396113765,1,Peminjam Agresif (Grup 2),905000,267.0,4.25,80.0
-0.5716961193838526,-2.510915563162131,1,Peminjam Agresif (Grup 2),265000,177.0,9.75,80.0
-0.2545411936319228,-1.4472609721384484,1,Peminjam Agresif (Grup 2),325000,111.0,6.5,90.0
0.7798291729852482,-1.852789721900477,1,Peminjam Agresif (Grup 2),355000,176.0,5.75,96.5
0.4227250897669937,-0.3757467863368099,1,Peminjam Agresif (Grup 2),485000,149.0,5.0,80.0
-0.9119649130026548,-0.39954000165558706,2,Konservatif HNW (Grup 3),85000,119.0,4.99,90.0
0.5703015831045948,0.26757015673776746,1,Peminjam Agresif (Grup 2),445000,82.0,3.625,76.068
-0.07153504779144731,0.36872831491122726,1,Peminjam Agresif (Grup 2),235000,74.0,3.99,59.89
-0.7466247108581144,-0.2159744948506118,2,Konservatif HNW (Grup 3),225000,50.0,3.625,97.0
1.726507309259335,-0.39830220102487673,1,Peminjam Agresif (Grup 2),365000,61.0,2.99,90.0
0.30766882126024003,1.4786177933553655,2,Konservatif HNW (Grup 3),385000,112.0,3.125,50.0
0.7951248411124796,-0.30431870901877073,1,Peminjam Agresif (Grup 2),425000,183.0,3.875,84.091
-0.08795518514944817,0.907246699697748,1,Peminjam Agresif (Grup 2),175000,79.0,3.125,57.733
-0.540012854217004,3.078982458876565,2,Konservatif HNW (Grup 3),15000,50.0,2.75,10.458
-0.9288786423433487,0.20085825909459595,2,Konservatif HNW (Grup 3),165000,203.0,6.0,75.0
0.09864507321650325,-1.3308559717675519,1,Peminjam Agresif (Grup 2),435000,97.0,4.75,96.5
0.22640186532223908,-0.5118426078196203,1,Peminjam Agresif (Grup 2),345000,102.0,3.25,95.0
-1.002675666396032,-0.8471689776267,1,Peminjam Agresif (Grup 2),245000,0.0,6.5,80.0
-0.2706608047370553,-0.9291814960712548,1,Peminjam Agresif (Grup 2),205000,103.0,5.99,80.0
-1.1317683935355987,-0.3605766503945378,1,Peminjam Agresif (Grup 2),305000,56.0,5.375,49.0
1.1422432155198703,-0.7552076365542442,1,Peminjam Agresif (Grup 2),325000,350.0,3.75,92.808
0.6087618843318859,-1.871290343838532,1,Peminjam Agresif (Grup 2),425000,129.0,6.125,95.0
1.8983089410690228,2.3575270323001605,2,Konservatif HNW (Grup 3),395000,391.0,2.6,21.644
-0.2786522712243913,-1.1756773633105506,1,Peminjam Agresif (Grup 2),125000,167.0,5.64,89.636
0.6611636272970792,2.3248095354729874,2,Konservatif HNW (Grup 3),275000,126.0,2.25,34.37
0.09196096300450812,0.10983889481360992,2,Konservatif HNW (Grup 3),265000,116.0,3.875,92.945
-0.592354365900469,-0.7193324958026631,2,Konservatif HNW (Grup 3),415000,160.0,4.875,95.0
7.3092109221523005,-1.0195801421149122,0,Kelas Menengah (Grup 1),2725000,691.0,4.625,80.0
-0.5784568447481737,-1.7756433087906398,1,Peminjam Agresif (Grup 2),285000,89.0,6.99,95.0
0.60937784097088,-0.6414928259007274,1,Peminjam Agresif (Grup 2),225000,459.0,5.0,90.0
1.8112198602702252,0.8732208501123176,1,Peminjam Agresif (Grup 2),205000,351.0,4.99,51.948
-0.44716711178410656,-0.1473031695175275,1,Peminjam Agresif (Grup 2),35000,214.0,5.99,61.006
0.33861672974757373,-1.4240884438492307,1,Peminjam Agresif (Grup 2),365000,118.0,7.1,80.0
0.3266298367273293,-0.35985052006567986,1,Peminjam Agresif (Grup 2),55000,184.0,5.0,80.0
0.21537818757298038,-0.40828995685381286,1,Peminjam Agresif (Grup 2),245000,111.0,4.75,78.176
-0.28913341213751786,-1.034867313475624,1,Peminjam Agresif (Grup 2),175000,175.0,6.5,85.0
-0.43408178259852664,1.4407957474526203,2,Konservatif HNW (Grup 3),25000,65.0,0.0,78.4483
-0.26912230931235104,-0.27375768754621777,2,Konservatif HNW (Grup 3),325000,96.0,4.75,80.0
-0.1455765875755029,1.6884935137946084,2,Konservatif HNW (Grup 3),225000,145.0,3.25,49.247
-0.1849829918695603,0.32968978054685044,2,Konservatif HNW (Grup 3),395000,111.0,5.125,72.407
0.30660800517288245,0.013153558558640852,1,Peminjam Agresif (Grup 2),305000,127.0,3.375,79.789
2.1167392285509927,0.8191230699053206,1,Peminjam Agresif (Grup 2),735000,251.0,3.0,60.0
-0.8735636638717512,-1.8776698167814028,1,Peminjam Agresif (Grup 2),215000,87.0,6.463,97.0
-1.0259923920987704,0.9448465446964495,2,Konservatif HNW (Grup 3),55000,104.0,3.99,69.926
-0.9722565517821498,-0.32943484088123176,2,Konservatif HNW (Grup 3),225000,51.0,5.0,95.0
-0.23726789050868505,2.845731616569959,2,Konservatif HNW (Grup 3),55000,30.0,2.49,11.19
-0.5527284029108744,-0.2651631440744816,1,Peminjam Agresif (Grup 2),95000,70.0,2.99,79.739
-0.9285998517196082,-0.8337365775327895,2,Konservatif HNW (Grup 3),305000,86.0,5.125,98.189
-0.4267251485926632,1.0966706558643948,2,Konservatif HNW (Grup 3),235000,48.0,3.25,69.697
0.4127104598898307,0.018010657777972342,1,Peminjam Agresif (Grup 2),45000,231.0,2.99,86.047
0.1788383237446197,0.8615252566098267,1,Peminjam Agresif (Grup 2),125000,125.0,4.375,47.059
-0.20405280988320834,-0.8339010258292736,1,Peminjam Agresif (Grup 2),75000,159.0,5.74,79.708
1.552271356201068,1.2631582340162941,2,Konservatif HNW (Grup 3),135000,259.0,2.74,84.89
-0.805072956241676,-0.2014046243164431,2,Konservatif HNW (Grup 3),255000,131.0,3.99,95.0
-0.5773963778087231,0.8836619912790876,2,Konservatif HNW (Grup 3),15000,60.0,0.0,101.85
-0.14337205940171835,0.21995228915191503,1,Peminjam Agresif (Grup 2),315000,72.0,3.875,69.518
-0.6225222574765742,0.3589499231879012,2,Konservatif HNW (Grup 3),95000,28.0,3.75,80.0
1.6451323273596972,0.8755179692378895,1,Peminjam Agresif (Grup 2),645000,381.0,4.874,28.324
0.5617574093533365,1.4517491013010912,2,Konservatif HNW (Grup 3),365000,89.0,2.875,52.143
-0.6010656470437232,0.8941991229212186,2,Konservatif HNW (Grup 3),75000,43.0,2.75,67.0
-1.33875819772569,-0.9794205688940805,1,Peminjam Agresif (Grup 2),95000,24.0,6.5,80.0
-0.9522094959068022,1.5045416927889468,2,Konservatif HNW (Grup 3),145000,55.0,3.75,55.504
0.6152107318349274,0.8583612250253047,1,Peminjam Agresif (Grup 2),205000,70.0,4.375,50.0
-0.5715932296715732,1.5767246535398043,2,Konservatif HNW (Grup 3),85000,21.0,3.124,41.36
-0.7444234500262674,-0.4502576582293009,1,Peminjam Agresif (Grup 2),45000,52.0,4.25,73.447
2.2640404614831287,-0.4903704005144017,1,Peminjam Agresif (Grup 2),905000,260.0,6.25,60.0
1.7274069114175974,-0.9859203961676856,1,Peminjam Agresif (Grup 2),705000,224.0,3.75,100.0
-0.26881481580335326,0.05810704270789661,1,Peminjam Agresif (Grup 2),105000,91.0,5.5,65.531
0.26442143353449676,-0.16083085825072824,1,Peminjam Agresif (Grup 2),265000,73.0,4.75,80.0
-0.4088298103754893,-0.43668851065645997,1,Peminjam Agresif (Grup 2),105000,188.0,6.0,77.64
-0.4617049913453239,-1.3806495088386534,1,Peminjam Agresif (Grup 2),295000,77.0,5.5,97.0
0.3729225585025019,-0.41943786688993073,1,Peminjam Agresif (Grup 2),555000,98.0,4.707,84.73
-0.23785302932360805,-0.5074147753827349,1,Peminjam Agresif (Grup 2),175000,233.0,4.5,81.94
-0.22800650689323668,-0.24828771895519786,1,Peminjam Agresif (Grup 2),215000,141.0,5.95,74.05
0.6640849261539252,-0.24828430558493814,1,Peminjam Agresif (Grup 2),305000,286.0,7.09,47.531
-0.5188742427042543,0.5906405936516145,2,Konservatif HNW (Grup 3),55000,197.0,6.5,55.978
-0.14602481561472405,2.892237422481122,2,Konservatif HNW (Grup 3),215000,144.0,3.375,16.77
-0.08050006228230226,0.23598108257340286,2,Konservatif HNW (Grup 3),215000,93.0,3.69,81.731
-0.3764385933071768,0.10758739472614547,2,Konservatif HNW (Grup 3),105000,150.0,4.9,77.684
-0.4119050938416029,-1.0293348774164464,1,Peminjam Agresif (Grup 2),55000,115.0,7.375,79.295
0.19408876506118244,-0.02733177847005823,1,Peminjam Agresif (Grup 2),335000,59.0,3.875,85.0
-0.1977239025994404,0.8189174918029168,2,Konservatif HNW (Grup 3),265000,80.0,4.5,57.456
-1.0488905016213215,-0.9054418318006825,1,Peminjam Agresif (Grup 2),135000,35.0,5.25,97.0
-1.265013004500758,-1.1584908158606846,1,Peminjam Agresif (Grup 2),155000,61.0,5.5,96.0
0.13164000026326658,-0.1996013445505615,1,Peminjam Agresif (Grup 2),205000,114.0,3.375,74.0
-1.28279090173114,3.2906751020323424,2,Konservatif HNW (Grup 3),55000,42.0,4.125,5.68
1.3912916574619687,-0.7273765724702018,1,Peminjam Agresif (Grup 2),645000,183.0,3.125,99.976
0.6558811649131843,-1.5220251607893591,1,Peminjam Agresif (Grup 2),485000,238.0,5.625,100.0
0.9344241677500946,-1.259252178153662,1,Peminjam Agresif (Grup 2),695000,186.0,6.75,96.5
-0.46195757833045237,0.17635745867262242,2,Konservatif HNW (Grup 3),135000,146.0,3.99,80.0
-0.01153356598814064,-0.22784534785026916,1,Peminjam Agresif (Grup 2),75000,150.0,6.25,80.0
-0.45327137498862563,0.6754492500300122,2,Konservatif HNW (Grup 3),155000,55.0,4.5,54.27
-0.8086083576645979,-1.5895794576801334,1,Peminjam Agresif (Grup 2),15000,90.0,6.1,95.0
-0.9845680108503617,1.349493704325022,2,Konservatif HNW (Grup 3),75000,53.0,5.125,31.0
1.3194345292657506,2.734997782368845,2,Konservatif HNW (Grup 3),375000,194.0,2.125,17.442
0.036335680563725166,0.528871932233576,1,Peminjam Agresif (Grup 2),105000,91.0,3.24,67.04
0.23944126300790833,0.5631276169411215,2,Konservatif HNW (Grup 3),325000,248.0,3.875,78.469
-0.04290915692200752,-0.7325891588337573,1,Peminjam Agresif (Grup 2),425000,96.0,6.125,80.0
-0.6113793154811888,-0.7135713642241975,1,Peminjam Agresif (Grup 2),85000,35.0,4.875,95.0
0.47663037243115663,-0.3464517856733183,1,Peminjam Agresif (Grup 2),465000,139.0,4.25,79.31
-0.2673511729509227,-1.0642532764575703,1,Peminjam Agresif (Grup 2),465000,115.0,5.99,80.0
-0.06519994123513428,0.2466407100155484,2,Konservatif HNW (Grup 3),325000,209.0,3.75,80.0
-0.12671749792074377,0.3880318034055284,2,Konservatif HNW (Grup 3),225000,95.0,3.875,74.853
0.02573755466885442,-1.1522049232136022,1,Peminjam Agresif (Grup 2),335000,125.0,5.75,96.5
1.5096486649614766,-1.8365680044459956,1,Peminjam Agresif (Grup 2),675000,384.0,7.0,95.0
0.06214272907647929,-0.5363419250811234,1,Peminjam Agresif (Grup 2),245000,41.0,3.15,100.826
0.4103900500296943,-0.013335946453623288,1,Peminjam Agresif (Grup 2),375000,77.0,3.875,68.76
-0.2897354305495417,-0.05965294668412376,2,Konservatif HNW (Grup 3),375000,98.0,6.375,65.789
0.597152761719453,0.22903630594439126,2,Konservatif HNW (Grup 3),255000,238.0,3.25,89.95
-1.2397683051184947,-0.9028129949913253,2,Konservatif HNW (Grup 3),125000,63.0,6.125,90.0
-0.2834125363257577,-0.6066238976491161,2,Konservatif HNW (Grup 3),345000,116.0,4.875,95.0
-1.189310883056777,-1.266940979213378,2,Konservatif HNW (Grup 3),225000,128.0,8.24,79.953
0.07540705725316595,-1.2250877316296866,1,Peminjam Agresif (Grup 2),295000,87.0,4.5,96.5
-0.32477160528019827,-0.17384438794263046,1,Peminjam Agresif (Grup 2),55000,138.0,6.5,70.971
-0.4295386308842204,-0.14644645424006134,1,Peminjam Agresif (Grup 2),255000,39.0,3.375,80.0
-0.39180387402188555,-1.5104708373179394,1,Peminjam Agresif (Grup 2),305000,122.0,7.5,75.0
3.147156102312968,0.1274375554733525,0,Kelas Menengah (Grup 1),735000,293.0,3.25,80.0
-0.4973291623949332,-0.23315319641382085,2,Konservatif HNW (Grup 3),225000,104.0,4.3,89.286
0.1089638933797426,-1.0948252886856202,1,Peminjam Agresif (Grup 2),305000,104.0,4.99,96.5
0.6079218907178869,0.7984788955296199,2,Konservatif HNW (Grup 3),345000,119.0,4.59,76.454
0.12053903185676185,0.8129446916913242,2,Konservatif HNW (Grup 3),275000,182.0,5.375,40.0
0.16205130206550297,-0.8700386209234213,1,Peminjam Agresif (Grup 2),285000,95.0,3.5,100.0
3.409552724678904,-1.2211504228535686,0,Kelas Menengah (Grup 1),1125000,250.0,5.25,80.0
-1.1687775189208618,1.4454502818744663,2,Konservatif HNW (Grup 3),65000,22.0,6.125,26.0
-0.854427667802957,0.04170027478844561,2,Konservatif HNW (Grup 3),95000,40.0,3.75,90.0
-0.8728664869623978,-0.7353256229952679,2,Konservatif HNW (Grup 3),215000,51.0,5.5,95.0
-1.6309933724574157,0.3170223838317287,2,Konservatif HNW (Grup 3),205000,9.0,5.125,75.0
0.5904572190842189,-0.029764342743812514,1,Peminjam Agresif (Grup 2),465000,91.0,3.99,70.0
0.6693451594606592,-1.5108028253720471,1,Peminjam Agresif (Grup 2),95000,102.0,8.5,77.15
-0.5632015269445867,-0.46177685396615625,1,Peminjam Agresif (Grup 2),265000,60.0,5.875,70.0
-0.4575405670178118,-2.5661041461375325,1,Peminjam Agresif (Grup 2),105000,94.0,11.5,74.0
-0.11234904840009345,0.14773162141007115,2,Konservatif HNW (Grup 3),45000,100.0,4.64,92.895
-0.3733120368843937,1.2556295634329706,2,Konservatif HNW (Grup 3),215000,45.0,3.25,55.769
0.28921993336340424,1.5347501091336233,1,Peminjam Agresif (Grup 2),155000,117.0,4.875,23.262
12.029852536448498,0.7576482388144525,0,Kelas Menengah (Grup 1),2405000,2100.0,2.125,61.53
-0.6340965958661324,-0.7116727610451326,1,Peminjam Agresif (Grup 2),225000,59.0,5.875,80.0
0.7505900386967215,-1.519533552719968,1,Peminjam Agresif (Grup 2),375000,96.0,5.75,95.0
-0.4946584171013088,-0.7853187212274992,1,Peminjam Agresif (Grup 2),205000,79.0,2.125,100.0
0.9964151939676248,0.8330485477710166,1,Peminjam Agresif (Grup 2),375000,121.0,2.875,57.538
-0.8656806702236064,-1.3916820171241522,1,Peminjam Agresif (Grup 2),205000,85.0,6.625,85.0
-0.6364147411512939,0.5109492179910944,2,Konservatif HNW (Grup 3),215000,113.0,4.625,70.905
-0.8044541341000375,-0.8337337594067676,2,Konservatif HNW (Grup 3),345000,86.0,5.25,96.5
0.0267801047688872,-1.2596038118065633,1,Peminjam Agresif (Grup 2),435000,72.0,5.25,100.0
-0.8466384060537304,2.3370715078678956,2,Konservatif HNW (Grup 3),85000,64.0,2.99,27.0
-0.7727251894624144,1.4215841996006946,2,Konservatif HNW (Grup 3),125000,46.0,4.625,45.455
-0.22555515574151622,-3.7254357134414096,1,Peminjam Agresif (Grup 2),245000,214.0,5.4,174.214
1.025418305098954,-0.8559652830941363,1,Peminjam Agresif (Grup 2),575000,313.0,4.99,90.0
-0.6014120843094073,0.5055633049319552,2,Konservatif HNW (Grup 3),165000,108.0,4.375,70.898
-0.024634261242255796,1.3970819554664713,2,Konservatif HNW (Grup 3),235000,111.0,2.125,67.395
1.3876907939012162,-0.6212990268675612,1,Peminjam Agresif (Grup 2),435000,189.0,3.625,96.5
-0.643051271211171,0.9629794305359968,2,Konservatif HNW (Grup 3),105000,52.0,3.25,67.097
-0.4479615038522454,-0.9398528979193896,1,Peminjam Agresif (Grup 2),75000,80.0,6.49,76.274
-1.0672915648405312,-0.6508095386594018,2,Konservatif HNW (Grup 3),235000,68.0,4.625,95.0
1.1308031844083963,2.386064512299982,2,Konservatif HNW (Grup 3),255000,253.0,3.375,35.903
-0.9418012360482096,-2.4381595594794976,1,Peminjam Agresif (Grup 2),295000,83.0,6.75,96.5
-0.4629105969700249,0.4937668844862801,1,Peminjam Agresif (Grup 2),225000,63.0,5.25,42.565
-0.8018585345948066,-0.045758800414008066,2,Konservatif HNW (Grup 3),195000,37.0,5.11,79.0
-0.5339241270392716,0.4475425503063838,2,Konservatif HNW (Grup 3),175000,95.0,3.625,70.0
-0.5302872045808075,1.7865093073185032,2,Konservatif HNW (Grup 3),85000,44.0,3.25,50.0
-0.2082047341298111,-0.901724158835929,1,Peminjam Agresif (Grup 2),375000,101.0,5.25,91.951
-1.277312138542114,0.98933821752992,2,Konservatif HNW (Grup 3),45000,43.0,4.25,59.685
-0.5276629561546952,-1.6794339721545297,1,Peminjam Agresif (Grup 2),165000,80.0,7.125,96.5
-0.34338238351042855,-1.1358944244019462,1,Peminjam Agresif (Grup 2),305000,93.0,5.25,97.0
0.8185478215446563,-0.2794919753159984,1,Peminjam Agresif (Grup 2),365000,150.0,3.25,80.0
0.8460635496933226,1.5449811491936059,2,Konservatif HNW (Grup 3),225000,205.0,3.25,50.0
-0.29602615699104545,0.22746665150228762,1,Peminjam Agresif (Grup 2),255000,77.0,4.75,55.0
-1.6362450069947012,1.324226748117153,2,Konservatif HNW (Grup 3),35000,26.0,6.74,10.92
0.27665702081022125,0.5025297968511967,2,Konservatif HNW (Grup 3),395000,147.0,3.625,73.3
2.0364312846880486,-0.12399995147332452,1,Peminjam Agresif (Grup 2),825000,331.0,2.95,80.0
-0.3419728829159925,-1.3452045182894028,1,Peminjam Agresif (Grup 2),365000,83.0,5.75,90.0
2.406467171298502,0.006673544957378503,1,Peminjam Agresif (Grup 2),515000,108.0,3.99,80.0
0.8627690493071004,1.7139131803897325,2,Konservatif HNW (Grup 3),375000,173.0,3.84,48.387
0.6548569804370536,-0.18331285099114442,1,Peminjam Agresif (Grup 2),355000,191.0,3.375,97.0
-0.5600762926812688,0.3469584618850526,2,Konservatif HNW (Grup 3),95000,124.0,4.375,75.0
-0.4266869591440419,0.6435052121490101,2,Konservatif HNW (Grup 3),165000,60.0,2.875,80.0
-1.0080571505457105,0.39790814430941396,2,Konservatif HNW (Grup 3),65000,138.0,4.75,79.24
0.13195233022110223,-1.7005075059835884,1,Peminjam Agresif (Grup 2),475000,138.0,5.75,85.0
1.3241639867523145,-0.4859859177522719,1,Peminjam Agresif (Grup 2),555000,384.0,7.25,56.701
0.15312594086739573,-0.2366835055125131,1,Peminjam Agresif (Grup 2),205000,130.0,4.375,74.732
0.27198177888463815,-1.2774438956870713,1,Peminjam Agresif (Grup 2),195000,251.0,7.99,68.24
-0.7466027620326496,-2.324526693240911,1,Peminjam Agresif (Grup 2),75000,91.0,10.75,69.0
0.9661561581159148,0.11016487972868362,1,Peminjam Agresif (Grup 2),415000,73.0,4.0,65.079
1.2872166876937279,-1.1987027369102996,1,Peminjam Agresif (Grup 2),755000,182.0,4.25,90.0
-0.9364302521426513,-0.614899592823404,1,Peminjam Agresif (Grup 2),75000,79.0,6.49,78.006
0.2394710332965889,-0.8541969058135088,1,Peminjam Agresif (Grup 2),375000,127.0,6.125,70.0
0.14631886121643287,-2.008151189421408,1,Peminjam Agresif (Grup 2),375000,107.0,6.75,96.442
0.04692439126620029,-1.5965644721488346,1,Peminjam Agresif (Grup 2),295000,108.0,5.875,95.0
0.12226448965366082,0.37195053818645174,1,Peminjam Agresif (Grup 2),35000,66.0,3.0,86.349
2.6388580300264257,2.839388108049419,0,Kelas Menengah (Grup 1),605000,135.0,2.75,39.416
0.9813961342856652,2.116747332304134,2,Konservatif HNW (Grup 3),225000,334.0,1.49,55.831
0.15830881010703798,-0.7520024262969333,1,Peminjam Agresif (Grup 2),95000,144.0,4.84,82.41
0.09919486448257009,-0.8823401427884171,1,Peminjam Agresif (Grup 2),55000,289.0,6.49,84.368
2.7885542548174937,-0.7447184950995925,0,Kelas Menengah (Grup 1),705000,615.0,5.125,80.0
-1.261676189342819,-0.4945562722475066,2,Konservatif HNW (Grup 3),65000,58.0,6.375,75.0
-0.323661104153959,-0.23598916379865484,1,Peminjam Agresif (Grup 2),85000,39.0,4.375,95.0
-1.124715861149328,-0.41864553141456134,2,Konservatif HNW (Grup 3),165000,44.0,6.5,80.0
0.8724976625678442,-0.8770374956684966,1,Peminjam Agresif (Grup 2),555000,126.0,3.624,95.0
-0.8514557014038058,1.4190154506615478,2,Konservatif HNW (Grup 3),115000,52.0,3.0,56.0
-0.41825637483084616,-0.2005995804712733,2,Konservatif HNW (Grup 3),135000,232.0,5.125,80.0
0.18918077733046884,0.4101859618306553,1,Peminjam Agresif (Grup 2),245000,89.0,5.99,51.06
0.15727960485091066,-0.7855052005941873,1,Peminjam Agresif (Grup 2),445000,160.0,5.875,79.948
0.7535097756908533,-0.4864307051856073,1,Peminjam Agresif (Grup 2),315000,185.0,5.875,61.165
-0.12194295764574892,2.43990469891376,2,Konservatif HNW (Grup 3),85000,48.0,2.75,38.561
-0.23948190851167764,-0.9229100848709538,1,Peminjam Agresif (Grup 2),325000,160.0,8.5,51.538
1.2290307005561345,-0.9707745007728208,1,Peminjam Agresif (Grup 2),645000,401.0,4.375,73.13
-1.0344066683960282,-0.39016044722558185,2,Konservatif HNW (Grup 3),185000,51.0,4.125,96.5
-0.3581146231149531,-0.32552841644845565,2,Konservatif HNW (Grup 3),345000,79.0,4.875,83.99
-0.9353610487961439,-1.057375871507022,1,Peminjam Agresif (Grup 2),95000,76.0,5.0,90.0
1.2323461941362555,0.029373647404184296,2,Konservatif HNW (Grup 3),365000,578.0,5.375,80.0
-1.5313470907665294,-0.23533234024331134,2,Konservatif HNW (Grup 3),125000,42.0,4.5,95.0
0.5280679360097014,-0.9375379534427775,1,Peminjam Agresif (Grup 2),505000,130.0,4.99,91.0
-0.6850116589082094,1.5280969909876414,2,Konservatif HNW (Grup 3),35000,85.0,5.5,22.013
-0.39837468205167753,1.5827908746306998,2,Konservatif HNW (Grup 3),65000,80.0,5.0,26.369
-0.3798616701483205,1.2299147076883366,2,Konservatif HNW (Grup 3),255000,78.0,4.125,64.0
-0.10482006229520752,2.30649017013391,2,Konservatif HNW (Grup 3),255000,224.0,4.0,36.413
0.5202826805323959,2.3792571836848175,2,Konservatif HNW (Grup 3),115000,172.0,2.625,27.0
-1.034442619789412,-1.4998371082195083,1,Peminjam Agresif (Grup 2),105000,109.0,7.875,81.234
-1.4992275043621262,-0.8588889255332127,2,Konservatif HNW (Grup 3),35000,40.0,6.25,84.0
-0.1933148201102026,-0.9248857506090095,1,Peminjam Agresif (Grup 2),255000,74.0,4.75,96.2
-0.15534362647156036,-1.2633337211487583,1,Peminjam Agresif (Grup 2),325000,110.0,6.375,95.0
0.8237295547090158,2.4922202018536073,2,Konservatif HNW (Grup 3),295000,152.0,2.25,30.0
0.10151609301455054,-0.20018900201860518,1,Peminjam Agresif (Grup 2),255000,95.0,6.49,53.056
-1.2363761674365883,-0.3216496473205298,2,Konservatif HNW (Grup 3),215000,39.0,4.25,96.5
-1.1727351865386175,-1.5184540825977362,1,Peminjam Agresif (Grup 2),45000,136.0,8.0,90.0
0.049806726028179454,-0.9694570323089113,1,Peminjam Agresif (Grup 2),325000,64.0,4.875,96.5
-1.1698496125521836,-0.35403525706116634,2,Konservatif HNW (Grup 3),265000,56.0,4.5,100.574
-0.9211906427990563,-0.16171369746222544,1,Peminjam Agresif (Grup 2),185000,56.0,4.74,67.601
-0.8420260709726689,-0.6413208983951859,2,Konservatif HNW (Grup 3),175000,67.0,5.9,87.494
-0.06615651701014545,-0.9110218194843549,1,Peminjam Agresif (Grup 2),345000,69.0,3.625,100.428
-1.5366921497452255,-1.2577817983969783,2,Konservatif HNW (Grup 3),135000,71.0,6.5,100.0
-0.10944659562093732,-0.31314003412616737,2,Konservatif HNW (Grup 3),205000,77.0,4.75,100.0
0.24176811287016917,0.21362294107365784,1,Peminjam Agresif (Grup 2),185000,97.0,5.75,59.21
